student_id,user_id,full_name,email,gender,college_id,college_name,college_short_code,year_of_study,graduation_year,degree,department,cgpa,career_domain,career_goal,primary_skill,skills,preferred_team_roles,hackathons_participated,hackathons_finalist,hackathons_won,total_projects,successful_projects,project_domains,team_leadership_experience,availability,collaboration_mode,city,languages,github_url,linkedin_url,bio,verification_status,profile_visibility,open_to_team_requests,teammate_rating,response_rate_percent,created_at
1001,usr-stu-1001,Sayan Roy,student1001@bridgeup.example,Male,1,Institute of Engineering and Management,IEM,1,2030,B.Tech,Electronics and Communication Engineering,8.02,Embedded / Robotics,Build expertise in Embedded / Robotics and contribute to impactful technology projects,C,C;Arduino;Verilog;ROS;Embedded Systems;Blockchain;Flutter,ML Engineer;Business Analyst,3,0,0,7,3,AI for Social Good;Accessibility,true,Available,Weekend mornings,Any,Kolkata,English;Hindi;Bengali,https://github.com/bridgeup-demo/sayan-paul-1001,https://www.linkedin.com/in/sayan-paul-1001,1st year Electronics and Communication Engineering student interested in AI for Social Good and collaborative hackathon teams.,Verified,Platform members,Yes,3.9,77,2026-02-06T10:00:00Z
1002,usr-stu-1002,Sayan Pal,student1002@bridgeup.example,Male,1,Institute of Engineering and Management,IEM,3,2028,B.Tech,CSE (IoT),8.32,IoT / Embedded Systems,Build expertise in IoT / Embedded Systems and contribute to impactful technology projects,Arduino,Arduino;MQTT;ESP32;C;Embedded Systems;IoT;Solidity;Kubernetes;Go;UI/UX,Researcher;Cybersecurity Engineer,3,1,0,6,5,FinTech;Open Innovation,true,Available,Flexible,Hybrid,Kolkata,English;Hindi,https://github.com/bridgeup-demo/sayan-roy-1002,https://www.linkedin.com/in/sayan-roy-1002,3rd year CSE (IoT) student interested in FinTech and collaborative hackathon teams.,Verified,Platform members,Yes,3.8,92,2026-07-04T10:00:00Z
1003,usr-stu-1003,Sanjana Nandi,student1003@bridgeup.example,Female,1,Institute of Engineering and Management,IEM,4,2027,B.Tech,CSE (AI and ML),6.82,AI / Machine Learning,Build expertise in AI / Machine Learning and contribute to impactful technology projects,NLP,NLP;Python;Machine Learning;TensorFlow;FastAPI;Rust,ML Engineer;Data Scientist,4,1,0,3,1,Disaster Management;Robotics,true,Available,Weekend mornings,In-person,Kolkata,English;Bengali;Odia,https://github.com/bridgeup-demo/sanjana-dey-1003,https://www.linkedin.com/in/sanjana-dey-1003,4th year CSE (AI and ML) student interested in Disaster Management and collaborative hackathon teams.,Verified,Platform members,Yes,4.7,93,2026-02-12T10:00:00Z
1004,usr-stu-1004,Sayan Bose,student1004@bridgeup.example,Male,1,Institute of Engineering and Management,IEM,2,2029,B.Tech,Computer Science and Engineering,7.58,Software Engineering,Build expertise in Software Engineering and contribute to impactful technology projects,Algorithms,Algorithms;Git;C++;Python;Spring Boot;Kotlin;OpenCV,Product Manager;ML Engineer,2,1,0,1,1,Agriculture;Healthcare,false,Available,Weekends,Remote,Kolkata,English;Hindi;Bengali,https://github.com/bridgeup-demo/sayan-roy-1004,https://www.linkedin.com/in/sayan-roy-1004,2nd year Computer Science and Engineering student interested in Agriculture and collaborative hackathon teams.,Verified,Platform members,Yes,4.0,98,2026-04-28T10:00:00Z
1005,usr-stu-1005,Ahona Sen,student1005@bridgeup.example,Female,1,Institute of Engineering and Management,IEM,4,2027,B.Tech,Computer Science and Engineering,9.06,Software Engineering,Build expertise in Software Engineering and contribute to impactful technology projects,Algorithms,Algorithms;Java;System Design;SQL;Data Structures;Next.js;UI/UX;Scikit-learn;FastAPI,Full Stack Developer;Backend Developer,3,0,0,10,0,Disaster Management;IoT,true,Available,Flexible,Hybrid,Kolkata,English;Hindi;Bengali,https://github.com/bridgeup-demo/ahona-sen-1005,https://www.linkedin.com/in/ahona-sen-1005,4th year Computer Science and Engineering student interested in Disaster Management and collaborative hackathon teams.,Verified,Platform members,Yes,5.0,85,2026-08-19T10:00:00Z
1006,usr-stu-1006,Sayan Das,student1006@bridgeup.example,Male,1,Institute of Engineering and Management,IEM,1,2030,B.Tech,Information Technology,8.90,Web / Cloud,Build expertise in Web / Cloud and contribute to impactful technology projects,TypeScript,TypeScript;JavaScript;Node.js;React;Express;Kubernetes;REST APIs;Flutter;Firebase,Business Analyst;Frontend Developer,8,2,0,5,1,Open Innovation;Sustainability,true,Available,Weekends,Hybrid,Kolkata,English;Bengali,https://github.com/bridgeup-demo/sayan-bhattacharya-1006,https://www.linkedin.com/in/sayan-bhattacharya-1006,1st year Information Technology student interested in Open Innovation and collaborative hackathon teams.,Verified,Platform members,Yes,3.8,73,2026-01-06T10:00:00Z
1007,usr-stu-1007,Arpita Bose,student1007@bridgeup.example,Female,1,Institute of Engineering and Management,IEM,4,2027,B.Tech,CSE (IoT),8.64,IoT / Embedded Systems,Build expertise in IoT / Embedded Systems and contribute to impactful technology projects,ESP32,ESP32;PCB Design;IoT;MQTT;C++;Arduino;UI/UX;Spring Boot,Robotics Engineer;Pitch and Presentation Lead,5,3,0,6,3,AI for Social Good;FinTech,true,Available,Weekend mornings,Remote,Kolkata,English;Hindi,https://github.com/bridgeup-demo/arpita-nandi-1007,https://www.linkedin.com/in/arpita-nandi-1007,4th year CSE (IoT) student interested in AI for Social Good and collaborative hackathon teams.,Verified,Platform members,Yes,4.2,100,2026-08-12T10:00:00Z
1008,usr-stu-1008,Trisha Pal,student1008@bridgeup.example,Female,1,Institute of Engineering and Management,IEM,2,2029,B.Tech,CSE (AI and ML),9.78,AI / Machine Learning,Build expertise in AI / Machine Learning and contribute to impactful technology projects,Deep Learning,Deep Learning;NLP;PyTorch;Computer Vision;Python;Azure;Django;Redis;UI/UX,Full Stack Developer;Mobile App Developer,2,1,0,2,1,Healthcare;Web3,false,Available,Weekend mornings,Any,Kolkata,English;Hindi,https://github.com/bridgeup-demo/trisha-bose-1008,https://www.linkedin.com/in/trisha-bose-1008,2nd year CSE (AI and ML) student interested in Healthcare and collaborative hackathon teams.,Verified,Platform members,Yes,3.7,95,2026-03-17T10:00:00Z
1009,usr-stu-1009,Aarav Bose,student1009@bridgeup.example,Male,1,Institute of Engineering and Management,IEM,1,2030,B.Tech,CSE (IoT),9.01,IoT / Embedded Systems,Build expertise in IoT / Embedded Systems and contribute to impactful technology projects,MQTT,MQTT;Embedded Systems;ESP32;IoT;C++;Arduino;Redis;Django,Robotics Engineer;Business Analyst,5,4,0,7,2,Cybersecurity;Agriculture,true,Available,Weekday evenings,Hybrid,Kolkata,English;Hindi;Tamil,https://github.com/bridgeup-demo/aarav-singh-1009,https://www.linkedin.com/in/aarav-singh-1009,1st year CSE (IoT) student interested in Cybersecurity and collaborative hackathon teams.,Verified,Platform members,Yes,4.3,79,2026-02-22T10:00:00Z
1010,usr-stu-1010,Poulomi Mitra,student1010@bridgeup.example,Female,1,Institute of Engineering and Management,IEM,4,2027,B.Tech,Information Technology,8.18,Web / Cloud,Build expertise in Web / Cloud and contribute to impactful technology projects,AWS,AWS;TypeScript;PostgreSQL;Node.js;React;Docker;Django;Azure;FastAPI,Backend Developer;UI/UX Designer,2,0,0,3,3,Accessibility;Agriculture,false,Available,Flexible,Hybrid,Kolkata,English;Hindi;Bengali,https://github.com/bridgeup-demo/poulomi-singh-1010,https://www.linkedin.com/in/poulomi-singh-1010,4th year Information Technology student interested in Accessibility and collaborative hackathon teams.,Verified,Platform members,Yes,4.6,85,2026-01-05T10:00:00Z
1011,usr-stu-1011,Shreya Das,student1011@bridgeup.example,Female,1,Institute of Engineering and Management,IEM,1,2030,B.Tech,Computer Science and Engineering,6.51,Software Engineering,Build expertise in Software Engineering and contribute to impactful technology projects,System Design,System Design;C++;Algorithms;Git;Go;Swift;MongoDB,Cloud/DevOps Engineer;Embedded Systems Engineer,7,0,0,7,6,FinTech;Accessibility,true,Available,Friday and weekends,Hybrid,Kolkata,English;Bengali,https://github.com/bridgeup-demo/shreya-saha-1011,https://www.linkedin.com/in/shreya-saha-1011,1st year Computer Science and Engineering student interested in FinTech and collaborative hackathon teams.,Verified,Platform members,Yes,3.6,81,2026-02-04T10:00:00Z
1012,usr-stu-1012,Utsav Bose,student1012@bridgeup.example,Male,1,Institute of Engineering and Management,IEM,3,2028,BBA,Business Administration,8.05,Product / Business,Build expertise in Product / Business and contribute to impactful technology projects,Agile,Agile;Communication;Product Management;Business Analysis;Excel;Market Research;Flutter;LangChain,Product Manager;Embedded Systems Engineer,5,2,0,9,9,Smart Cities;Web3,true,Available,Weekday evenings,In-person,Kolkata,English;Hindi;Bengali,https://github.com/bridgeup-demo/utsav-dhar-1012,https://www.linkedin.com/in/utsav-dhar-1012,3rd year Business Administration student interested in Smart Cities and collaborative hackathon teams.,Verified,Platform members,Yes,3.8,85,2026-04-22T10:00:00Z
1013,usr-stu-1013,Ishita Saha,student1013@bridgeup.example,Female,1,Institute of Engineering and Management,IEM,4,2027,BBA,Business Administration,7.45,Product / Business,Build expertise in Product / Business and contribute to impactful technology projects,SQL,SQL;Excel;Figma;Market Research;Product Management;Agile;Solidity,UI/UX Designer;Data Scientist,3,3,1,8,3,Robotics;Smart Cities,true,Available,Flexible,Any,Kolkata,English;Hindi;Tamil,https://github.com/bridgeup-demo/ishita-karmakar-1013,https://www.linkedin.com/in/ishita-karmakar-1013,4th year Business Administration student interested in Robotics and collaborative hackathon teams.,Verified,Platform members,Yes,3.9,87,2026-08-02T10:00:00Z
1014,usr-stu-1014,Koyel Dey,student1014@bridgeup.example,Female,1,Institute of Engineering and Management,IEM,1,2030,B.Tech,CSE (AI and ML),7.16,AI / Machine Learning,Build expertise in AI / Machine Learning and contribute to impactful technology projects,PyTorch,PyTorch;TensorFlow;Machine Learning;Computer Vision;NLP;Cybersecurity;Azure;GraphQL;Rust,Frontend Developer;UI/UX Designer,8,4,0,6,3,Accessibility;AI for Social Good,true,Available,Weekday evenings,Hybrid,Kolkata,English;Bengali;Odia,https://github.com/bridgeup-demo/koyel-chatterjee-1014,https://www.linkedin.com/in/koyel-chatterjee-1014,1st year CSE (AI and ML) student interested in Accessibility and collaborative hackathon teams.,Verified,Platform members,Yes,4.5,95,2026-07-20T10:00:00Z
1015,usr-stu-1015,Ayan Bhattacharya,student1015@bridgeup.example,Male,1,Institute of Engineering and Management,IEM,4,2027,BBA,Business Administration,7.98,Product / Business,Build expertise in Product / Business and contribute to impactful technology projects,Communication,Communication;Product Management;Agile;Excel;Market Research;REST APIs;Go,Mobile App Developer;Cybersecurity Engineer,4,1,1,8,2,Open Innovation;Accessibility,true,Available,Weekday evenings,Any,Kolkata,English;Bengali;Odia,https://github.com/bridgeup-demo/ayan-chatterjee-1015,https://www.linkedin.com/in/ayan-chatterjee-1015,4th year Business Administration student interested in Open Innovation and collaborative hackathon teams.,Verified,Platform members,Yes,3.7,73,2026-07-18T10:00:00Z
1016,usr-stu-1016,Shreya Mitra,student1016@bridgeup.example,Female,1,Institute of Engineering and Management,IEM,2,2029,B.Sc.,Data Science,6.95,Data Science,Build expertise in Data Science and contribute to impactful technology projects,Pandas,Pandas;Power BI;Tableau;SQL;MongoDB;Solidity;FastAPI,Backend Developer;Product Manager,1,0,0,6,6,Open Innovation;FinTech,true,Available,Weekends,Any,Kolkata,English;Hindi;Bengali,https://github.com/bridgeup-demo/shreya-mitra-1016,https://www.linkedin.com/in/shreya-mitra-1016,2nd year Data Science student interested in Open Innovation and collaborative hackathon teams.,Verified,Platform members,Yes,4.1,93,2026-06-26T10:00:00Z
1017,usr-stu-1017,Ankita Nandi,student1017@bridgeup.example,Female,1,Institute of Engineering and Management,IEM,2,2029,B.Sc.,Data Science,8.48,Data Science,Build expertise in Data Science and contribute to impactful technology projects,Power BI,Power BI;Machine Learning;NumPy;Statistics;Python;GraphQL;Django;Cybersecurity;Swift,Business Analyst;Full Stack Developer,5,4,0,7,7,Robotics;Sustainability,true,Available,Weekday evenings,Any,Kolkata,English;Bengali;Odia,https://github.com/bridgeup-demo/ankita-mukherjee-1017,https://www.linkedin.com/in/ankita-mukherjee-1017,2nd year Data Science student interested in Robotics and collaborative hackathon teams.,Verified,Platform members,Yes,4.7,88,2026-02-10T10:00:00Z
1018,usr-stu-1018,Rahul Das,student1018@bridgeup.example,Male,1,Institute of Engineering and Management,IEM,3,2028,B.Tech,CSE (IoT),8.97,IoT / Embedded Systems,Build expertise in IoT / Embedded Systems and contribute to impactful technology projects,PCB Design,PCB Design;C++;ESP32;Embedded Systems;Arduino;C;LangChain;Blockchain;Redis;Django,Frontend Developer;Backend Developer,4,0,0,2,1,Disaster Management;Open Innovation,true,Available,Flexible,In-person,Kolkata,English;Bengali;Odia,https://github.com/bridgeup-demo/rahul-majumdar-1018,https://www.linkedin.com/in/rahul-majumdar-1018,3rd year CSE (IoT) student interested in Disaster Management and collaborative hackathon teams.,Verified,Platform members,Yes,4.0,87,2026-03-25T10:00:00Z
1019,usr-stu-1019,Utsav Sarkar,student1019@bridgeup.example,Male,1,Institute of Engineering and Management,IEM,3,2028,BBA,Business Administration,6.73,Product / Business,Build expertise in Product / Business and contribute to impactful technology projects,Figma,Figma;Excel;Business Analysis;Agile;Product Management;Market Research;Redis;UI/UX,Backend Developer;Robotics Engineer,7,2,0,9,0,Robotics;Accessibility,true,Available,Friday and weekends,Hybrid,Kolkata,English;Hindi;Bengali,https://github.com/bridgeup-demo/utsav-banerjee-1019,https://www.linkedin.com/in/utsav-banerjee-1019,3rd year Business Administration student interested in Robotics and collaborative hackathon teams.,Verified,Platform members,Yes,4.5,95,2026-07-01T10:00:00Z
1020,usr-stu-1020,Ishaan Singh,student1020@bridgeup.example,Male,1,Institute of Engineering and Management,IEM,1,2030,B.Tech,Computer Science and Engineering,8.84,Software Engineering,Build expertise in Software Engineering and contribute to impactful technology projects,Algorithms,Algorithms;SQL;Git;Data Structures;Linux;Next.js;REST APIs;Swift,UI/UX Designer;Product Manager,6,3,2,4,1,Agriculture;AI for Social Good,true,Available,Flexible,Remote,Kolkata,English;Hindi;Tamil,https://github.com/bridgeup-demo/ishaan-karmakar-1020,https://www.linkedin.com/in/ishaan-karmakar-1020,1st year Computer Science and Engineering student interested in Agriculture and collaborative hackathon teams.,Verified,Platform members,Yes,4.6,86,2026-05-28T10:00:00Z
1021,usr-stu-1021,Suvam Bose,student1021@bridgeup.example,Male,1,Institute of Engineering and Management,IEM,4,2027,B.Tech,Electrical Engineering,9.42,Hardware / Energy,Build expertise in Hardware / Energy and contribute to impactful technology projects,Renewable Energy,Renewable Energy;MATLAB;Power Systems;Control Systems;FastAPI;OpenCV;Rust;Next.js,UI/UX Designer;ML Engineer,1,1,0,8,7,AI for Social Good;Smart Cities,true,Available,Friday and weekends,In-person,Kolkata,English;Bengali;Odia,https://github.com/bridgeup-demo/suvam-sen-1021,https://www.linkedin.com/in/suvam-sen-1021,4th year Electrical Engineering student interested in AI for Social Good and collaborative hackathon teams.,Verified,Platform members,Yes,4.1,83,2026-01-12T10:00:00Z
1022,usr-stu-1022,Riya Paul,student1022@bridgeup.example,Female,1,Institute of Engineering and Management,IEM,1,2030,B.Tech,Electrical Engineering,7.56,Hardware / Energy,Build expertise in Hardware / Energy and contribute to impactful technology projects,Control Systems,Control Systems;Renewable Energy;Python;Power Systems;LangChain;Spring Boot,Cybersecurity Engineer;ML Engineer,6,3,0,5,2,Healthcare;Accessibility,true,Available,Weekday evenings,Remote,Kolkata,English;Bengali;Odia,https://github.com/bridgeup-demo/riya-majumdar-1022,https://www.linkedin.com/in/riya-majumdar-1022,1st year Electrical Engineering student interested in Healthcare and collaborative hackathon teams.,Verified,Platform members,Yes,4.3,99,2026-07-08T10:00:00Z
1023,usr-stu-1023,Utsav Das,student1023@bridgeup.example,Male,1,Institute of Engineering and Management,IEM,4,2027,B.Sc.,Data Science,7.62,Data Science,Build expertise in Data Science and contribute to impactful technology projects,NumPy,NumPy;Statistics;SQL;Power BI;Pandas;Python;Cybersecurity;Next.js;REST APIs,Researcher;Backend Developer,3,0,0,10,3,Web3;Open Innovation,true,Available,Weekend mornings,Any,Kolkata,English;Bengali;Odia,https://github.com/bridgeup-demo/utsav-singh-1023,https://www.linkedin.com/in/utsav-singh-1023,4th year Data Science student interested in Web3 and collaborative hackathon teams.,Verified,Platform members,Yes,4.5,82,2026-08-12T10:00:00Z
1024,usr-stu-1024,Neel Banerjee,student1024@bridgeup.example,Male,1,Institute of Engineering and Management,IEM,2,2029,B.Sc.,Data Science,8.77,Data Science,Build expertise in Data Science and contribute to impactful technology projects,Pandas,Pandas;NumPy;SQL;Tableau;Statistics;Python;GraphQL;Django,Robotics Engineer;Frontend Developer,5,0,0,7,3,FinTech;Accessibility,true,Available,Friday and weekends,Remote,Kolkata,English;Hindi;Tamil,https://github.com/bridgeup-demo/neel-chakraborty-1024,https://www.linkedin.com/in/neel-chakraborty-1024,2nd year Data Science student interested in FinTech and collaborative hackathon teams.,Verified,Platform members,Yes,4.7,73,2026-03-16T10:00:00Z
1025,usr-stu-1025,Esha Nandi,student1025@bridgeup.example,Female,1,Institute of Engineering and Management,IEM,3,2028,B.Tech,Information Technology,7.54,Web / Cloud,Build expertise in Web / Cloud and contribute to impactful technology projects,Express,Express;React;TypeScript;AWS;JavaScript;Swift;MongoDB,Robotics Engineer;Business Analyst,2,1,1,8,1,Accessibility;Agriculture,true,Available,Flexible,In-person,Kolkata,English;Hindi;Bengali,https://github.com/bridgeup-demo/esha-guha-1025,https://www.linkedin.com/in/esha-guha-1025,3rd year Information Technology student interested in Accessibility and collaborative hackathon teams.,Verified,Platform members,Yes,4.7,79,2026-06-10T10:00:00Z
1026,usr-stu-1026,Arjun Bhattacharya,student1026@bridgeup.example,Male,1,Institute of Engineering and Management,IEM,2,2029,B.Tech,CSE (AI and ML),7.61,AI / Machine Learning,Build expertise in AI / Machine Learning and contribute to impactful technology projects,NLP,NLP;Computer Vision;TensorFlow;Python;Deep Learning;Pandas;Solidity;Spring Boot;MongoDB;Next.js,Backend Developer;Full Stack Developer,5,0,0,3,0,Open Innovation;Accessibility,true,Available,Weekend mornings,Hybrid,Kolkata,English;Hindi;Tamil,https://github.com/bridgeup-demo/arjun-sarkar-1026,https://www.linkedin.com/in/arjun-sarkar-1026,2nd year CSE (AI and ML) student interested in Open Innovation and collaborative hackathon teams.,Verified,Platform members,Yes,4.7,99,2026-09-12T10:00:00Z
1027,usr-stu-1027,Megha Dhar,student1027@bridgeup.example,Female,1,Institute of Engineering and Management,IEM,4,2027,B.Tech,Electronics and Communication Engineering,9.39,Embedded / Robotics,Build expertise in Embedded / Robotics and contribute to impactful technology projects,Arduino,Arduino;Verilog;MATLAB;C;Spring Boot;UI/UX,Backend Developer;Researcher,6,0,0,4,4,Open Innovation;Agriculture,true,Available,Weekday evenings,Remote,Kolkata,English;Bengali;Odia,https://github.com/bridgeup-demo/megha-dey-1027,https://www.linkedin.com/in/megha-dey-1027,4th year Electronics and Communication Engineering student interested in Open Innovation and collaborative hackathon teams.,Verified,Platform members,Yes,4.8,77,2026-01-07T10:00:00Z
1028,usr-stu-1028,Rahul Banerjee,student1028@bridgeup.example,Male,1,Institute of Engineering and Management,IEM,1,2030,B.Tech,Electrical Engineering,7.88,Hardware / Energy,Build expertise in Hardware / Energy and contribute to impactful technology projects,Control Systems,Control Systems;Power Systems;IoT;MATLAB;Python;Azure;Solidity;Redis;Spring Boot,Full Stack Developer;Frontend Developer,1,1,1,6,5,Sustainability;AI for Social Good,true,Available,Weekends,Remote,Kolkata,English;Hindi;Tamil,https://github.com/bridgeup-demo/rahul-sarkar-1028,https://www.linkedin.com/in/rahul-sarkar-1028,1st year Electrical Engineering student interested in Sustainability and collaborative hackathon teams.,Verified,Platform members,Yes,4.2,98,2026-07-04T10:00:00Z
1029,usr-stu-1029,Diya Bhattacharya,student1029@bridgeup.example,Female,1,Institute of Engineering and Management,IEM,1,2030,B.Tech,Computer Science and Engineering,8.48,Software Engineering,Build expertise in Software Engineering and contribute to impactful technology projects,System Design,System Design;Data Structures;Algorithms;C++;SQL;Git;Figma;GCP;Spring Boot,Researcher;ML Engineer,6,3,0,4,1,Accessibility;IoT,true,Available,Weekend mornings,Any,Kolkata,English;Hindi;Tamil,https://github.com/bridgeup-demo/diya-bhattacharya-1029,https://www.linkedin.com/in/diya-bhattacharya-1029,1st year Computer Science and Engineering student interested in Accessibility and collaborative hackathon teams.,Verified,Platform members,Yes,4.8,92,2026-08-22T10:00:00Z
1030,usr-stu-1030,Avery Bhattacharya,student1030@bridgeup.example,Prefer not to say,1,Institute of Engineering and Management,IEM,1,2030,BBA,Business Administration,8.78,Product / Business,Build expertise in Product / Business and contribute to impactful technology projects,Excel,Excel;Agile;Market Research;Business Analysis;Product Management;SQL;Swift;Figma,Product Manager;Cloud/DevOps Engineer,2,1,1,0,0,Healthcare;Disaster Management,false,Available,Flexible,Hybrid,Kolkata,English;Hindi,https://github.com/bridgeup-demo/avery-bhattacharya-1030,https://www.linkedin.com/in/avery-bhattacharya-1030,1st year Business Administration student interested in Healthcare and collaborative hackathon teams.,Verified,Platform members,Yes,4.1,76,2026-02-25T10:00:00Z
1031,usr-stu-1031,Rohan Bose,student1031@bridgeup.example,Male,1,Institute of Engineering and Management,IEM,2,2029,B.Tech,Electrical Engineering,9.25,Hardware / Energy,Build expertise in Hardware / Energy and contribute to impactful technology projects,Circuit Design,Circuit Design;AutoCAD;MATLAB;Python;IoT;Control Systems;Scikit-learn;LangChain,Business Analyst;ML Engineer,7,0,0,5,3,Healthcare;Sustainability,true,Available,Weekends,In-person,Kolkata,English;Bengali;Odia,https://github.com/bridgeup-demo/rohan-dey-1031,https://www.linkedin.com/in/rohan-dey-1031,2nd year Electrical Engineering student interested in Healthcare and collaborative hackathon teams.,Verified,Platform members,Yes,4.6,92,2026-02-05T10:00:00Z
1032,usr-stu-1032,Tania Karmakar,student1032@bridgeup.example,Female,1,Institute of Engineering and Management,IEM,2,2029,B.Tech,Information Technology,8.48,Web / Cloud,Build expertise in Web / Cloud and contribute to impactful technology projects,PostgreSQL,PostgreSQL;TypeScript;JavaScript;Docker;Express;React;Spring Boot;Kotlin,Mobile App Developer;Embedded Systems Engineer,7,3,2,8,7,Agriculture;EdTech,true,Available,Friday and weekends,Hybrid,Kolkata,English;Hindi;Bengali,https://github.com/bridgeup-demo/tania-karmakar-1032,https://www.linkedin.com/in/tania-karmakar-1032,2nd year Information Technology student interested in Agriculture and collaborative hackathon teams.,Verified,Platform members,Yes,3.9,94,2026-01-03T10:00:00Z
1033,usr-stu-1033,Samar Saha,student1033@bridgeup.example,Non-binary,1,Institute of Engineering and Management,IEM,1,2030,B.Tech,Computer Science and Engineering,7.20,Software Engineering,Build expertise in Software Engineering and contribute to impactful technology projects,SQL,SQL;Algorithms;C++;Python;Cybersecurity;FastAPI,Pitch and Presentation Lead;ML Engineer,8,1,0,5,5,Healthcare;Accessibility,true,Available,Weekends,Any,Kolkata,English;Bengali,https://github.com/bridgeup-demo/samar-roy-1033,https://www.linkedin.com/in/samar-roy-1033,1st year Computer Science and Engineering student interested in Healthcare and collaborative hackathon teams.,Verified,Platform members,Yes,4.9,85,2026-03-14T10:00:00Z
1034,usr-stu-1034,Srija Mukherjee,student1034@bridgeup.example,Female,1,Institute of Engineering and Management,IEM,2,2029,B.Tech,CSE (IoT),7.54,IoT / Embedded Systems,Build expertise in IoT / Embedded Systems and contribute to impactful technology projects,IoT,IoT;C;Embedded Systems;ESP32;C++;REST APIs;Generative AI;Django,Data Scientist;Backend Developer,8,4,0,2,1,EdTech;Agriculture,true,Available,Weekday evenings,Remote,Kolkata,English;Bengali;Odia,https://github.com/bridgeup-demo/srija-majumdar-1034,https://www.linkedin.com/in/srija-majumdar-1034,2nd year CSE (IoT) student interested in EdTech and collaborative hackathon teams.,Verified,Platform members,Yes,3.8,84,2026-04-01T10:00:00Z
1035,usr-stu-1035,Aritra Sarkar,student1035@bridgeup.example,Male,1,Institute of Engineering and Management,IEM,4,2027,B.Tech,CSE (AI and ML),9.78,AI / Machine Learning,Build expertise in AI / Machine Learning and contribute to impactful technology projects,Deep Learning,Deep Learning;Computer Vision;Pandas;Python;TensorFlow;Solidity;Scikit-learn;GCP;Redis,Business Analyst;Embedded Systems Engineer,6,0,0,3,0,Cybersecurity;Disaster Management,true,Available,Friday and weekends,Any,Kolkata,English;Hindi;Bengali,https://github.com/bridgeup-demo/aritra-dey-1035,https://www.linkedin.com/in/aritra-dey-1035,4th year CSE (AI and ML) student interested in Cybersecurity and collaborative hackathon teams.,Verified,Platform members,Yes,3.8,83,2026-03-19T10:00:00Z
1036,usr-stu-1036,Tania Ghosh,student1036@bridgeup.example,Female,1,Institute of Engineering and Management,IEM,1,2030,B.Tech,Information Technology,7.38,Web / Cloud,Build expertise in Web / Cloud and contribute to impactful technology projects,Docker,Docker;React;Node.js;JavaScript;Express;AWS;Generative AI;Solidity;Scikit-learn,Business Analyst;Cloud/DevOps Engineer,6,3,0,2,2,FinTech;Healthcare,true,Available,Weekday evenings,In-person,Kolkata,English;Hindi;Tamil,https://github.com/bridgeup-demo/tania-chakraborty-1036,https://www.linkedin.com/in/tania-chakraborty-1036,1st year Information Technology student interested in FinTech and collaborative hackathon teams.,Verified,Platform members,Yes,4.8,90,2026-09-18T10:00:00Z
1037,usr-stu-1037,Anirban Guha,student1037@bridgeup.example,Male,1,Institute of Engineering and Management,IEM,1,2030,B.Tech,Computer Science and Engineering,9.43,Software Engineering,Build expertise in Software Engineering and contribute to impactful technology projects,Git,Git;Data Structures;Java;SQL;C++;Algorithms;Blockchain;Swift,UI/UX Designer;Robotics Engineer,4,0,0,3,2,Healthcare;AI for Social Good,true,Available,Weekends,Any,Kolkata,English;Hindi;Tamil,https://github.com/bridgeup-demo/anirban-chatterjee-1037,https://www.linkedin.com/in/anirban-chatterjee-1037,1st year Computer Science and Engineering student interested in Healthcare and collaborative hackathon teams.,Verified,Platform members,Yes,4.9,83,2026-01-01T10:00:00Z
1038,usr-stu-1038,Arjun Pal,student1038@bridgeup.example,Male,1,Institute of Engineering and Management,IEM,1,2030,B.Tech,Electrical Engineering,8.18,Hardware / Energy,Build expertise in Hardware / Energy and contribute to impactful technology projects,Control Systems,Control Systems;AutoCAD;Circuit Design;Renewable Energy;Power Systems;Firebase;FastAPI;Kotlin,Backend Developer;Embedded Systems Engineer,2,2,0,3,1,IoT;FinTech,false,Available,Friday and weekends,Any,Kolkata,English;Hindi;Tamil,https://github.com/bridgeup-demo/arjun-mitra-1038,https://www.linkedin.com/in/arjun-mitra-1038,1st year Electrical Engineering student interested in IoT and collaborative hackathon teams.,Verified,Platform members,Yes,4.7,100,2026-08-18T10:00:00Z
1039,usr-stu-1039,Sanjana Kar,student1039@bridgeup.example,Female,1,Institute of Engineering and Management,IEM,4,2027,B.Sc.,Data Science,9.32,Data Science,Build expertise in Data Science and contribute to impactful technology projects,Python,Python;SQL;Tableau;NumPy;Pandas;Next.js;Scikit-learn;Kubernetes;Spring Boot,Researcher;Embedded Systems Engineer,8,4,0,3,2,IoT;Agriculture,true,Available,Weekend mornings,Remote,Kolkata,English;Bengali;Odia,https://github.com/bridgeup-demo/sanjana-nandi-1039,https://www.linkedin.com/in/sanjana-nandi-1039,4th year Data Science student interested in IoT and collaborative hackathon teams.,Verified,Platform members,Yes,4.7,80,2026-09-03T10:00:00Z
1040,usr-stu-1040,Megha Roy,student1040@bridgeup.example,Female,1,Institute of Engineering and Management,IEM,1,2030,B.Tech,Information Technology,7.07,Web / Cloud,Build expertise in Web / Cloud and contribute to impactful technology projects,PostgreSQL,PostgreSQL;Docker;TypeScript;JavaScript;OpenCV;Scikit-learn;Flutter;Rust,Robotics Engineer;Full Stack Developer,6,0,0,3,0,Open Innovation;Sustainability,true,Available,Weekends,Hybrid,Kolkata,English;Bengali,https://github.com/bridgeup-demo/megha-sen-1040,https://www.linkedin.com/in/megha-sen-1040,1st year Information Technology student interested in Open Innovation and collaborative hackathon teams.,Verified,Platform members,Yes,4.6,90,2026-08-07T10:00:00Z
1041,usr-stu-1041,Rahul Mitra,student1041@bridgeup.example,Male,1,Institute of Engineering and Management,IEM,2,2029,B.Tech,CSE (IoT),8.04,IoT / Embedded Systems,Build expertise in IoT / Embedded Systems and contribute to impactful technology projects,MQTT,MQTT;Embedded Systems;C;IoT;GraphQL;Figma,Mobile App Developer;Embedded Systems Engineer,6,3,2,8,5,Smart Cities;EdTech,true,Available,Weekends,In-person,Kolkata,English;Hindi,https://github.com/bridgeup-demo/rahul-sen-1041,https://www.linkedin.com/in/rahul-sen-1041,2nd year CSE (IoT) student interested in Smart Cities and collaborative hackathon teams.,Verified,Platform members,Yes,4.5,84,2026-09-23T10:00:00Z
1042,usr-stu-1042,Ishita Kar,student1042@bridgeup.example,Female,1,Institute of Engineering and Management,IEM,1,2030,B.Tech,CSE (AI and ML),9.76,AI / Machine Learning,Build expertise in AI / Machine Learning and contribute to impactful technology projects,Computer Vision,Computer Vision;NLP;Pandas;Deep Learning;MongoDB;Spring Boot;OpenCV,Product Manager;Data Scientist,6,2,2,6,6,Sustainability;EdTech,true,Available,Weekend mornings,In-person,Kolkata,English;Hindi;Bengali,https://github.com/bridgeup-demo/ishita-bhattacharya-1042,https://www.linkedin.com/in/ishita-bhattacharya-1042,1st year CSE (AI and ML) student interested in Sustainability and collaborative hackathon teams.,Verified,Platform members,Yes,4.1,81,2026-02-17T10:00:00Z
1043,usr-stu-1043,Subhajit Dey,student1043@bridgeup.example,Male,1,Institute of Engineering and Management,IEM,2,2029,B.Tech,CSE (AI and ML),6.90,AI / Machine Learning,Build expertise in AI / Machine Learning and contribute to impactful technology projects,TensorFlow,TensorFlow;Machine Learning;Pandas;PyTorch;Deep Learning;Flutter;Kotlin,Product Manager;Cloud/DevOps Engineer,6,2,0,1,1,Sustainability;Robotics,true,Available,Flexible,Hybrid,Kolkata,English;Hindi;Tamil,https://github.com/bridgeup-demo/subhajit-karmakar-1043,https://www.linkedin.com/in/subhajit-karmakar-1043,2nd year CSE (AI and ML) student interested in Sustainability and collaborative hackathon teams.,Verified,Platform members,Yes,4.5,77,2026-03-07T10:00:00Z
1044,usr-stu-1044,Aditya Lahiri,student1044@bridgeup.example,Male,1,Institute of Engineering and Management,IEM,3,2028,B.Sc.,Data Science,9.06,Data Science,Build expertise in Data Science and contribute to impactful technology projects,Statistics,Statistics;Machine Learning;Power BI;NumPy;Tableau;Blockchain;Cybersecurity,Cybersecurity Engineer;Business Analyst,8,1,1,2,0,FinTech;Disaster Management,true,Available,Weekday evenings,Remote,Kolkata,English;Bengali;Odia,https://github.com/bridgeup-demo/aditya-banerjee-1044,https://www.linkedin.com/in/aditya-banerjee-1044,3rd year Data Science student interested in FinTech and collaborative hackathon teams.,Verified,Platform members,Yes,4.5,71,2026-02-07T10:00:00Z
1045,usr-stu-1045,Madhurima Singh,student1045@bridgeup.example,Female,1,Institute of Engineering and Management,IEM,1,2030,B.Sc.,Data Science,8.47,Data Science,Build expertise in Data Science and contribute to impactful technology projects,Power BI,Power BI;NumPy;Tableau;Statistics;SQL;Python;Go;FastAPI,Backend Developer;Pitch and Presentation Lead,6,2,0,6,3,Robotics;Sustainability,true,Available,Weekend mornings,Remote,Kolkata,English;Hindi;Tamil,https://github.com/bridgeup-demo/madhurima-majumdar-1045,https://www.linkedin.com/in/madhurima-majumdar-1045,1st year Data Science student interested in Robotics and collaborative hackathon teams.,Verified,Platform members,Yes,4.3,75,2026-08-02T10:00:00Z
1046,usr-stu-1046,Neel Guha,student1046@bridgeup.example,Male,1,Institute of Engineering and Management,IEM,4,2027,B.Tech,Electrical Engineering,8.11,Hardware / Energy,Build expertise in Hardware / Energy and contribute to impactful technology projects,Power Systems,Power Systems;Circuit Design;Renewable Energy;Control Systems;AutoCAD;MATLAB;Solidity;Firebase,Product Manager;Pitch and Presentation Lead,7,0,0,6,3,Sustainability;Disaster Management,true,Available,Weekends,Remote,Kolkata,English;Hindi;Tamil,https://github.com/bridgeup-demo/neel-saha-1046,https://www.linkedin.com/in/neel-saha-1046,4th year Electrical Engineering student interested in Sustainability and collaborative hackathon teams.,Verified,Platform members,Yes,4.7,72,2026-03-23T10:00:00Z
1047,usr-stu-1047,Pratyay Paul,student1047@bridgeup.example,Male,1,Institute of Engineering and Management,IEM,4,2027,BBA,Business Administration,7.36,Product / Business,Build expertise in Product / Business and contribute to impactful technology projects,Figma,Figma;Excel;Communication;Market Research;Next.js;Go;Rust,Full Stack Developer;ML Engineer,8,0,0,8,2,Sustainability;Accessibility,true,Available,Flexible,In-person,Kolkata,English;Hindi;Bengali,https://github.com/bridgeup-demo/pratyay-das-1047,https://www.linkedin.com/in/pratyay-das-1047,4th year Business Administration student interested in Sustainability and collaborative hackathon teams.,Verified,Platform members,Yes,3.7,99,2026-09-11T10:00:00Z
1048,usr-stu-1048,Ahona Guha,student1048@bridgeup.example,Female,1,Institute of Engineering and Management,IEM,2,2029,B.Tech,Computer Science and Engineering,6.51,Software Engineering,Build expertise in Software Engineering and contribute to impactful technology projects,SQL,SQL;C++;Algorithms;Java;Next.js;Swift;Django,UI/UX Designer;Data Scientist,2,0,0,4,2,Web3;Smart Cities,false,Available,Weekday evenings,Remote,Kolkata,English;Bengali,https://github.com/bridgeup-demo/ahona-sarkar-1048,https://www.linkedin.com/in/ahona-sarkar-1048,2nd year Computer Science and Engineering student interested in Web3 and collaborative hackathon teams.,Verified,Platform members,Yes,4.9,79,2026-03-10T10:00:00Z
1049,usr-stu-1049,Riya Ghosh,student1049@bridgeup.example,Female,1,Institute of Engineering and Management,IEM,4,2027,B.Tech,CSE (AI and ML),9.54,AI / Machine Learning,Build expertise in AI / Machine Learning and contribute to impactful technology projects,Pandas,Pandas;Machine Learning;PyTorch;Computer Vision;Deep Learning;Python;Figma;Go;OpenCV;Spring Boot,Cloud/DevOps Engineer;Mobile App Developer,5,0,0,8,5,EdTech;IoT,true,Available,Weekends,Hybrid,Kolkata,English;Hindi;Bengali,https://github.com/bridgeup-demo/riya-majumdar-1049,https://www.linkedin.com/in/riya-majumdar-1049,4th year CSE (AI and ML) student interested in EdTech and collaborative hackathon teams.,Verified,Platform members,Yes,3.6,93,2026-03-27T10:00:00Z
1050,usr-stu-1050,Shayan Das,student1050@bridgeup.example,Non-binary,1,Institute of Engineering and Management,IEM,4,2027,B.Tech,Computer Science and Engineering,6.69,Software Engineering,Build expertise in Software Engineering and contribute to impactful technology projects,Data Structures,Data Structures;Python;C++;System Design;SQL;Java;Generative AI;Django,Cloud/DevOps Engineer;Full Stack Developer,7,4,0,5,2,Open Innovation;EdTech,true,Available,Weekends,Remote,Kolkata,English;Bengali;Odia,https://github.com/bridgeup-demo/shayan-das-1050,https://www.linkedin.com/in/shayan-das-1050,4th year Computer Science and Engineering student interested in Open Innovation and collaborative hackathon teams.,Verified,Platform members,Yes,4.2,96,2026-01-19T10:00:00Z
1051,usr-stu-1051,Milan Basu,student1051@bridgeup.example,Non-binary,1,Institute of Engineering and Management,IEM,4,2027,B.Tech,Computer Science and Engineering,7.61,Software Engineering,Build expertise in Software Engineering and contribute to impactful technology projects,C++,C++;Java;Algorithms;Data Structures;Python;MongoDB;Cybersecurity;Figma;Kubernetes,Researcher;Cloud/DevOps Engineer,7,2,0,9,3,Robotics;Accessibility,true,Available,Flexible,Hybrid,Kolkata,English;Hindi;Tamil,https://github.com/bridgeup-demo/milan-sen-1051,https://www.linkedin.com/in/milan-sen-1051,4th year Computer Science and Engineering student interested in Robotics and collaborative hackathon teams.,Verified,Platform members,Yes,3.7,83,2026-06-03T10:00:00Z
1052,usr-stu-1052,Pratyay Bose,student1052@bridgeup.example,Male,1,Institute of Engineering and Management,IEM,3,2028,B.Tech,CSE (IoT),7.96,IoT / Embedded Systems,Build expertise in IoT / Embedded Systems and contribute to impactful technology projects,Arduino,Arduino;PCB Design;ESP32;Embedded Systems;IoT;Kotlin;REST APIs,Researcher;ML Engineer,5,3,0,2,0,Open Innovation;IoT,true,Available,Flexible,Any,Kolkata,English;Hindi,https://github.com/bridgeup-demo/pratyay-roy-1052,https://www.linkedin.com/in/pratyay-roy-1052,3rd year CSE (IoT) student interested in Open Innovation and collaborative hackathon teams.,Verified,Platform members,Yes,4.4,98,2026-02-19T10:00:00Z
1053,usr-stu-1053,Shreya Guha,student1053@bridgeup.example,Female,1,Institute of Engineering and Management,IEM,4,2027,BBA,Business Administration,9.46,Product / Business,Build expertise in Product / Business and contribute to impactful technology projects,SQL,SQL;Agile;Business Analysis;Excel;Figma;Product Management;REST APIs;Go;FastAPI;Cybersecurity,Embedded Systems Engineer;Pitch and Presentation Lead,3,0,0,4,1,IoT;Sustainability,false,Available,Weekend mornings,Remote,Kolkata,English;Hindi;Bengali,https://github.com/bridgeup-demo/shreya-banerjee-1053,https://www.linkedin.com/in/shreya-banerjee-1053,4th year Business Administration student interested in IoT and collaborative hackathon teams.,Verified,Platform members,Yes,4.2,88,2026-01-11T10:00:00Z
1054,usr-stu-1054,Riya Chakraborty,student1054@bridgeup.example,Female,1,Institute of Engineering and Management,IEM,3,2028,BBA,Business Administration,8.32,Product / Business,Build expertise in Product / Business and contribute to impactful technology projects,SQL,SQL;Product Management;Agile;Business Analysis;Redis;REST APIs;Flutter,Business Analyst;Full Stack Developer,5,4,1,2,0,Open Innovation;Disaster Management,true,Available,Weekday evenings,Remote,Kolkata,English;Bengali,https://github.com/bridgeup-demo/riya-dey-1054,https://www.linkedin.com/in/riya-dey-1054,3rd year Business Administration student interested in Open Innovation and collaborative hackathon teams.,Verified,Platform members,Yes,4.5,77,2026-04-11T10:00:00Z
1055,usr-stu-1055,Sohini Basu,student1055@bridgeup.example,Female,1,Institute of Engineering and Management,IEM,3,2028,B.Sc.,Data Science,9.63,Data Science,Build expertise in Data Science and contribute to impactful technology projects,Machine Learning,Machine Learning;Tableau;Power BI;NumPy;SQL;Solidity;Spring Boot;Next.js,Backend Developer;Mobile App Developer,2,2,0,9,5,Smart Cities;Robotics,true,Available,Weekday evenings,Remote,Kolkata,English;Hindi;Tamil,https://github.com/bridgeup-demo/sohini-banerjee-1055,https://www.linkedin.com/in/sohini-banerjee-1055,3rd year Data Science student interested in Smart Cities and collaborative hackathon teams.,Verified,Platform members,Yes,4.9,75,2026-09-21T10:00:00Z
1056,usr-stu-1056,Kunal Chakraborty,student1056@bridgeup.example,Male,1,Institute of Engineering and Management,IEM,2,2029,B.Tech,Information Technology,8.61,Web / Cloud,Build expertise in Web / Cloud and contribute to impactful technology projects,PostgreSQL,PostgreSQL;React;Docker;AWS;JavaScript;Node.js;Generative AI;Linux;Swift;Flutter,Embedded Systems Engineer;Business Analyst,8,4,2,4,2,Disaster Management;EdTech,true,Available,Flexible,Hybrid,Kolkata,English;Hindi;Tamil,https://github.com/bridgeup-demo/kunal-bhattacharya-1056,https://www.linkedin.com/in/kunal-bhattacharya-1056,2nd year Information Technology student interested in Disaster Management and collaborative hackathon teams.,Verified,Platform members,Yes,3.7,70,2026-09-13T10:00:00Z
1057,usr-stu-1057,Arjun Lahiri,student1057@bridgeup.example,Male,1,Institute of Engineering and Management,IEM,4,2027,B.Tech,CSE (IoT),7.05,IoT / Embedded Systems,Build expertise in IoT / Embedded Systems and contribute to impactful technology projects,ESP32,ESP32;IoT;C;C++;MQTT;Embedded Systems;Swift;OpenCV,Pitch and Presentation Lead;Mobile App Developer,1,1,0,8,6,EdTech;Smart Cities,true,Available,Flexible,Hybrid,Kolkata,English;Hindi,https://github.com/bridgeup-demo/arjun-saha-1057,https://www.linkedin.com/in/arjun-saha-1057,4th year CSE (IoT) student interested in EdTech and collaborative hackathon teams.,Verified,Platform members,Yes,4.1,85,2026-09-08T10:00:00Z
1058,usr-stu-1058,Shreya Mukherjee,student1058@bridgeup.example,Female,1,Institute of Engineering and Management,IEM,1,2030,B.Tech,Electronics and Communication Engineering,6.55,Embedded / Robotics,Build expertise in Embedded / Robotics and contribute to impactful technology projects,MATLAB,MATLAB;Robotics;ROS;Arduino;Signal Processing;Embedded Systems;OpenCV;Blockchain;Scikit-learn,Mobile App Developer;Product Manager,1,1,1,7,1,Healthcare;Accessibility,true,Available,Weekend mornings,Remote,Kolkata,English;Bengali,https://github.com/bridgeup-demo/shreya-mitra-1058,https://www.linkedin.com/in/shreya-mitra-1058,1st year Electronics and Communication Engineering student interested in Healthcare and collaborative hackathon teams.,Verified,Platform members,Yes,4.3,94,2026-06-24T10:00:00Z
1059,usr-stu-1059,Ari Banerjee,student1059@bridgeup.example,Non-binary,1,Institute of Engineering and Management,IEM,3,2028,B.Tech,Computer Science and Engineering,8.41,Software Engineering,Build expertise in Software Engineering and contribute to impactful technology projects,System Design,System Design;Java;Git;Algorithms;Data Structures;C++;Cybersecurity;Azure,Embedded Systems Engineer;Full Stack Developer,2,1,1,4,3,Smart Cities;Healthcare,false,Available,Flexible,Any,Kolkata,English;Bengali,https://github.com/bridgeup-demo/ari-banerjee-1059,https://www.linkedin.com/in/ari-banerjee-1059,3rd year Computer Science and Engineering student interested in Smart Cities and collaborative hackathon teams.,Verified,Platform members,Yes,4.8,75,2026-03-13T10:00:00Z
1060,usr-stu-1060,Aditi Chatterjee,student1060@bridgeup.example,Female,1,Institute of Engineering and Management,IEM,1,2030,B.Tech,Information Technology,8.69,Web / Cloud,Build expertise in Web / Cloud and contribute to impactful technology projects,Express,Express;JavaScript;Node.js;Docker;React;PostgreSQL;Rust;Generative AI;Figma,Data Scientist;Product Manager,8,2,0,3,3,FinTech;Smart Cities,true,Available,Friday and weekends,Remote,Kolkata,English;Bengali;Odia,https://github.com/bridgeup-demo/aditi-bhattacharya-1060,https://www.linkedin.com/in/aditi-bhattacharya-1060,1st year Information Technology student interested in FinTech and collaborative hackathon teams.,Verified,Platform members,Yes,3.8,96,2026-09-06T10:00:00Z
1061,usr-stu-1061,Ahona Chakraborty,student1061@bridgeup.example,Female,1,Institute of Engineering and Management,IEM,1,2030,BBA,Business Administration,6.87,Product / Business,Build expertise in Product / Business and contribute to impactful technology projects,Market Research,Market Research;SQL;Communication;Figma;Business Analysis;Agile;GCP;Blockchain,Business Analyst;Cybersecurity Engineer,7,3,0,7,3,FinTech;Healthcare,true,Available,Weekday evenings,Remote,Kolkata,English;Hindi,https://github.com/bridgeup-demo/ahona-saha-1061,https://www.linkedin.com/in/ahona-saha-1061,1st year Business Administration student interested in FinTech and collaborative hackathon teams.,Verified,Platform members,Yes,3.7,89,2026-06-15T10:00:00Z
1062,usr-stu-1062,Milan Dey,student1062@bridgeup.example,Non-binary,1,Institute of Engineering and Management,IEM,4,2027,B.Tech,Electronics and Communication Engineering,6.87,Embedded / Robotics,Build expertise in Embedded / Robotics and contribute to impactful technology projects,Robotics,Robotics;Arduino;C;Embedded Systems;ROS;Rust;LangChain,Pitch and Presentation Lead;Mobile App Developer,3,0,0,6,0,Healthcare;Robotics,true,Available,Flexible,Hybrid,Kolkata,English;Hindi;Tamil,https://github.com/bridgeup-demo/milan-lahiri-1062,https://www.linkedin.com/in/milan-lahiri-1062,4th year Electronics and Communication Engineering student interested in Healthcare and collaborative hackathon teams.,Verified,Platform members,Yes,4.2,91,2026-03-04T10:00:00Z
1063,usr-stu-1063,Shreya Mukherjee,student1063@bridgeup.example,Female,1,Institute of Engineering and Management,IEM,2,2029,B.Sc.,Data Science,8.42,Data Science,Build expertise in Data Science and contribute to impactful technology projects,Power BI,Power BI;Python;NumPy;Tableau;Statistics;Spring Boot;Blockchain,Mobile App Developer;Product Manager,7,4,0,6,2,Smart Cities;Healthcare,true,Available,Weekday evenings,Any,Kolkata,English;Bengali,https://github.com/bridgeup-demo/shreya-dhar-1063,https://www.linkedin.com/in/shreya-dhar-1063,2nd year Data Science student interested in Smart Cities and collaborative hackathon teams.,Verified,Platform members,Yes,4.1,82,2026-05-08T10:00:00Z
1064,usr-stu-1064,Sayan Chakraborty,student1064@bridgeup.example,Male,1,Institute of Engineering and Management,IEM,4,2027,B.Tech,Computer Science and Engineering,7.31,Software Engineering,Build expertise in Software Engineering and contribute to impactful technology projects,SQL,SQL;C++;Algorithms;Git;Python;Java;Scikit-learn;GCP;Swift;Rust,Cybersecurity Engineer;Cloud/DevOps Engineer,5,4,0,4,1,AI for Social Good;Open Innovation,true,Available,Weekend mornings,Any,Kolkata,English;Hindi;Tamil,https://github.com/bridgeup-demo/sayan-mitra-1064,https://www.linkedin.com/in/sayan-mitra-1064,4th year Computer Science and Engineering student interested in AI for Social Good and collaborative hackathon teams.,Verified,Platform members,Yes,4.3,100,2026-06-02T10:00:00Z
1065,usr-stu-1065,Neel Karmakar,student1065@bridgeup.example,Male,1,Institute of Engineering and Management,IEM,1,2030,B.Tech,Information Technology,7.12,Web / Cloud,Build expertise in Web / Cloud and contribute to impactful technology projects,PostgreSQL,PostgreSQL;TypeScript;Docker;Node.js;REST APIs;Figma;Flutter;FastAPI,Backend Developer;Full Stack Developer,5,4,0,2,0,Web3;Disaster Management,true,Available,Weekends,Remote,Kolkata,English;Hindi;Tamil,https://github.com/bridgeup-demo/neel-singh-1065,https://www.linkedin.com/in/neel-singh-1065,1st year Information Technology student interested in Web3 and collaborative hackathon teams.,Verified,Platform members,Yes,4.6,81,2026-07-19T10:00:00Z
1066,usr-stu-1066,Aarav Roy,student1066@bridgeup.example,Male,1,Institute of Engineering and Management,IEM,1,2030,B.Sc.,Data Science,7.38,Data Science,Build expertise in Data Science and contribute to impactful technology projects,Statistics,Statistics;Machine Learning;Python;Power BI;Azure;Generative AI;Swift,Business Analyst;UI/UX Designer,6,1,1,6,4,AI for Social Good;Accessibility,true,Available,Flexible,Hybrid,Kolkata,English;Hindi;Tamil,https://github.com/bridgeup-demo/aarav-singh-1066,https://www.linkedin.com/in/aarav-singh-1066,1st year Data Science student interested in AI for Social Good and collaborative hackathon teams.,Verified,Platform members,Yes,4.3,91,2026-08-07T10:00:00Z
1067,usr-stu-1067,Sagnik Saha,student1067@bridgeup.example,Male,1,Institute of Engineering and Management,IEM,3,2028,B.Sc.,Data Science,6.54,Data Science,Build expertise in Data Science and contribute to impactful technology projects,Statistics,Statistics;Python;Power BI;Pandas;Firebase;Linux;REST APIs;Flutter,Business Analyst;Cloud/DevOps Engineer,2,1,1,2,1,AI for Social Good;Open Innovation,false,Available,Weekends,Remote,Kolkata,English;Hindi,https://github.com/bridgeup-demo/sagnik-paul-1067,https://www.linkedin.com/in/sagnik-paul-1067,3rd year Data Science student interested in AI for Social Good and collaborative hackathon teams.,Verified,Platform members,Yes,3.8,91,2026-01-27T10:00:00Z
1068,usr-stu-1068,Sohini Ghosh,student1068@bridgeup.example,Female,1,Institute of Engineering and Management,IEM,2,2029,BBA,Business Administration,8.74,Product / Business,Build expertise in Product / Business and contribute to impactful technology projects,Agile,Agile;Communication;Business Analysis;SQL;Product Management;Blockchain;REST APIs,ML Engineer;Business Analyst,5,1,0,4,1,IoT;AI for Social Good,true,Available,Weekends,Any,Kolkata,English;Bengali,https://github.com/bridgeup-demo/sohini-paul-1068,https://www.linkedin.com/in/sohini-paul-1068,2nd year Business Administration student interested in IoT and collaborative hackathon teams.,Verified,Platform members,Yes,4.7,91,2026-03-15T10:00:00Z
1069,usr-stu-1069,Sohini Das,student1069@bridgeup.example,Female,1,Institute of Engineering and Management,IEM,3,2028,B.Tech,Electronics and Communication Engineering,6.78,Embedded / Robotics,Build expertise in Embedded / Robotics and contribute to impactful technology projects,MATLAB,MATLAB;Arduino;Robotics;C;Signal Processing;Embedded Systems;UI/UX;Flutter,Product Manager;Robotics Engineer,6,3,0,9,8,Robotics;AI for Social Good,true,Available,Weekday evenings,In-person,Kolkata,English;Hindi;Bengali,https://github.com/bridgeup-demo/sohini-bose-1069,https://www.linkedin.com/in/sohini-bose-1069,3rd year Electronics and Communication Engineering student interested in Robotics and collaborative hackathon teams.,Verified,Platform members,Yes,3.6,98,2026-01-19T10:00:00Z
1070,usr-stu-1070,Anirban Bose,student1070@bridgeup.example,Male,1,Institute of Engineering and Management,IEM,1,2030,B.Tech,CSE (AI and ML),8.99,AI / Machine Learning,Build expertise in AI / Machine Learning and contribute to impactful technology projects,Python,Python;Computer Vision;PyTorch;TensorFlow;Kotlin;Flutter;Blockchain;Generative AI,Product Manager;Robotics Engineer,4,0,0,1,0,IoT;Smart Cities,true,Available,Weekends,Remote,Kolkata,English;Bengali,https://github.com/bridgeup-demo/anirban-paul-1070,https://www.linkedin.com/in/anirban-paul-1070,1st year CSE (AI and ML) student interested in IoT and collaborative hackathon teams.,Verified,Platform members,Yes,4.2,76,2026-09-14T10:00:00Z
1071,usr-stu-1071,Koyel Kar,student1071@bridgeup.example,Female,1,Institute of Engineering and Management,IEM,2,2029,B.Tech,Electronics and Communication Engineering,7.79,Embedded / Robotics,Build expertise in Embedded / Robotics and contribute to impactful technology projects,Verilog,Verilog;Arduino;C;MATLAB;ROS;Robotics;Go;Scikit-learn;Generative AI;Solidity,Pitch and Presentation Lead;UI/UX Designer,6,1,1,3,3,Cybersecurity;IoT,true,Available,Friday and weekends,Hybrid,Kolkata,English;Hindi;Tamil,https://github.com/bridgeup-demo/koyel-banerjee-1071,https://www.linkedin.com/in/koyel-banerjee-1071,2nd year Electronics and Communication Engineering student interested in Cybersecurity and collaborative hackathon teams.,Verified,Platform members,Yes,3.9,76,2026-07-28T10:00:00Z
1072,usr-stu-1072,Anirban Basu,student1072@bridgeup.example,Male,1,Institute of Engineering and Management,IEM,3,2028,B.Tech,CSE (AI and ML),9.06,AI / Machine Learning,Build expertise in AI / Machine Learning and contribute to impactful technology projects,Machine Learning,Machine Learning;Python;TensorFlow;PyTorch;Pandas;Swift;Spring Boot;Firebase;Next.js,Mobile App Developer;ML Engineer,5,3,0,8,1,FinTech;Disaster Management,true,Available,Weekend mornings,Hybrid,Kolkata,English;Hindi,https://github.com/bridgeup-demo/anirban-saha-1072,https://www.linkedin.com/in/anirban-saha-1072,3rd year CSE (AI and ML) student interested in FinTech and collaborative hackathon teams.,Verified,Platform members,Yes,3.7,74,2026-04-27T10:00:00Z
1073,usr-stu-1073,Sayan Sen,student1073@bridgeup.example,Male,1,Institute of Engineering and Management,IEM,3,2028,B.Tech,Electrical Engineering,9.49,Hardware / Energy,Build expertise in Hardware / Energy and contribute to impactful technology projects,AutoCAD,AutoCAD;Python;Circuit Design;Power Systems;MATLAB;LangChain;REST APIs;Kubernetes,Business Analyst;Mobile App Developer,4,3,0,9,1,AI for Social Good;Smart Cities,true,Available,Weekend mornings,In-person,Kolkata,English;Bengali,https://github.com/bridgeup-demo/sayan-chatterjee-1073,https://www.linkedin.com/in/sayan-chatterjee-1073,3rd year Electrical Engineering student interested in AI for Social Good and collaborative hackathon teams.,Verified,Platform members,Yes,3.6,89,2026-07-16T10:00:00Z
1074,usr-stu-1074,Tania Bhattacharya,student1074@bridgeup.example,Female,1,Institute of Engineering and Management,IEM,2,2029,B.Tech,Information Technology,8.77,Web / Cloud,Build expertise in Web / Cloud and contribute to impactful technology projects,AWS,AWS;TypeScript;JavaScript;Docker;PostgreSQL;Node.js;Swift;GCP,Pitch and Presentation Lead;Cloud/DevOps Engineer,8,2,0,3,2,FinTech;Open Innovation,true,Available,Friday and weekends,Any,Kolkata,English;Bengali,https://github.com/bridgeup-demo/tania-sen-1074,https://www.linkedin.com/in/tania-sen-1074,2nd year Information Technology student interested in FinTech and collaborative hackathon teams.,Verified,Platform members,Yes,4.5,90,2026-05-23T10:00:00Z
1075,usr-stu-1075,Aryan Sen,student1075@bridgeup.example,Male,1,Institute of Engineering and Management,IEM,3,2028,B.Tech,Electrical Engineering,8.36,Hardware / Energy,Build expertise in Hardware / Energy and contribute to impactful technology projects,Renewable Energy,Renewable Energy;MATLAB;AutoCAD;IoT;Python;Linux;Flutter;Swift;Generative AI,Researcher;ML Engineer,3,3,0,3,0,AI for Social Good;Smart Cities,false,Available,Weekends,Remote,Kolkata,English;Bengali,https://github.com/bridgeup-demo/aryan-kar-1075,https://www.linkedin.com/in/aryan-kar-1075,3rd year Electrical Engineering student interested in AI for Social Good and collaborative hackathon teams.,Verified,Platform members,Yes,4.7,90,2026-01-27T10:00:00Z
1076,usr-stu-1076,Milan Mukherjee,student1076@bridgeup.example,Prefer not to say,1,Institute of Engineering and Management,IEM,3,2028,B.Tech,CSE (IoT),8.18,IoT / Embedded Systems,Build expertise in IoT / Embedded Systems and contribute to impactful technology projects,PCB Design,PCB Design;C;Arduino;Embedded Systems;Swift;GCP,Researcher;Embedded Systems Engineer,1,0,0,7,6,Smart Cities;Agriculture,true,Available,Friday and weekends,Remote,Kolkata,English;Bengali,https://github.com/bridgeup-demo/milan-bose-1076,https://www.linkedin.com/in/milan-bose-1076,3rd year CSE (IoT) student interested in Smart Cities and collaborative hackathon teams.,Verified,Platform members,Yes,4.5,90,2026-04-07T10:00:00Z
1077,usr-stu-1077,Arjun Kar,student1077@bridgeup.example,Male,1,Institute of Engineering and Management,IEM,4,2027,B.Tech,CSE (AI and ML),7.11,AI / Machine Learning,Build expertise in AI / Machine Learning and contribute to impactful technology projects,Machine Learning,Machine Learning;Deep Learning;PyTorch;NLP;Pandas;Spring Boot;Go;REST APIs,Data Scientist;Full Stack Developer,3,2,0,10,1,Open Innovation;Healthcare,true,Available,Friday and weekends,In-person,Kolkata,English;Hindi,https://github.com/bridgeup-demo/arjun-bhattacharya-1077,https://www.linkedin.com/in/arjun-bhattacharya-1077,4th year CSE (AI and ML) student interested in Open Innovation and collaborative hackathon teams.,Verified,Platform members,Yes,4.2,96,2026-08-02T10:00:00Z
1078,usr-stu-1078,Ayan Dhar,student1078@bridgeup.example,Male,1,Institute of Engineering and Management,IEM,4,2027,B.Tech,Electrical Engineering,7.15,Hardware / Energy,Build expertise in Hardware / Energy and contribute to impactful technology projects,IoT,IoT;MATLAB;Power Systems;Circuit Design;Control Systems;Django;UI/UX,Data Scientist;Cloud/DevOps Engineer,5,0,0,9,0,EdTech;Web3,true,Available,Flexible,Remote,Kolkata,English;Hindi;Bengali,https://github.com/bridgeup-demo/ayan-banerjee-1078,https://www.linkedin.com/in/ayan-banerjee-1078,4th year Electrical Engineering student interested in EdTech and collaborative hackathon teams.,Verified,Platform members,Yes,4.8,91,2026-01-21T10:00:00Z
1079,usr-stu-1079,Madhurima Majumdar,student1079@bridgeup.example,Female,1,Institute of Engineering and Management,IEM,4,2027,B.Sc.,Data Science,6.69,Data Science,Build expertise in Data Science and contribute to impactful technology projects,Python,Python;NumPy;Statistics;Power BI;Tableau;Blockchain;OpenCV,Full Stack Developer;Product Manager,7,1,0,9,7,Smart Cities;IoT,true,Available,Weekday evenings,Any,Kolkata,English;Hindi;Tamil,https://github.com/bridgeup-demo/madhurima-ghosh-1079,https://www.linkedin.com/in/madhurima-ghosh-1079,4th year Data Science student interested in Smart Cities and collaborative hackathon teams.,Verified,Platform members,Yes,4.9,74,2026-01-05T10:00:00Z
1080,usr-stu-1080,Subhajit Ghosh,student1080@bridgeup.example,Male,1,Institute of Engineering and Management,IEM,2,2029,B.Tech,Electronics and Communication Engineering,7.88,Embedded / Robotics,Build expertise in Embedded / Robotics and contribute to impactful technology projects,Signal Processing,Signal Processing;ROS;MATLAB;Arduino;Robotics;Django;Linux,Product Manager;ML Engineer,5,0,0,7,2,Robotics;Open Innovation,true,Available,Weekend mornings,In-person,Kolkata,English;Hindi;Bengali,https://github.com/bridgeup-demo/subhajit-karmakar-1080,https://www.linkedin.com/in/subhajit-karmakar-1080,2nd year Electronics and Communication Engineering student interested in Robotics and collaborative hackathon teams.,Verified,Platform members,Yes,4.9,93,2026-05-14T10:00:00Z
1081,usr-stu-1081,Rohan Bose,student1081@bridgeup.example,Male,1,Institute of Engineering and Management,IEM,1,2030,B.Tech,Electronics and Communication Engineering,8.06,Embedded / Robotics,Build expertise in Embedded / Robotics and contribute to impactful technology projects,Robotics,Robotics;Embedded Systems;Signal Processing;MATLAB;C;REST APIs;Blockchain,UI/UX Designer;Embedded Systems Engineer,5,0,0,1,1,Cybersecurity;Agriculture,true,Available,Friday and weekends,In-person,Kolkata,English;Hindi;Tamil,https://github.com/bridgeup-demo/rohan-pal-1081,https://www.linkedin.com/in/rohan-pal-1081,1st year Electronics and Communication Engineering student interested in Cybersecurity and collaborative hackathon teams.,Verified,Platform members,Yes,4.1,83,2026-02-23T10:00:00Z
1082,usr-stu-1082,Trisha Bose,student1082@bridgeup.example,Female,1,Institute of Engineering and Management,IEM,2,2029,B.Tech,Electronics and Communication Engineering,8.56,Embedded / Robotics,Build expertise in Embedded / Robotics and contribute to impactful technology projects,MATLAB,MATLAB;Embedded Systems;Arduino;Signal Processing;Firebase;LangChain,ML Engineer;Mobile App Developer,6,2,0,4,4,Robotics;Smart Cities,true,Available,Friday and weekends,In-person,Kolkata,English;Bengali,https://github.com/bridgeup-demo/trisha-kar-1082,https://www.linkedin.com/in/trisha-kar-1082,2nd year Electronics and Communication Engineering student interested in Robotics and collaborative hackathon teams.,Verified,Platform members,Yes,3.6,85,2026-01-01T10:00:00Z
1083,usr-stu-1083,Arjun Banerjee,student1083@bridgeup.example,Male,1,Institute of Engineering and Management,IEM,2,2029,B.Tech,Computer Science and Engineering,7.26,Software Engineering,Build expertise in Software Engineering and contribute to impactful technology projects,System Design,System Design;Python;SQL;C++;Algorithms;Cybersecurity;REST APIs,Frontend Developer;Researcher,3,0,0,8,6,Sustainability;FinTech,true,Available,Flexible,Hybrid,Kolkata,English;Bengali;Odia,https://github.com/bridgeup-demo/arjun-mitra-1083,https://www.linkedin.com/in/arjun-mitra-1083,2nd year Computer Science and Engineering student interested in Sustainability and collaborative hackathon teams.,Verified,Platform members,Yes,4.8,96,2026-01-26T10:00:00Z
1084,usr-stu-1084,Tania Sarkar,student1084@bridgeup.example,Female,1,Institute of Engineering and Management,IEM,1,2030,BBA,Business Administration,7.45,Product / Business,Build expertise in Product / Business and contribute to impactful technology projects,Communication,Communication;SQL;Figma;Product Management;Market Research;Excel;Rust;Go,ML Engineer;Data Scientist,6,3,0,1,1,Healthcare;Sustainability,true,Available,Weekends,Remote,Kolkata,English;Hindi;Tamil,https://github.com/bridgeup-demo/tania-guha-1084,https://www.linkedin.com/in/tania-guha-1084,1st year Business Administration student interested in Healthcare and collaborative hackathon teams.,Verified,Platform members,Yes,3.6,78,2026-01-08T10:00:00Z
1085,usr-stu-1085,Madhurima Guha,student1085@bridgeup.example,Female,1,Institute of Engineering and Management,IEM,3,2028,B.Tech,Electrical Engineering,8.33,Hardware / Energy,Build expertise in Hardware / Energy and contribute to impactful technology projects,Circuit Design,Circuit Design;Renewable Energy;Power Systems;IoT;Next.js;Swift;GCP;Linux,Pitch and Presentation Lead;ML Engineer,7,1,0,3,1,Smart Cities;EdTech,true,Available,Weekday evenings,Remote,Kolkata,English;Hindi,https://github.com/bridgeup-demo/madhurima-chatterjee-1085,https://www.linkedin.com/in/madhurima-chatterjee-1085,3rd year Electrical Engineering student interested in Smart Cities and collaborative hackathon teams.,Verified,Platform members,Yes,3.5,92,2026-01-03T10:00:00Z
1086,usr-stu-1086,Dev Bose,student1086@bridgeup.example,Male,1,Institute of Engineering and Management,IEM,1,2030,B.Tech,Information Technology,6.95,Web / Cloud,Build expertise in Web / Cloud and contribute to impactful technology projects,AWS,AWS;Docker;PostgreSQL;JavaScript;React;Node.js;Kotlin;Swift,Mobile App Developer;Backend Developer,6,1,0,5,3,Healthcare;AI for Social Good,true,Available,Weekend mornings,Remote,Kolkata,English;Hindi;Tamil,https://github.com/bridgeup-demo/dev-chatterjee-1086,https://www.linkedin.com/in/dev-chatterjee-1086,1st year Information Technology student interested in Healthcare and collaborative hackathon teams.,Verified,Platform members,Yes,4.5,86,2026-03-05T10:00:00Z
1087,usr-stu-1087,Koyel Saha,student1087@bridgeup.example,Female,1,Institute of Engineering and Management,IEM,2,2029,B.Tech,Electronics and Communication Engineering,9.71,Embedded / Robotics,Build expertise in Embedded / Robotics and contribute to impactful technology projects,ROS,ROS;Signal Processing;Arduino;Robotics;C;OpenCV;Blockchain;Next.js;Firebase,Pitch and Presentation Lead;Business Analyst,0,0,0,7,3,Cybersecurity;Open Innovation,true,Available,Friday and weekends,Remote,Kolkata,English;Hindi;Tamil,https://github.com/bridgeup-demo/koyel-sarkar-1087,https://www.linkedin.com/in/koyel-sarkar-1087,2nd year Electronics and Communication Engineering student interested in Cybersecurity and collaborative hackathon teams.,Verified,Platform members,Yes,3.8,80,2026-02-26T10:00:00Z
1088,usr-stu-1088,Ayan Kar,student1088@bridgeup.example,Male,1,Institute of Engineering and Management,IEM,1,2030,B.Tech,Electrical Engineering,6.62,Hardware / Energy,Build expertise in Hardware / Energy and contribute to impactful technology projects,Power Systems,Power Systems;Control Systems;IoT;Python;Renewable Energy;AutoCAD;Next.js;Django;FastAPI;Redis,Mobile App Developer;Business Analyst,6,4,2,7,5,Sustainability;AI for Social Good,true,Available,Flexible,Hybrid,Kolkata,English;Bengali;Odia,https://github.com/bridgeup-demo/ayan-pal-1088,https://www.linkedin.com/in/ayan-pal-1088,1st year Electrical Engineering student interested in Sustainability and collaborative hackathon teams.,Verified,Platform members,Yes,3.7,91,2026-07-05T10:00:00Z
1089,usr-stu-1089,Soumyadeep Roy,student1089@bridgeup.example,Male,1,Institute of Engineering and Management,IEM,4,2027,B.Tech,Computer Science and Engineering,8.39,Software Engineering,Build expertise in Software Engineering and contribute to impactful technology projects,Algorithms,Algorithms;System Design;C++;SQL;Java;Solidity;REST APIs,Cloud/DevOps Engineer;Robotics Engineer,6,4,0,10,3,IoT;AI for Social Good,true,Available,Weekend mornings,Hybrid,Kolkata,English;Hindi;Tamil,https://github.com/bridgeup-demo/soumyadeep-ghosh-1089,https://www.linkedin.com/in/soumyadeep-ghosh-1089,4th year Computer Science and Engineering student interested in IoT and collaborative hackathon teams.,Verified,Platform members,Yes,3.6,78,2026-02-05T10:00:00Z
1090,usr-stu-1090,Rahul Sarkar,student1090@bridgeup.example,Male,1,Institute of Engineering and Management,IEM,1,2030,B.Tech,CSE (IoT),7.05,IoT / Embedded Systems,Build expertise in IoT / Embedded Systems and contribute to impactful technology projects,C,C;PCB Design;C++;MQTT;IoT;REST APIs;Django;FastAPI,Pitch and Presentation Lead;Researcher,1,0,0,6,1,Web3;Agriculture,true,Available,Weekday evenings,Hybrid,Kolkata,English;Hindi,https://github.com/bridgeup-demo/rahul-lahiri-1090,https://www.linkedin.com/in/rahul-lahiri-1090,1st year CSE (IoT) student interested in Web3 and collaborative hackathon teams.,Verified,Platform members,Yes,4.6,78,2026-08-03T10:00:00Z
1091,usr-stu-1091,Tanmay Das,student1091@bridgeup.example,Male,1,Institute of Engineering and Management,IEM,2,2029,B.Tech,Electronics and Communication Engineering,8.43,Embedded / Robotics,Build expertise in Embedded / Robotics and contribute to impactful technology projects,C,C;Robotics;Embedded Systems;ROS;MATLAB;Verilog;LangChain;Swift,UI/UX Designer;Embedded Systems Engineer,7,3,0,1,0,Sustainability;AI for Social Good,true,Available,Weekends,Hybrid,Kolkata,English;Bengali;Odia,https://github.com/bridgeup-demo/tanmay-kar-1091,https://www.linkedin.com/in/tanmay-kar-1091,2nd year Electronics and Communication Engineering student interested in Sustainability and collaborative hackathon teams.,Verified,Platform members,Yes,3.9,88,2026-05-11T10:00:00Z
1092,usr-stu-1092,Aritra Dhar,student1092@bridgeup.example,Male,1,Institute of Engineering and Management,IEM,2,2029,B.Tech,CSE (IoT),7.07,IoT / Embedded Systems,Build expertise in IoT / Embedded Systems and contribute to impactful technology projects,Arduino,Arduino;ESP32;Embedded Systems;C;FastAPI;Go,Data Scientist;Product Manager,5,0,0,5,1,Disaster Management;Smart Cities,true,Available,Friday and weekends,In-person,Kolkata,English;Hindi;Tamil,https://github.com/bridgeup-demo/aritra-chakraborty-1092,https://www.linkedin.com/in/aritra-chakraborty-1092,2nd year CSE (IoT) student interested in Disaster Management and collaborative hackathon teams.,Verified,Platform members,Yes,4.8,91,2026-02-03T10:00:00Z
1093,usr-stu-1093,Arjun Bose,student1093@bridgeup.example,Male,1,Institute of Engineering and Management,IEM,1,2030,B.Sc.,Data Science,7.76,Data Science,Build expertise in Data Science and contribute to impactful technology projects,Python,Python;Tableau;SQL;Statistics;Blockchain;Solidity;GraphQL,Robotics Engineer;Researcher,8,4,2,5,5,IoT;FinTech,true,Available,Weekend mornings,Remote,Kolkata,English;Bengali;Odia,https://github.com/bridgeup-demo/arjun-saha-1093,https://www.linkedin.com/in/arjun-saha-1093,1st year Data Science student interested in IoT and collaborative hackathon teams.,Verified,Platform members,Yes,4.1,98,2026-03-22T10:00:00Z
1094,usr-stu-1094,Aditya Kar,student1094@bridgeup.example,Male,1,Institute of Engineering and Management,IEM,4,2027,B.Tech,CSE (IoT),9.33,IoT / Embedded Systems,Build expertise in IoT / Embedded Systems and contribute to impactful technology projects,PCB Design,PCB Design;ESP32;C++;Arduino;C;Embedded Systems;Figma;Next.js;Flutter,Pitch and Presentation Lead;UI/UX Designer,1,0,0,8,2,EdTech;Cybersecurity,true,Available,Friday and weekends,Hybrid,Kolkata,English;Hindi,https://github.com/bridgeup-demo/aditya-bose-1094,https://www.linkedin.com/in/aditya-bose-1094,4th year CSE (IoT) student interested in EdTech and collaborative hackathon teams.,Verified,Platform members,Yes,3.7,77,2026-03-12T10:00:00Z
1095,usr-stu-1095,Ishaan Chatterjee,student1095@bridgeup.example,Male,1,Institute of Engineering and Management,IEM,2,2029,B.Tech,Information Technology,7.47,Web / Cloud,Build expertise in Web / Cloud and contribute to impactful technology projects,React,React;Docker;AWS;JavaScript;REST APIs;Swift,Backend Developer;Product Manager,8,0,0,4,4,Cybersecurity;Robotics,true,Available,Weekend mornings,Hybrid,Kolkata,English;Hindi,https://github.com/bridgeup-demo/ishaan-basu-1095,https://www.linkedin.com/in/ishaan-basu-1095,2nd year Information Technology student interested in Cybersecurity and collaborative hackathon teams.,Verified,Platform members,Yes,4.3,80,2026-02-24T10:00:00Z
1096,usr-stu-1096,Aditya Nandi,student1096@bridgeup.example,Male,1,Institute of Engineering and Management,IEM,3,2028,B.Tech,Electrical Engineering,8.86,Hardware / Energy,Build expertise in Hardware / Energy and contribute to impactful technology projects,Control Systems,Control Systems;Python;Circuit Design;Power Systems;Rust;Kubernetes,Business Analyst;Robotics Engineer,3,0,0,8,6,FinTech;Sustainability,true,Available,Weekday evenings,Any,Kolkata,English;Hindi,https://github.com/bridgeup-demo/aditya-basu-1096,https://www.linkedin.com/in/aditya-basu-1096,3rd year Electrical Engineering student interested in FinTech and collaborative hackathon teams.,Verified,Platform members,Yes,4.7,75,2026-06-08T10:00:00Z
1097,usr-stu-1097,Sneha Mukherjee,student1097@bridgeup.example,Female,1,Institute of Engineering and Management,IEM,2,2029,B.Sc.,Data Science,7.84,Data Science,Build expertise in Data Science and contribute to impactful technology projects,Tableau,Tableau;Power BI;Pandas;Statistics;SQL;Spring Boot;Azure;Rust;GraphQL,Pitch and Presentation Lead;Frontend Developer,8,1,1,8,2,Disaster Management;Open Innovation,true,Available,Weekends,Hybrid,Kolkata,English;Hindi,https://github.com/bridgeup-demo/sneha-karmakar-1097,https://www.linkedin.com/in/sneha-karmakar-1097,2nd year Data Science student interested in Disaster Management and collaborative hackathon teams.,Verified,Platform members,Yes,4.9,95,2026-07-15T10:00:00Z
1098,usr-stu-1098,Rian Sen,student1098@bridgeup.example,Prefer not to say,1,Institute of Engineering and Management,IEM,1,2030,B.Tech,CSE (IoT),9.09,IoT / Embedded Systems,Build expertise in IoT / Embedded Systems and contribute to impactful technology projects,C,C;C++;ESP32;Embedded Systems;Redis;OpenCV;Scikit-learn;Swift,Pitch and Presentation Lead;Embedded Systems Engineer,2,1,1,4,1,Sustainability;Agriculture,false,Available,Weekend mornings,Any,Kolkata,English;Hindi,https://github.com/bridgeup-demo/rian-sen-1098,https://www.linkedin.com/in/rian-sen-1098,1st year CSE (IoT) student interested in Sustainability and collaborative hackathon teams.,Verified,Platform members,Yes,4.6,77,2026-09-05T10:00:00Z
1099,usr-stu-1099,Sagnik Basu,student1099@bridgeup.example,Male,1,Institute of Engineering and Management,IEM,4,2027,B.Tech,CSE (IoT),7.80,IoT / Embedded Systems,Build expertise in IoT / Embedded Systems and contribute to impactful technology projects,C++,C++;MQTT;PCB Design;Arduino;Embedded Systems;IoT;UI/UX;Solidity;Firebase;Go,Researcher;Cloud/DevOps Engineer,0,0,0,7,7,Accessibility;Open Innovation,true,Available,Flexible,Hybrid,Kolkata,English;Bengali;Odia,https://github.com/bridgeup-demo/sagnik-sen-1099,https://www.linkedin.com/in/sagnik-sen-1099,4th year CSE (IoT) student interested in Accessibility and collaborative hackathon teams.,Verified,Platform members,Yes,4.8,96,2026-09-23T10:00:00Z
1100,usr-stu-1100,Swastika Guha,student1100@bridgeup.example,Female,1,Institute of Engineering and Management,IEM,2,2029,B.Sc.,Data Science,8.72,Data Science,Build expertise in Data Science and contribute to impactful technology projects,Statistics,Statistics;Tableau;Pandas;Power BI;SQL;Swift;Redis;Figma;REST APIs,Product Manager;Cloud/DevOps Engineer,5,3,0,3,1,Web3;Open Innovation,true,Available,Weekends,Any,Kolkata,English;Hindi;Tamil,https://github.com/bridgeup-demo/swastika-das-1100,https://www.linkedin.com/in/swastika-das-1100,2nd year Data Science student interested in Web3 and collaborative hackathon teams.,Verified,Platform members,Yes,4.2,84,2026-04-28T10:00:00Z
1101,usr-stu-1101,Sanjana Bhattacharya,student1101@bridgeup.example,Female,1,Institute of Engineering and Management,IEM,4,2027,B.Tech,CSE (IoT),7.86,IoT / Embedded Systems,Build expertise in IoT / Embedded Systems and contribute to impactful technology projects,MQTT,MQTT;ESP32;PCB Design;Arduino;Scikit-learn;LangChain;MongoDB;Azure,Robotics Engineer;ML Engineer,6,2,2,3,0,Open Innovation;Agriculture,true,Available,Friday and weekends,In-person,Kolkata,English;Hindi;Tamil,https://github.com/bridgeup-demo/sanjana-bhattacharya-1101,https://www.linkedin.com/in/sanjana-bhattacharya-1101,4th year CSE (IoT) student interested in Open Innovation and collaborative hackathon teams.,Verified,Platform members,Yes,5.0,96,2026-04-25T10:00:00Z
1102,usr-stu-1102,Anirban Paul,student1102@bridgeup.example,Male,1,Institute of Engineering and Management,IEM,3,2028,B.Sc.,Data Science,7.53,Data Science,Build expertise in Data Science and contribute to impactful technology projects,Machine Learning,Machine Learning;Pandas;Power BI;NumPy;LangChain;Next.js;Go,Robotics Engineer;Researcher,0,0,0,4,2,Robotics;Web3,false,Available,Weekday evenings,In-person,Kolkata,English;Hindi,https://github.com/bridgeup-demo/anirban-guha-1102,https://www.linkedin.com/in/anirban-guha-1102,3rd year Data Science student interested in Robotics and collaborative hackathon teams.,Verified,Platform members,Yes,4.5,82,2026-02-08T10:00:00Z
1103,usr-stu-1103,Utsav Majumdar,student1103@bridgeup.example,Male,1,Institute of Engineering and Management,IEM,1,2030,B.Tech,Information Technology,8.46,Web / Cloud,Build expertise in Web / Cloud and contribute to impactful technology projects,TypeScript,TypeScript;JavaScript;AWS;PostgreSQL;Express;Rust;Go,Cloud/DevOps Engineer;Product Manager,5,3,0,0,0,Sustainability;Disaster Management,true,Available,Friday and weekends,Any,Kolkata,English;Bengali,https://github.com/bridgeup-demo/utsav-chakraborty-1103,https://www.linkedin.com/in/utsav-chakraborty-1103,1st year Information Technology student interested in Sustainability and collaborative hackathon teams.,Verified,Platform members,Yes,3.8,94,2026-02-13T10:00:00Z
1104,usr-stu-1104,Avery Banerjee,student1104@bridgeup.example,Non-binary,1,Institute of Engineering and Management,IEM,1,2030,B.Tech,Information Technology,7.37,Web / Cloud,Build expertise in Web / Cloud and contribute to impactful technology projects,AWS,AWS;React;Node.js;Docker;JavaScript;Flutter;Cybersecurity,Mobile App Developer;Business Analyst,0,0,0,2,1,Healthcare;Sustainability,false,Available,Flexible,In-person,Kolkata,English;Hindi,https://github.com/bridgeup-demo/avery-ghosh-1104,https://www.linkedin.com/in/avery-ghosh-1104,1st year Information Technology student interested in Healthcare and collaborative hackathon teams.,Verified,Platform members,Yes,3.9,86,2026-08-28T10:00:00Z
1105,usr-stu-1105,Kunal Bose,student1105@bridgeup.example,Male,1,Institute of Engineering and Management,IEM,1,2030,B.Tech,Computer Science and Engineering,7.92,Software Engineering,Build expertise in Software Engineering and contribute to impactful technology projects,C++,C++;Git;Java;SQL;Firebase;MongoDB,Embedded Systems Engineer;UI/UX Designer,7,1,0,2,2,IoT;FinTech,true,Available,Friday and weekends,Remote,Kolkata,English;Hindi;Bengali,https://github.com/bridgeup-demo/kunal-pal-1105,https://www.linkedin.com/in/kunal-pal-1105,1st year Computer Science and Engineering student interested in IoT and collaborative hackathon teams.,Verified,Platform members,Yes,4.1,96,2026-02-03T10:00:00Z
1106,usr-stu-1106,Poulomi Mitra,student1106@bridgeup.example,Female,1,Institute of Engineering and Management,IEM,1,2030,B.Sc.,Data Science,8.61,Data Science,Build expertise in Data Science and contribute to impactful technology projects,NumPy,NumPy;SQL;Machine Learning;Pandas;Statistics;Flutter;Next.js;Azure,Frontend Developer;Cloud/DevOps Engineer,8,0,0,3,1,EdTech;Robotics,true,Available,Weekends,Any,Kolkata,English;Hindi,https://github.com/bridgeup-demo/poulomi-banerjee-1106,https://www.linkedin.com/in/poulomi-banerjee-1106,1st year Data Science student interested in EdTech and collaborative hackathon teams.,Verified,Platform members,Yes,4.1,97,2026-07-13T10:00:00Z
1107,usr-stu-1107,Esha Basu,student1107@bridgeup.example,Female,1,Institute of Engineering and Management,IEM,1,2030,B.Tech,Computer Science and Engineering,9.44,Software Engineering,Build expertise in Software Engineering and contribute to impactful technology projects,System Design,System Design;Java;C++;Python;SQL;Figma;Blockchain;Rust;Firebase,Mobile App Developer;Cloud/DevOps Engineer,6,4,1,1,0,FinTech;Disaster Management,true,Available,Weekday evenings,Remote,Kolkata,English;Hindi;Bengali,https://github.com/bridgeup-demo/esha-bhattacharya-1107,https://www.linkedin.com/in/esha-bhattacharya-1107,1st year Computer Science and Engineering student interested in FinTech and collaborative hackathon teams.,Verified,Platform members,Yes,4.7,82,2026-08-11T10:00:00Z
1108,usr-stu-1108,Aarav Roy,student1108@bridgeup.example,Male,1,Institute of Engineering and Management,IEM,3,2028,B.Tech,CSE (IoT),6.92,IoT / Embedded Systems,Build expertise in IoT / Embedded Systems and contribute to impactful technology projects,MQTT,MQTT;ESP32;Arduino;Embedded Systems;C++;PCB Design;Rust;GCP;Next.js;Go,Backend Developer;Cloud/DevOps Engineer,5,4,0,5,5,Sustainability;Web3,true,Available,Weekend mornings,Any,Kolkata,English;Hindi;Tamil,https://github.com/bridgeup-demo/aarav-mukherjee-1108,https://www.linkedin.com/in/aarav-mukherjee-1108,3rd year CSE (IoT) student interested in Sustainability and collaborative hackathon teams.,Verified,Platform members,Yes,3.8,89,2026-01-18T10:00:00Z
1109,usr-stu-1109,Rumi Ghosh,student1109@bridgeup.example,Non-binary,1,Institute of Engineering and Management,IEM,3,2028,B.Tech,Electronics and Communication Engineering,8.24,Embedded / Robotics,Build expertise in Embedded / Robotics and contribute to impactful technology projects,Arduino,Arduino;Embedded Systems;C;MATLAB;Blockchain;Kotlin;GraphQL,Cloud/DevOps Engineer;Product Manager,6,4,1,8,1,Cybersecurity;EdTech,true,Available,Weekday evenings,Remote,Kolkata,English;Hindi;Tamil,https://github.com/bridgeup-demo/rumi-roy-1109,https://www.linkedin.com/in/rumi-roy-1109,3rd year Electronics and Communication Engineering student interested in Cybersecurity and collaborative hackathon teams.,Verified,Platform members,Yes,4.3,96,2026-03-05T10:00:00Z
1110,usr-stu-1110,Subhajit Majumdar,student1110@bridgeup.example,Male,1,Institute of Engineering and Management,IEM,3,2028,B.Tech,Information Technology,8.89,Web / Cloud,Build expertise in Web / Cloud and contribute to impactful technology projects,AWS,AWS;Docker;JavaScript;Express;TypeScript;Cybersecurity;UI/UX;Scikit-learn,Mobile App Developer;Researcher,2,2,1,7,1,Healthcare;AI for Social Good,true,Available,Friday and weekends,Hybrid,Kolkata,English;Hindi;Tamil,https://github.com/bridgeup-demo/subhajit-saha-1110,https://www.linkedin.com/in/subhajit-saha-1110,3rd year Information Technology student interested in Healthcare and collaborative hackathon teams.,Verified,Platform members,Yes,4.3,83,2026-01-12T10:00:00Z
1111,usr-stu-1111,Aryan Sarkar,student1111@bridgeup.example,Male,1,Institute of Engineering and Management,IEM,4,2027,B.Tech,Information Technology,7.99,Web / Cloud,Build expertise in Web / Cloud and contribute to impactful technology projects,React,React;Docker;AWS;JavaScript;TypeScript;Next.js;Blockchain;Kubernetes,Data Scientist;UI/UX Designer,7,0,0,6,3,Healthcare;AI for Social Good,true,Available,Weekday evenings,In-person,Kolkata,English;Hindi,https://github.com/bridgeup-demo/aryan-ghosh-1111,https://www.linkedin.com/in/aryan-ghosh-1111,4th year Information Technology student interested in Healthcare and collaborative hackathon teams.,Verified,Platform members,Yes,4.9,73,2026-01-12T10:00:00Z
1112,usr-stu-1112,Trisha Kar,student1112@bridgeup.example,Female,1,Institute of Engineering and Management,IEM,4,2027,B.Sc.,Data Science,6.89,Data Science,Build expertise in Data Science and contribute to impactful technology projects,Statistics,Statistics;SQL;Pandas;Python;Machine Learning;Power BI;OpenCV;Spring Boot,Full Stack Developer;Embedded Systems Engineer,4,2,2,10,3,Robotics;Accessibility,true,Available,Flexible,In-person,Kolkata,English;Hindi;Tamil,https://github.com/bridgeup-demo/trisha-karmakar-1112,https://www.linkedin.com/in/trisha-karmakar-1112,4th year Data Science student interested in Robotics and collaborative hackathon teams.,Verified,Platform members,Yes,3.5,71,2026-08-02T10:00:00Z
1113,usr-stu-1113,Trisha Majumdar,student1113@bridgeup.example,Female,1,Institute of Engineering and Management,IEM,2,2029,B.Tech,CSE (IoT),9.51,IoT / Embedded Systems,Build expertise in IoT / Embedded Systems and contribute to impactful technology projects,PCB Design,PCB Design;MQTT;C;Arduino;C++;Embedded Systems;GraphQL;LangChain;Next.js,Full Stack Developer;Cybersecurity Engineer,4,4,0,3,1,EdTech;Accessibility,true,Available,Weekends,Hybrid,Kolkata,English;Bengali;Odia,https://github.com/bridgeup-demo/trisha-kar-1113,https://www.linkedin.com/in/trisha-kar-1113,2nd year CSE (IoT) student interested in EdTech and collaborative hackathon teams.,Verified,Platform members,Yes,4.6,78,2026-08-04T10:00:00Z
1114,usr-stu-1114,Neha Chatterjee,student1114@bridgeup.example,Female,1,Institute of Engineering and Management,IEM,3,2028,B.Tech,Electronics and Communication Engineering,8.87,Embedded / Robotics,Build expertise in Embedded / Robotics and contribute to impactful technology projects,C,C;Arduino;Embedded Systems;Signal Processing;Robotics;Cybersecurity;Go;Scikit-learn;Swift,Mobile App Developer;Embedded Systems Engineer,7,1,1,3,3,Disaster Management;Web3,true,Available,Weekends,Hybrid,Kolkata,English;Bengali;Odia,https://github.com/bridgeup-demo/neha-basu-1114,https://www.linkedin.com/in/neha-basu-1114,3rd year Electronics and Communication Engineering student interested in Disaster Management and collaborative hackathon teams.,Verified,Platform members,Yes,4.3,89,2026-04-20T10:00:00Z
1115,usr-stu-1115,Ananya Sarkar,student1115@bridgeup.example,Female,1,Institute of Engineering and Management,IEM,3,2028,B.Tech,Electronics and Communication Engineering,8.59,Embedded / Robotics,Build expertise in Embedded / Robotics and contribute to impactful technology projects,Robotics,Robotics;C;Signal Processing;Embedded Systems;Kotlin;GCP;Blockchain;Firebase,Data Scientist;ML Engineer,6,1,0,5,5,Cybersecurity;Accessibility,true,Available,Friday and weekends,In-person,Kolkata,English;Hindi,https://github.com/bridgeup-demo/ananya-mitra-1115,https://www.linkedin.com/in/ananya-mitra-1115,3rd year Electronics and Communication Engineering student interested in Cybersecurity and collaborative hackathon teams.,Verified,Platform members,Yes,4.0,88,2026-06-18T10:00:00Z
1116,usr-stu-1116,Neel Paul,student1116@bridgeup.example,Male,1,Institute of Engineering and Management,IEM,3,2028,B.Tech,Information Technology,8.57,Web / Cloud,Build expertise in Web / Cloud and contribute to impactful technology projects,AWS,AWS;TypeScript;Node.js;PostgreSQL;Kotlin;Generative AI;MongoDB;Redis,Researcher;Robotics Engineer,7,4,0,2,0,Disaster Management;Healthcare,true,Available,Friday and weekends,Remote,Kolkata,English;Bengali,https://github.com/bridgeup-demo/neel-majumdar-1116,https://www.linkedin.com/in/neel-majumdar-1116,3rd year Information Technology student interested in Disaster Management and collaborative hackathon teams.,Verified,Platform members,Yes,4.9,76,2026-04-17T10:00:00Z
1117,usr-stu-1117,Swastika Kar,student1117@bridgeup.example,Female,1,Institute of Engineering and Management,IEM,3,2028,B.Tech,Computer Science and Engineering,8.12,Software Engineering,Build expertise in Software Engineering and contribute to impactful technology projects,Data Structures,Data Structures;Algorithms;C++;System Design;SQL;Java;Swift;Figma,Backend Developer;ML Engineer,7,0,0,7,0,Healthcare;Accessibility,true,Available,Flexible,Any,Kolkata,English;Bengali,https://github.com/bridgeup-demo/swastika-mukherjee-1117,https://www.linkedin.com/in/swastika-mukherjee-1117,3rd year Computer Science and Engineering student interested in Healthcare and collaborative hackathon teams.,Verified,Platform members,Yes,3.8,77,2026-09-01T10:00:00Z
1118,usr-stu-1118,Aditi Mitra,student1118@bridgeup.example,Female,1,Institute of Engineering and Management,IEM,4,2027,BBA,Business Administration,8.82,Product / Business,Build expertise in Product / Business and contribute to impactful technology projects,Business Analysis,Business Analysis;Product Management;Excel;Communication;SQL;Figma;LangChain;Kubernetes;Cybersecurity,Product Manager;Mobile App Developer,2,2,0,4,0,Open Innovation;Smart Cities,false,Available,Weekend mornings,Remote,Kolkata,English;Hindi;Tamil,https://github.com/bridgeup-demo/aditi-sen-1118,https://www.linkedin.com/in/aditi-sen-1118,4th year Business Administration student interested in Open Innovation and collaborative hackathon teams.,Verified,Platform members,Yes,4.4,78,2026-06-06T10:00:00Z
1119,usr-stu-1119,Esha Karmakar,student1119@bridgeup.example,Female,1,Institute of Engineering and Management,IEM,1,2030,B.Tech,Electrical Engineering,7.56,Hardware / Energy,Build expertise in Hardware / Energy and contribute to impactful technology projects,AutoCAD,AutoCAD;MATLAB;IoT;Python;Power Systems;Rust;Linux;Next.js;OpenCV,Embedded Systems Engineer;UI/UX Designer,8,3,0,6,5,Disaster Management;Sustainability,true,Available,Weekend mornings,In-person,Kolkata,English;Bengali;Odia,https://github.com/bridgeup-demo/esha-majumdar-1119,https://www.linkedin.com/in/esha-majumdar-1119,1st year Electrical Engineering student interested in Disaster Management and collaborative hackathon teams.,Verified,Platform members,Yes,4.4,72,2026-08-06T10:00:00Z
1120,usr-stu-1120,Koyel Lahiri,student1120@bridgeup.example,Female,1,Institute of Engineering and Management,IEM,1,2030,B.Tech,Electrical Engineering,9.66,Hardware / Energy,Build expertise in Hardware / Energy and contribute to impactful technology projects,Control Systems,Control Systems;Python;AutoCAD;IoT;Kotlin;Generative AI;Rust,Data Scientist;Robotics Engineer,7,3,0,0,0,Accessibility;Healthcare,true,Available,Weekends,Any,Kolkata,English;Bengali;Odia,https://github.com/bridgeup-demo/koyel-ghosh-1120,https://www.linkedin.com/in/koyel-ghosh-1120,1st year Electrical Engineering student interested in Accessibility and collaborative hackathon teams.,Verified,Platform members,Yes,3.8,100,2026-09-21T10:00:00Z
1121,usr-stu-1121,Aritra Paul,student1121@bridgeup.example,Male,1,Institute of Engineering and Management,IEM,2,2029,B.Tech,CSE (AI and ML),7.05,AI / Machine Learning,Build expertise in AI / Machine Learning and contribute to impactful technology projects,PyTorch,PyTorch;Pandas;Computer Vision;Deep Learning;NLP;Machine Learning;Next.js;Rust,Embedded Systems Engineer;UI/UX Designer,3,1,0,6,0,EdTech;IoT,true,Available,Weekends,Hybrid,Kolkata,English;Hindi;Bengali,https://github.com/bridgeup-demo/aritra-singh-1121,https://www.linkedin.com/in/aritra-singh-1121,2nd year CSE (AI and ML) student interested in EdTech and collaborative hackathon teams.,Verified,Platform members,Yes,4.3,85,2026-03-17T10:00:00Z
1122,usr-stu-1122,Subhajit Sarkar,student1122@bridgeup.example,Male,1,Institute of Engineering and Management,IEM,1,2030,B.Tech,Electronics and Communication Engineering,7.10,Embedded / Robotics,Build expertise in Embedded / Robotics and contribute to impactful technology projects,Verilog,Verilog;ROS;MATLAB;Robotics;Signal Processing;Arduino;Firebase;Spring Boot;Figma;Redis,Researcher;Embedded Systems Engineer,5,2,1,0,0,Accessibility;Robotics,true,Available,Flexible,Remote,Kolkata,English;Hindi;Tamil,https://github.com/bridgeup-demo/subhajit-dhar-1122,https://www.linkedin.com/in/subhajit-dhar-1122,1st year Electronics and Communication Engineering student interested in Accessibility and collaborative hackathon teams.,Verified,Platform members,Yes,4.8,72,2026-02-09T10:00:00Z
1123,usr-stu-1123,Sayan Basu,student1123@bridgeup.example,Male,1,Institute of Engineering and Management,IEM,3,2028,B.Tech,Electronics and Communication Engineering,8.15,Embedded / Robotics,Build expertise in Embedded / Robotics and contribute to impactful technology projects,Verilog,Verilog;Arduino;Robotics;Signal Processing;Rust;Spring Boot;REST APIs,Full Stack Developer;Data Scientist,6,2,0,5,0,Smart Cities;Web3,true,Available,Flexible,Remote,Kolkata,English;Bengali,https://github.com/bridgeup-demo/sayan-bose-1123,https://www.linkedin.com/in/sayan-bose-1123,3rd year Electronics and Communication Engineering student interested in Smart Cities and collaborative hackathon teams.,Verified,Platform members,Yes,4.2,96,2026-06-21T10:00:00Z
1124,usr-stu-1124,Neel Paul,student1124@bridgeup.example,Male,1,Institute of Engineering and Management,IEM,4,2027,BBA,Business Administration,7.80,Product / Business,Build expertise in Product / Business and contribute to impactful technology projects,Business Analysis,Business Analysis;Agile;Figma;SQL;MongoDB;Spring Boot,Full Stack Developer;UI/UX Designer,2,0,0,5,5,Accessibility;IoT,true,Available,Weekends,Remote,Kolkata,English;Bengali,https://github.com/bridgeup-demo/neel-lahiri-1124,https://www.linkedin.com/in/neel-lahiri-1124,4th year Business Administration student interested in Accessibility and collaborative hackathon teams.,Verified,Platform members,Yes,4.3,92,2026-06-06T10:00:00Z
1125,usr-stu-1125,Rahul Singh,student1125@bridgeup.example,Male,1,Institute of Engineering and Management,IEM,1,2030,B.Tech,Information Technology,6.61,Web / Cloud,Build expertise in Web / Cloud and contribute to impactful technology projects,JavaScript,JavaScript;TypeScript;Node.js;AWS;UI/UX;Linux;GCP;Kubernetes,Robotics Engineer;Embedded Systems Engineer,3,1,0,6,0,Cybersecurity;IoT,true,Available,Friday and weekends,Hybrid,Kolkata,English;Hindi,https://github.com/bridgeup-demo/rahul-chatterjee-1125,https://www.linkedin.com/in/rahul-chatterjee-1125,1st year Information Technology student interested in Cybersecurity and collaborative hackathon teams.,Verified,Platform members,Yes,4.8,81,2026-06-22T10:00:00Z
1126,usr-stu-1126,Noor Lahiri,student1126@bridgeup.example,Prefer not to say,1,Institute of Engineering and Management,IEM,4,2027,B.Tech,CSE (IoT),9.07,IoT / Embedded Systems,Build expertise in IoT / Embedded Systems and contribute to impactful technology projects,ESP32,ESP32;Embedded Systems;C;C++;Kubernetes;GCP;Solidity,Mobile App Developer;UI/UX Designer,4,0,0,3,2,IoT;FinTech,true,Available,Weekend mornings,Hybrid,Kolkata,English;Hindi,https://github.com/bridgeup-demo/noor-lahiri-1126,https://www.linkedin.com/in/noor-lahiri-1126,4th year CSE (IoT) student interested in IoT and collaborative hackathon teams.,Verified,Platform members,Yes,4.4,80,2026-02-06T10:00:00Z
1127,usr-stu-1127,Tanmay Ghosh,student1127@bridgeup.example,Male,1,Institute of Engineering and Management,IEM,4,2027,B.Tech,Computer Science and Engineering,8.11,Software Engineering,Build expertise in Software Engineering and contribute to impactful technology projects,Python,Python;Java;Git;System Design;C++;LangChain;Go,Cloud/DevOps Engineer;Mobile App Developer,4,4,0,7,5,Robotics;IoT,true,Available,Weekends,Hybrid,Kolkata,English;Hindi;Tamil,https://github.com/bridgeup-demo/tanmay-ghosh-1127,https://www.linkedin.com/in/tanmay-ghosh-1127,4th year Computer Science and Engineering student interested in Robotics and collaborative hackathon teams.,Verified,Platform members,Yes,3.8,70,2026-07-10T10:00:00Z
1128,usr-stu-1128,Sneha Karmakar,student1128@bridgeup.example,Female,1,Institute of Engineering and Management,IEM,1,2030,B.Sc.,Data Science,9.18,Data Science,Build expertise in Data Science and contribute to impactful technology projects,Tableau,Tableau;NumPy;SQL;Statistics;Python;Machine Learning;Go;MongoDB;GraphQL,Cloud/DevOps Engineer;UI/UX Designer,8,4,0,5,0,Healthcare;EdTech,true,Available,Weekday evenings,In-person,Kolkata,English;Bengali;Odia,https://github.com/bridgeup-demo/sneha-singh-1128,https://www.linkedin.com/in/sneha-singh-1128,1st year Data Science student interested in Healthcare and collaborative hackathon teams.,Verified,Platform members,Yes,4.7,75,2026-08-18T10:00:00Z
1129,usr-stu-1129,Aditya Das,student1129@bridgeup.example,Male,1,Institute of Engineering and Management,IEM,3,2028,B.Tech,Electrical Engineering,9.14,Hardware / Energy,Build expertise in Hardware / Energy and contribute to impactful technology projects,Power Systems,Power Systems;Circuit Design;Control Systems;Renewable Energy;IoT;Linux;Next.js;Kotlin;Django,Data Scientist;Researcher,4,0,0,8,1,Smart Cities;Healthcare,true,Available,Flexible,Hybrid,Kolkata,English;Bengali;Odia,https://github.com/bridgeup-demo/aditya-nandi-1129,https://www.linkedin.com/in/aditya-nandi-1129,3rd year Electrical Engineering student interested in Smart Cities and collaborative hackathon teams.,Verified,Platform members,Yes,4.2,90,2026-03-14T10:00:00Z
1130,usr-stu-1130,Utsav Pal,student1130@bridgeup.example,Male,1,Institute of Engineering and Management,IEM,2,2029,B.Tech,CSE (AI and ML),9.51,AI / Machine Learning,Build expertise in AI / Machine Learning and contribute to impactful technology projects,Machine Learning,Machine Learning;PyTorch;NLP;Python;Azure;Kubernetes;MongoDB;Flutter,Cloud/DevOps Engineer;Cybersecurity Engineer,8,2,2,1,0,Robotics;Smart Cities,true,Available,Flexible,Hybrid,Kolkata,English;Bengali,https://github.com/bridgeup-demo/utsav-roy-1130,https://www.linkedin.com/in/utsav-roy-1130,2nd year CSE (AI and ML) student interested in Robotics and collaborative hackathon teams.,Verified,Platform members,Yes,4.8,85,2026-01-06T10:00:00Z
1131,usr-stu-1131,Megha Lahiri,student1131@bridgeup.example,Female,1,Institute of Engineering and Management,IEM,4,2027,B.Tech,Electrical Engineering,7.97,Hardware / Energy,Build expertise in Hardware / Energy and contribute to impactful technology projects,MATLAB,MATLAB;Python;AutoCAD;IoT;Flutter;Kotlin;UI/UX;Firebase,Full Stack Developer;Product Manager,8,2,0,9,6,Web3;Robotics,true,Available,Weekends,In-person,Kolkata,English;Bengali;Odia,https://github.com/bridgeup-demo/megha-chatterjee-1131,https://www.linkedin.com/in/megha-chatterjee-1131,4th year Electrical Engineering student interested in Web3 and collaborative hackathon teams.,Verified,Platform members,Yes,4.0,93,2026-01-27T10:00:00Z
1132,usr-stu-1132,Rahul Mitra,student1132@bridgeup.example,Male,1,Institute of Engineering and Management,IEM,1,2030,B.Tech,Electrical Engineering,8.51,Hardware / Energy,Build expertise in Hardware / Energy and contribute to impactful technology projects,AutoCAD,AutoCAD;Python;Circuit Design;Control Systems;Rust;OpenCV;GraphQL,Backend Developer;Researcher,5,3,0,3,1,Accessibility;Cybersecurity,true,Available,Friday and weekends,In-person,Kolkata,English;Hindi;Bengali,https://github.com/bridgeup-demo/rahul-majumdar-1132,https://www.linkedin.com/in/rahul-majumdar-1132,1st year Electrical Engineering student interested in Accessibility and collaborative hackathon teams.,Verified,Platform members,Yes,4.1,81,2026-04-20T10:00:00Z
1133,usr-stu-1133,Ishita Lahiri,student1133@bridgeup.example,Female,1,Institute of Engineering and Management,IEM,2,2029,B.Sc.,Data Science,9.73,Data Science,Build expertise in Data Science and contribute to impactful technology projects,Python,Python;SQL;Pandas;Statistics;Firebase;MongoDB,Cybersecurity Engineer;Product Manager,7,2,0,3,0,Agriculture;Cybersecurity,true,Available,Weekend mornings,Remote,Kolkata,English;Bengali;Odia,https://github.com/bridgeup-demo/ishita-mitra-1133,https://www.linkedin.com/in/ishita-mitra-1133,2nd year Data Science student interested in Agriculture and collaborative hackathon teams.,Verified,Platform members,Yes,3.9,87,2026-01-13T10:00:00Z
1134,usr-stu-1134,Sayan Singh,student1134@bridgeup.example,Male,1,Institute of Engineering and Management,IEM,1,2030,B.Tech,CSE (IoT),6.98,IoT / Embedded Systems,Build expertise in IoT / Embedded Systems and contribute to impactful technology projects,Embedded Systems,Embedded Systems;IoT;PCB Design;ESP32;Arduino;Linux;Flutter;Swift,Full Stack Developer;UI/UX Designer,5,3,1,5,1,Sustainability;Smart Cities,true,Available,Flexible,Remote,Kolkata,English;Hindi;Tamil,https://github.com/bridgeup-demo/sayan-saha-1134,https://www.linkedin.com/in/sayan-saha-1134,1st year CSE (IoT) student interested in Sustainability and collaborative hackathon teams.,Verified,Platform members,Yes,4.2,99,2026-06-15T10:00:00Z
1135,usr-stu-1135,Debayan Lahiri,student1135@bridgeup.example,Male,1,Institute of Engineering and Management,IEM,1,2030,B.Tech,Information Technology,9.37,Web / Cloud,Build expertise in Web / Cloud and contribute to impactful technology projects,Docker,Docker;React;AWS;PostgreSQL;Express;OpenCV;Go,Cybersecurity Engineer;Product Manager,7,4,2,1,0,Robotics;EdTech,true,Available,Weekend mornings,Remote,Kolkata,English;Bengali,https://github.com/bridgeup-demo/debayan-majumdar-1135,https://www.linkedin.com/in/debayan-majumdar-1135,1st year Information Technology student interested in Robotics and collaborative hackathon teams.,Verified,Platform members,Yes,4.4,74,2026-02-26T10:00:00Z
1136,usr-stu-1136,Utsav Paul,student1136@bridgeup.example,Male,1,Institute of Engineering and Management,IEM,3,2028,B.Tech,CSE (IoT),7.27,IoT / Embedded Systems,Build expertise in IoT / Embedded Systems and contribute to impactful technology projects,PCB Design,PCB Design;MQTT;Arduino;ESP32;C;Azure;Kubernetes,Frontend Developer;ML Engineer,8,3,0,4,4,Smart Cities;Accessibility,true,Available,Weekday evenings,Remote,Kolkata,English;Bengali,https://github.com/bridgeup-demo/utsav-dhar-1136,https://www.linkedin.com/in/utsav-dhar-1136,3rd year CSE (IoT) student interested in Smart Cities and collaborative hackathon teams.,Verified,Platform members,Yes,4.5,80,2026-09-01T10:00:00Z
1137,usr-stu-1137,Aarav Bhattacharya,student1137@bridgeup.example,Male,1,Institute of Engineering and Management,IEM,2,2029,B.Sc.,Data Science,6.80,Data Science,Build expertise in Data Science and contribute to impactful technology projects,Tableau,Tableau;Power BI;Python;Pandas;Spring Boot;Swift;Django,Pitch and Presentation Lead;Full Stack Developer,4,1,1,4,2,Disaster Management;Healthcare,true,Available,Flexible,In-person,Kolkata,English;Bengali;Odia,https://github.com/bridgeup-demo/aarav-basu-1137,https://www.linkedin.com/in/aarav-basu-1137,2nd year Data Science student interested in Disaster Management and collaborative hackathon teams.,Verified,Platform members,Yes,3.8,80,2026-04-06T10:00:00Z
1138,usr-stu-1138,Ritwik Chakraborty,student1138@bridgeup.example,Male,1,Institute of Engineering and Management,IEM,3,2028,B.Tech,Electronics and Communication Engineering,9.74,Embedded / Robotics,Build expertise in Embedded / Robotics and contribute to impactful technology projects,C,C;Signal Processing;ROS;Embedded Systems;Arduino;Robotics;Blockchain;Flutter;Rust,Full Stack Developer;Data Scientist,7,0,0,5,0,Agriculture;Smart Cities,true,Available,Flexible,Any,Kolkata,English;Hindi;Tamil,https://github.com/bridgeup-demo/ritwik-roy-1138,https://www.linkedin.com/in/ritwik-roy-1138,3rd year Electronics and Communication Engineering student interested in Agriculture and collaborative hackathon teams.,Verified,Platform members,Yes,4.1,89,2026-06-19T10:00:00Z
1139,usr-stu-1139,Nandini Majumdar,student1139@bridgeup.example,Female,1,Institute of Engineering and Management,IEM,1,2030,B.Tech,CSE (AI and ML),7.15,AI / Machine Learning,Build expertise in AI / Machine Learning and contribute to impactful technology projects,Python,Python;TensorFlow;PyTorch;NLP;Deep Learning;Go;LangChain;Azure,UI/UX Designer;Backend Developer,5,1,1,5,2,FinTech;Sustainability,true,Available,Weekday evenings,Any,Kolkata,English;Bengali,https://github.com/bridgeup-demo/nandini-mukherjee-1139,https://www.linkedin.com/in/nandini-mukherjee-1139,1st year CSE (AI and ML) student interested in FinTech and collaborative hackathon teams.,Verified,Platform members,Yes,4.2,83,2026-07-07T10:00:00Z
1140,usr-stu-1140,Subhajit Majumdar,student1140@bridgeup.example,Male,1,Institute of Engineering and Management,IEM,4,2027,B.Sc.,Data Science,8.28,Data Science,Build expertise in Data Science and contribute to impactful technology projects,Python,Python;SQL;NumPy;Statistics;Tableau;Machine Learning;Linux;FastAPI,Backend Developer;Embedded Systems Engineer,1,1,0,10,5,Web3;Accessibility,true,Available,Weekday evenings,In-person,Kolkata,English;Bengali;Odia,https://github.com/bridgeup-demo/subhajit-mukherjee-1140,https://www.linkedin.com/in/subhajit-mukherjee-1140,4th year Data Science student interested in Web3 and collaborative hackathon teams.,Verified,Platform members,Yes,4.4,74,2026-05-25T10:00:00Z
1141,usr-stu-1141,Arjun Sen,student1141@bridgeup.example,Male,1,Institute of Engineering and Management,IEM,1,2030,B.Tech,Information Technology,7.38,Web / Cloud,Build expertise in Web / Cloud and contribute to impactful technology projects,PostgreSQL,PostgreSQL;TypeScript;Node.js;React;Express;AWS;Solidity;UI/UX,Full Stack Developer;Mobile App Developer,0,0,0,1,1,Accessibility;Cybersecurity,false,Available,Flexible,Remote,Kolkata,English;Hindi,https://github.com/bridgeup-demo/arjun-mukherjee-1141,https://www.linkedin.com/in/arjun-mukherjee-1141,1st year Information Technology student interested in Accessibility and collaborative hackathon teams.,Verified,Platform members,Yes,,86,2026-04-06T10:00:00Z
1142,usr-stu-1142,Ishaan Nandi,student1142@bridgeup.example,Male,1,Institute of Engineering and Management,IEM,2,2029,B.Tech,Electrical Engineering,7.43,Hardware / Energy,Build expertise in Hardware / Energy and contribute to impactful technology projects,Circuit Design,Circuit Design;Power Systems;Control Systems;IoT;GraphQL;Firebase;Flutter,Business Analyst;Pitch and Presentation Lead,6,0,0,2,0,IoT;Accessibility,true,Available,Weekday evenings,Hybrid,Kolkata,English;Hindi,https://github.com/bridgeup-demo/ishaan-banerjee-1142,https://www.linkedin.com/in/ishaan-banerjee-1142,2nd year Electrical Engineering student interested in IoT and collaborative hackathon teams.,Verified,Platform members,Yes,4.0,71,2026-07-15T10:00:00Z
1143,usr-stu-1143,Soumyadeep Sen,student1143@bridgeup.example,Male,1,Institute of Engineering and Management,IEM,4,2027,B.Tech,Electrical Engineering,8.96,Hardware / Energy,Build expertise in Hardware / Energy and contribute to impactful technology projects,AutoCAD,AutoCAD;Renewable Energy;Python;Power Systems;IoT;Rust;Firebase;Figma,Business Analyst;Full Stack Developer,3,2,0,5,0,Web3;Agriculture,true,Available,Weekend mornings,Any,Kolkata,English;Bengali,https://github.com/bridgeup-demo/soumyadeep-das-1143,https://www.linkedin.com/in/soumyadeep-das-1143,4th year Electrical Engineering student interested in Web3 and collaborative hackathon teams.,Verified,Platform members,Yes,4.7,92,2026-02-21T10:00:00Z
1144,usr-stu-1144,Nandini Lahiri,student1144@bridgeup.example,Female,1,Institute of Engineering and Management,IEM,2,2029,B.Tech,Electrical Engineering,8.66,Hardware / Energy,Build expertise in Hardware / Energy and contribute to impactful technology projects,Control Systems,Control Systems;Power Systems;Circuit Design;Python;MATLAB;Renewable Energy;GraphQL;Scikit-learn;Django,Mobile App Developer;Frontend Developer,2,1,1,5,2,Smart Cities;Healthcare,true,Available,Friday and weekends,Hybrid,Kolkata,English;Bengali,https://github.com/bridgeup-demo/nandini-guha-1144,https://www.linkedin.com/in/nandini-guha-1144,2nd year Electrical Engineering student interested in Smart Cities and collaborative hackathon teams.,Verified,Platform members,Yes,3.5,70,2026-08-20T10:00:00Z
1145,usr-stu-1145,Riya Basu,student1145@bridgeup.example,Female,1,Institute of Engineering and Management,IEM,3,2028,B.Tech,CSE (IoT),7.71,IoT / Embedded Systems,Build expertise in IoT / Embedded Systems and contribute to impactful technology projects,Embedded Systems,Embedded Systems;ESP32;MQTT;Arduino;Generative AI;MongoDB,Full Stack Developer;UI/UX Designer,7,4,0,9,0,Open Innovation;AI for Social Good,true,Available,Friday and weekends,Any,Kolkata,English;Hindi,https://github.com/bridgeup-demo/riya-singh-1145,https://www.linkedin.com/in/riya-singh-1145,3rd year CSE (IoT) student interested in Open Innovation and collaborative hackathon teams.,Verified,Platform members,Yes,4.7,93,2026-01-03T10:00:00Z
1146,usr-stu-1146,Aditi Mukherjee,student1146@bridgeup.example,Female,1,Institute of Engineering and Management,IEM,1,2030,B.Tech,CSE (AI and ML),8.35,AI / Machine Learning,Build expertise in AI / Machine Learning and contribute to impactful technology projects,TensorFlow,TensorFlow;Pandas;PyTorch;NLP;Deep Learning;Python;Figma;Firebase;Kubernetes,Data Scientist;ML Engineer,6,4,1,1,1,Smart Cities;Web3,true,Available,Flexible,Hybrid,Kolkata,English;Hindi;Tamil,https://github.com/bridgeup-demo/aditi-saha-1146,https://www.linkedin.com/in/aditi-saha-1146,1st year CSE (AI and ML) student interested in Smart Cities and collaborative hackathon teams.,Verified,Platform members,Yes,4.6,82,2026-02-22T10:00:00Z
1147,usr-stu-1147,Trisha Sarkar,student1147@bridgeup.example,Female,1,Institute of Engineering and Management,IEM,3,2028,B.Sc.,Data Science,7.37,Data Science,Build expertise in Data Science and contribute to impactful technology projects,Statistics,Statistics;Pandas;Tableau;SQL;Figma;Cybersecurity;Scikit-learn,Backend Developer;Robotics Engineer,0,0,0,7,5,Open Innovation;FinTech,true,Available,Weekend mornings,Any,Kolkata,English;Bengali;Odia,https://github.com/bridgeup-demo/trisha-sen-1147,https://www.linkedin.com/in/trisha-sen-1147,3rd year Data Science student interested in Open Innovation and collaborative hackathon teams.,Verified,Platform members,Yes,4.6,98,2026-01-07T10:00:00Z
1148,usr-stu-1148,Esha Lahiri,student1148@bridgeup.example,Female,1,Institute of Engineering and Management,IEM,2,2029,B.Tech,CSE (AI and ML),6.56,AI / Machine Learning,Build expertise in AI / Machine Learning and contribute to impactful technology projects,Computer Vision,Computer Vision;Pandas;Python;NLP;TensorFlow;Deep Learning;LangChain;Next.js,Cybersecurity Engineer;Embedded Systems Engineer,7,4,0,2,1,Smart Cities;Cybersecurity,true,Available,Weekends,Any,Kolkata,English;Bengali,https://github.com/bridgeup-demo/esha-lahiri-1148,https://www.linkedin.com/in/esha-lahiri-1148,2nd year CSE (AI and ML) student interested in Smart Cities and collaborative hackathon teams.,Verified,Platform members,Yes,4.6,70,2026-08-28T10:00:00Z
1149,usr-stu-1149,Shreya Sarkar,student1149@bridgeup.example,Female,1,Institute of Engineering and Management,IEM,1,2030,B.Tech,Information Technology,6.91,Web / Cloud,Build expertise in Web / Cloud and contribute to impactful technology projects,TypeScript,TypeScript;Docker;JavaScript;AWS;Express;PostgreSQL;Redis;REST APIs,Pitch and Presentation Lead;Cloud/DevOps Engineer,7,2,0,5,1,Healthcare;Smart Cities,true,Available,Weekends,Remote,Kolkata,English;Hindi;Bengali,https://github.com/bridgeup-demo/shreya-sarkar-1149,https://www.linkedin.com/in/shreya-sarkar-1149,1st year Information Technology student interested in Healthcare and collaborative hackathon teams.,Verified,Platform members,Yes,4.4,84,2026-08-06T10:00:00Z
1150,usr-stu-1150,Utsav Lahiri,student1150@bridgeup.example,Male,1,Institute of Engineering and Management,IEM,4,2027,B.Sc.,Data Science,7.11,Data Science,Build expertise in Data Science and contribute to impactful technology projects,NumPy,NumPy;Pandas;SQL;Machine Learning;Statistics;UI/UX;REST APIs,Backend Developer;Robotics Engineer,2,1,1,5,4,Cybersecurity;Web3,true,Available,Flexible,Hybrid,Kolkata,English;Bengali;Odia,https://github.com/bridgeup-demo/utsav-sarkar-1150,https://www.linkedin.com/in/utsav-sarkar-1150,4th year Data Science student interested in Cybersecurity and collaborative hackathon teams.,Verified,Platform members,Yes,4.7,87,2026-04-25T10:00:00Z
1151,usr-stu-1151,Utsav Ghosh,student1151@bridgeup.example,Male,1,Institute of Engineering and Management,IEM,4,2027,BBA,Business Administration,7.42,Product / Business,Build expertise in Product / Business and contribute to impactful technology projects,Agile,Agile;Figma;Product Management;Communication;Excel;Linux;Flutter;Rust,Frontend Developer;Data Scientist,1,1,1,8,3,IoT;Sustainability,true,Available,Flexible,Any,Kolkata,English;Bengali;Odia,https://github.com/bridgeup-demo/utsav-kar-1151,https://www.linkedin.com/in/utsav-kar-1151,4th year Business Administration student interested in IoT and collaborative hackathon teams.,Verified,Platform members,Yes,4.4,81,2026-01-02T10:00:00Z
1152,usr-stu-1152,Utsav Lahiri,student1152@bridgeup.example,Male,1,Institute of Engineering and Management,IEM,1,2030,B.Tech,CSE (AI and ML),7.82,AI / Machine Learning,Build expertise in AI / Machine Learning and contribute to impactful technology projects,NLP,NLP;Python;Deep Learning;PyTorch;Computer Vision;Generative AI;FastAPI;GraphQL;REST APIs,Data Scientist;Product Manager,6,2,0,6,4,Healthcare;Agriculture,true,Available,Friday and weekends,Remote,Kolkata,English;Bengali,https://github.com/bridgeup-demo/utsav-bose-1152,https://www.linkedin.com/in/utsav-bose-1152,1st year CSE (AI and ML) student interested in Healthcare and collaborative hackathon teams.,Verified,Platform members,Yes,4.0,70,2026-06-22T10:00:00Z
1153,usr-stu-1153,Shivam Majumdar,student1153@bridgeup.example,Male,1,Institute of Engineering and Management,IEM,4,2027,B.Tech,CSE (AI and ML),7.21,AI / Machine Learning,Build expertise in AI / Machine Learning and contribute to impactful technology projects,Computer Vision,Computer Vision;Deep Learning;TensorFlow;Machine Learning;Swift;Firebase;GraphQL;Kotlin,Full Stack Developer;Backend Developer,6,1,1,3,2,IoT;Agriculture,true,Available,Weekends,Any,Kolkata,English;Hindi;Bengali,https://github.com/bridgeup-demo/shivam-ghosh-1153,https://www.linkedin.com/in/shivam-ghosh-1153,4th year CSE (AI and ML) student interested in IoT and collaborative hackathon teams.,Verified,Platform members,Yes,3.5,87,2026-06-24T10:00:00Z
1154,usr-stu-1154,Tania Kar,student1154@bridgeup.example,Female,1,Institute of Engineering and Management,IEM,1,2030,B.Tech,Information Technology,7.72,Web / Cloud,Build expertise in Web / Cloud and contribute to impactful technology projects,React,React;Docker;TypeScript;Node.js;JavaScript;AWS;Swift;Scikit-learn,Pitch and Presentation Lead;Robotics Engineer,4,0,0,0,0,Robotics;EdTech,true,Available,Friday and weekends,In-person,Kolkata,English;Bengali,https://github.com/bridgeup-demo/tania-kar-1154,https://www.linkedin.com/in/tania-kar-1154,1st year Information Technology student interested in Robotics and collaborative hackathon teams.,Verified,Platform members,Yes,4.8,99,2026-03-11T10:00:00Z
1155,usr-stu-1155,Aritra Sen,student1155@bridgeup.example,Male,1,Institute of Engineering and Management,IEM,4,2027,B.Tech,Information Technology,7.13,Web / Cloud,Build expertise in Web / Cloud and contribute to impactful technology projects,TypeScript,TypeScript;JavaScript;Node.js;Docker;React;Express;GCP;REST APIs,Embedded Systems Engineer;UI/UX Designer,3,1,0,6,5,Sustainability;Cybersecurity,true,Available,Weekday evenings,Remote,Kolkata,English;Hindi;Tamil,https://github.com/bridgeup-demo/aritra-dey-1155,https://www.linkedin.com/in/aritra-dey-1155,4th year Information Technology student interested in Sustainability and collaborative hackathon teams.,Verified,Platform members,Yes,3.9,72,2026-06-04T10:00:00Z
1156,usr-stu-1156,Rahul Basu,student1156@bridgeup.example,Male,1,Institute of Engineering and Management,IEM,3,2028,B.Tech,Electronics and Communication Engineering,6.74,Embedded / Robotics,Build expertise in Embedded / Robotics and contribute to impactful technology projects,MATLAB,MATLAB;C;Signal Processing;Arduino;Generative AI;REST APIs,Pitch and Presentation Lead;Cloud/DevOps Engineer,3,2,2,6,0,Cybersecurity;Web3,true,Available,Weekends,Any,Kolkata,English;Hindi;Bengali,https://github.com/bridgeup-demo/rahul-saha-1156,https://www.linkedin.com/in/rahul-saha-1156,3rd year Electronics and Communication Engineering student interested in Cybersecurity and collaborative hackathon teams.,Verified,Platform members,Yes,4.8,71,2026-06-28T10:00:00Z
1157,usr-stu-1157,Ananya Pal,student1157@bridgeup.example,Female,1,Institute of Engineering and Management,IEM,3,2028,BBA,Business Administration,6.90,Product / Business,Build expertise in Product / Business and contribute to impactful technology projects,Communication,Communication;Excel;SQL;Business Analysis;Market Research;Figma;Rust;Swift;GraphQL;Blockchain,UI/UX Designer;Data Scientist,4,2,0,6,4,Web3;Agriculture,true,Available,Weekends,Any,Kolkata,English;Bengali;Odia,https://github.com/bridgeup-demo/ananya-dey-1157,https://www.linkedin.com/in/ananya-dey-1157,3rd year Business Administration student interested in Web3 and collaborative hackathon teams.,Verified,Platform members,Yes,4.1,73,2026-01-20T10:00:00Z
1158,usr-stu-1158,Anirban Bose,student1158@bridgeup.example,Male,1,Institute of Engineering and Management,IEM,4,2027,B.Tech,Computer Science and Engineering,9.04,Software Engineering,Build expertise in Software Engineering and contribute to impactful technology projects,System Design,System Design;Algorithms;Git;C++;Data Structures;Java;Linux;Spring Boot;Generative AI,Business Analyst;Product Manager,5,0,0,3,0,Agriculture;Cybersecurity,true,Available,Flexible,Any,Kolkata,English;Hindi,https://github.com/bridgeup-demo/anirban-sarkar-1158,https://www.linkedin.com/in/anirban-sarkar-1158,4th year Computer Science and Engineering student interested in Agriculture and collaborative hackathon teams.,Verified,Platform members,Yes,4.9,85,2026-08-04T10:00:00Z
1159,usr-stu-1159,Tanmay Sarkar,student1159@bridgeup.example,Male,1,Institute of Engineering and Management,IEM,3,2028,B.Tech,Information Technology,8.13,Web / Cloud,Build expertise in Web / Cloud and contribute to impactful technology projects,TypeScript,TypeScript;JavaScript;Docker;Node.js;Express;Redis;Go,Backend Developer;Cloud/DevOps Engineer,1,0,0,3,1,Healthcare;EdTech,false,Available,Weekends,In-person,Kolkata,English;Bengali,https://github.com/bridgeup-demo/tanmay-ghosh-1159,https://www.linkedin.com/in/tanmay-ghosh-1159,3rd year Information Technology student interested in Healthcare and collaborative hackathon teams.,Verified,Platform members,Yes,3.7,93,2026-04-20T10:00:00Z
1160,usr-stu-1160,Anirban Basu,student1160@bridgeup.example,Male,1,Institute of Engineering and Management,IEM,2,2029,B.Tech,CSE (AI and ML),7.65,AI / Machine Learning,Build expertise in AI / Machine Learning and contribute to impactful technology projects,PyTorch,PyTorch;TensorFlow;Python;Machine Learning;Computer Vision;Kubernetes;Go;FastAPI;MongoDB,Embedded Systems Engineer;Full Stack Developer,8,4,0,1,1,Sustainability;Healthcare,true,Available,Weekday evenings,In-person,Kolkata,English;Bengali;Odia,https://github.com/bridgeup-demo/anirban-bhattacharya-1160,https://www.linkedin.com/in/anirban-bhattacharya-1160,2nd year CSE (AI and ML) student interested in Sustainability and collaborative hackathon teams.,Verified,Platform members,Yes,4.3,75,2026-04-10T10:00:00Z
1161,usr-stu-1161,Ankita Dhar,student1161@bridgeup.example,Female,1,Institute of Engineering and Management,IEM,2,2029,B.Tech,Information Technology,8.82,Web / Cloud,Build expertise in Web / Cloud and contribute to impactful technology projects,Node.js,Node.js;JavaScript;PostgreSQL;React;OpenCV;Solidity;Kotlin,Robotics Engineer;Business Analyst,0,0,0,3,2,Robotics;FinTech,false,Available,Flexible,In-person,Kolkata,English;Bengali,https://github.com/bridgeup-demo/ankita-sarkar-1161,https://www.linkedin.com/in/ankita-sarkar-1161,2nd year Information Technology student interested in Robotics and collaborative hackathon teams.,Verified,Platform members,Yes,3.8,75,2026-07-19T10:00:00Z
1162,usr-stu-1162,Madhurima Majumdar,student1162@bridgeup.example,Female,1,Institute of Engineering and Management,IEM,4,2027,B.Tech,CSE (AI and ML),9.17,AI / Machine Learning,Build expertise in AI / Machine Learning and contribute to impactful technology projects,TensorFlow,TensorFlow;Deep Learning;Machine Learning;Computer Vision;PyTorch;NLP;Flutter;Next.js;GCP,Frontend Developer;Business Analyst,1,0,0,3,3,Sustainability;Web3,false,Available,Weekday evenings,Remote,Kolkata,English;Bengali,https://github.com/bridgeup-demo/madhurima-saha-1162,https://www.linkedin.com/in/madhurima-saha-1162,4th year CSE (AI and ML) student interested in Sustainability and collaborative hackathon teams.,Verified,Platform members,Yes,3.7,87,2026-03-19T10:00:00Z
1163,usr-stu-1163,Roshni Banerjee,student1163@bridgeup.example,Female,1,Institute of Engineering and Management,IEM,1,2030,B.Tech,Electronics and Communication Engineering,8.21,Embedded / Robotics,Build expertise in Embedded / Robotics and contribute to impactful technology projects,Verilog,Verilog;MATLAB;Embedded Systems;C;ROS;Arduino;Scikit-learn;Blockchain,UI/UX Designer;ML Engineer,6,4,0,1,1,EdTech;Accessibility,true,Available,Weekend mornings,Hybrid,Kolkata,English;Hindi;Bengali,https://github.com/bridgeup-demo/roshni-guha-1163,https://www.linkedin.com/in/roshni-guha-1163,1st year Electronics and Communication Engineering student interested in EdTech and collaborative hackathon teams.,Verified,Platform members,Yes,4.1,91,2026-03-21T10:00:00Z
1164,usr-stu-1164,Debayan Paul,student1164@bridgeup.example,Male,1,Institute of Engineering and Management,IEM,4,2027,B.Tech,Electronics and Communication Engineering,9.12,Embedded / Robotics,Build expertise in Embedded / Robotics and contribute to impactful technology projects,Arduino,Arduino;Verilog;Signal Processing;MATLAB;Embedded Systems;C;FastAPI;Redis;Swift;Blockchain,Mobile App Developer;Cloud/DevOps Engineer,7,0,0,3,3,Agriculture;IoT,true,Available,Flexible,In-person,Kolkata,English;Hindi;Bengali,https://github.com/bridgeup-demo/debayan-chakraborty-1164,https://www.linkedin.com/in/debayan-chakraborty-1164,4th year Electronics and Communication Engineering student interested in Agriculture and collaborative hackathon teams.,Verified,Platform members,Yes,3.8,70,2026-09-13T10:00:00Z
1165,usr-stu-1165,Sagnik Roy,student1165@bridgeup.example,Male,1,Institute of Engineering and Management,IEM,4,2027,BBA,Business Administration,9.28,Product / Business,Build expertise in Product / Business and contribute to impactful technology projects,SQL,SQL;Figma;Excel;Product Management;Business Analysis;Market Research;UI/UX;Swift;Cybersecurity,Researcher;Business Analyst,5,0,0,4,4,Sustainability;AI for Social Good,true,Available,Weekend mornings,Remote,Kolkata,English;Hindi;Bengali,https://github.com/bridgeup-demo/sagnik-kar-1165,https://www.linkedin.com/in/sagnik-kar-1165,4th year Business Administration student interested in Sustainability and collaborative hackathon teams.,Verified,Platform members,Yes,4.3,96,2026-08-08T10:00:00Z
1166,usr-stu-1166,Diya Dhar,student1166@bridgeup.example,Female,1,Institute of Engineering and Management,IEM,4,2027,B.Tech,CSE (IoT),9.75,IoT / Embedded Systems,Build expertise in IoT / Embedded Systems and contribute to impactful technology projects,C++,C++;PCB Design;ESP32;IoT;Arduino;Figma;OpenCV;FastAPI,Pitch and Presentation Lead;Product Manager,6,3,0,8,0,Open Innovation;EdTech,true,Available,Flexible,Hybrid,Kolkata,English;Bengali;Odia,https://github.com/bridgeup-demo/diya-sarkar-1166,https://www.linkedin.com/in/diya-sarkar-1166,4th year CSE (IoT) student interested in Open Innovation and collaborative hackathon teams.,Verified,Platform members,Yes,5.0,79,2026-08-09T10:00:00Z
1167,usr-stu-1167,Megha Kar,student1167@bridgeup.example,Female,1,Institute of Engineering and Management,IEM,2,2029,B.Sc.,Data Science,7.51,Data Science,Build expertise in Data Science and contribute to impactful technology projects,Statistics,Statistics;Machine Learning;Pandas;Python;Django;Rust;Kubernetes,Full Stack Developer;Product Manager,2,1,1,7,5,Agriculture;IoT,true,Available,Friday and weekends,Hybrid,Kolkata,English;Bengali,https://github.com/bridgeup-demo/megha-mitra-1167,https://www.linkedin.com/in/megha-mitra-1167,2nd year Data Science student interested in Agriculture and collaborative hackathon teams.,Verified,Platform members,Yes,4.5,81,2026-06-25T10:00:00Z
1168,usr-stu-1168,Srija Bhattacharya,student1168@bridgeup.example,Female,1,Institute of Engineering and Management,IEM,3,2028,B.Tech,Electrical Engineering,7.53,Hardware / Energy,Build expertise in Hardware / Energy and contribute to impactful technology projects,MATLAB,MATLAB;Power Systems;Renewable Energy;Python;Control Systems;IoT;Django;Flutter;GraphQL;FastAPI,UI/UX Designer;Full Stack Developer,0,0,0,4,4,Robotics;Sustainability,false,Available,Friday and weekends,Hybrid,Kolkata,English;Hindi;Bengali,https://github.com/bridgeup-demo/srija-bhattacharya-1168,https://www.linkedin.com/in/srija-bhattacharya-1168,3rd year Electrical Engineering student interested in Robotics and collaborative hackathon teams.,Verified,Platform members,Yes,3.9,73,2026-05-03T10:00:00Z
1169,usr-stu-1169,Ananya Chatterjee,student1169@bridgeup.example,Female,1,Institute of Engineering and Management,IEM,4,2027,BBA,Business Administration,7.02,Product / Business,Build expertise in Product / Business and contribute to impactful technology projects,Business Analysis,Business Analysis;Communication;Agile;Product Management;Market Research;Go;Azure;Generative AI;Rust,Backend Developer;Robotics Engineer,5,4,2,8,8,Agriculture;Disaster Management,true,Available,Weekend mornings,Remote,Kolkata,English;Hindi;Tamil,https://github.com/bridgeup-demo/ananya-paul-1169,https://www.linkedin.com/in/ananya-paul-1169,4th year Business Administration student interested in Agriculture and collaborative hackathon teams.,Verified,Platform members,Yes,3.5,97,2026-07-02T10:00:00Z
1170,usr-stu-1170,Abhishek Pal,student1170@bridgeup.example,Male,1,Institute of Engineering and Management,IEM,2,2029,B.Tech,Electronics and Communication Engineering,7.87,Embedded / Robotics,Build expertise in Embedded / Robotics and contribute to impactful technology projects,C,C;Embedded Systems;MATLAB;Arduino;Signal Processing;Linux;Next.js,Embedded Systems Engineer;Robotics Engineer,8,4,0,2,0,Robotics;Accessibility,true,Available,Weekday evenings,Remote,Kolkata,English;Hindi,https://github.com/bridgeup-demo/abhishek-sen-1170,https://www.linkedin.com/in/abhishek-sen-1170,2nd year Electronics and Communication Engineering student interested in Robotics and collaborative hackathon teams.,Verified,Platform members,Yes,4.5,95,2026-05-26T10:00:00Z
1171,usr-stu-1171,Ishita Paul,student1171@bridgeup.example,Female,1,Institute of Engineering and Management,IEM,3,2028,B.Tech,CSE (AI and ML),7.49,AI / Machine Learning,Build expertise in AI / Machine Learning and contribute to impactful technology projects,PyTorch,PyTorch;TensorFlow;Python;Pandas;Deep Learning;Computer Vision;Figma;OpenCV,Product Manager;Data Scientist,6,1,0,4,4,Healthcare;FinTech,true,Available,Weekday evenings,Any,Kolkata,English;Hindi;Tamil,https://github.com/bridgeup-demo/ishita-mitra-1171,https://www.linkedin.com/in/ishita-mitra-1171,3rd year CSE (AI and ML) student interested in Healthcare and collaborative hackathon teams.,Verified,Platform members,Yes,5.0,90,2026-01-13T10:00:00Z
1172,usr-stu-1172,Shreya Banerjee,student1172@bridgeup.example,Female,1,Institute of Engineering and Management,IEM,4,2027,B.Tech,Information Technology,7.91,Web / Cloud,Build expertise in Web / Cloud and contribute to impactful technology projects,JavaScript,JavaScript;Node.js;TypeScript;Express;Docker;Rust;REST APIs,Pitch and Presentation Lead;Business Analyst,7,0,0,6,2,Agriculture;Sustainability,true,Available,Flexible,In-person,Kolkata,English;Hindi;Bengali,https://github.com/bridgeup-demo/shreya-paul-1172,https://www.linkedin.com/in/shreya-paul-1172,4th year Information Technology student interested in Agriculture and collaborative hackathon teams.,Verified,Platform members,Yes,4.9,99,2026-03-13T10:00:00Z
1173,usr-stu-1173,Shivam Guha,student1173@bridgeup.example,Male,1,Institute of Engineering and Management,IEM,2,2029,B.Tech,Computer Science and Engineering,8.78,Software Engineering,Build expertise in Software Engineering and contribute to impactful technology projects,Algorithms,Algorithms;System Design;Data Structures;SQL;Git;Next.js;Go,Robotics Engineer;Cybersecurity Engineer,8,3,2,8,7,Healthcare;Agriculture,true,Available,Flexible,Any,Kolkata,English;Bengali;Odia,https://github.com/bridgeup-demo/shivam-singh-1173,https://www.linkedin.com/in/shivam-singh-1173,2nd year Computer Science and Engineering student interested in Healthcare and collaborative hackathon teams.,Verified,Platform members,Yes,4.3,96,2026-08-12T10:00:00Z
1174,usr-stu-1174,Soumyadeep Chatterjee,student1174@bridgeup.example,Male,1,Institute of Engineering and Management,IEM,2,2029,B.Sc.,Data Science,7.67,Data Science,Build expertise in Data Science and contribute to impactful technology projects,Python,Python;SQL;NumPy;Machine Learning;Power BI;Solidity;Next.js;Generative AI;Figma,Business Analyst;Embedded Systems Engineer,3,1,1,8,4,Open Innovation;Healthcare,true,Available,Weekends,Remote,Kolkata,English;Bengali;Odia,https://github.com/bridgeup-demo/soumyadeep-bhattacharya-1174,https://www.linkedin.com/in/soumyadeep-bhattacharya-1174,2nd year Data Science student interested in Open Innovation and collaborative hackathon teams.,Verified,Platform members,Yes,4.7,96,2026-05-27T10:00:00Z
1175,usr-stu-1175,Shreya Saha,student1175@bridgeup.example,Female,1,Institute of Engineering and Management,IEM,1,2030,B.Tech,CSE (IoT),9.06,IoT / Embedded Systems,Build expertise in IoT / Embedded Systems and contribute to impactful technology projects,Embedded Systems,Embedded Systems;IoT;C;ESP32;Arduino;FastAPI;Flutter,UI/UX Designer;Product Manager,1,1,1,2,1,Sustainability;AI for Social Good,false,Available,Weekend mornings,Any,Kolkata,English;Hindi;Tamil,https://github.com/bridgeup-demo/shreya-guha-1175,https://www.linkedin.com/in/shreya-guha-1175,1st year CSE (IoT) student interested in Sustainability and collaborative hackathon teams.,Verified,Platform members,Yes,4.5,78,2026-09-01T10:00:00Z
1176,usr-stu-1176,Neha Dhar,student1176@bridgeup.example,Female,1,Institute of Engineering and Management,IEM,1,2030,B.Tech,Information Technology,8.09,Web / Cloud,Build expertise in Web / Cloud and contribute to impactful technology projects,Docker,Docker;Node.js;Express;PostgreSQL;JavaScript;Swift;Scikit-learn;Figma,Frontend Developer;Cybersecurity Engineer,5,2,0,1,1,Web3;Sustainability,true,Available,Weekends,In-person,Kolkata,English;Hindi;Bengali,https://github.com/bridgeup-demo/neha-karmakar-1176,https://www.linkedin.com/in/neha-karmakar-1176,1st year Information Technology student interested in Web3 and collaborative hackathon teams.,Verified,Platform members,Yes,3.9,80,2026-08-27T10:00:00Z
1177,usr-stu-1177,Pratyay Pal,student1177@bridgeup.example,Male,1,Institute of Engineering and Management,IEM,2,2029,B.Tech,Computer Science and Engineering,9.01,Software Engineering,Build expertise in Software Engineering and contribute to impactful technology projects,Git,Git;SQL;Python;System Design;Algorithms;Azure;Solidity;Spring Boot;Rust,Embedded Systems Engineer;Researcher,6,3,0,4,3,Agriculture;Cybersecurity,true,Available,Weekend mornings,Remote,Kolkata,English;Hindi;Bengali,https://github.com/bridgeup-demo/pratyay-chakraborty-1177,https://www.linkedin.com/in/pratyay-chakraborty-1177,2nd year Computer Science and Engineering student interested in Agriculture and collaborative hackathon teams.,Verified,Platform members,Yes,3.9,98,2026-04-28T10:00:00Z
1178,usr-stu-1178,Abhishek Lahiri,student1178@bridgeup.example,Male,1,Institute of Engineering and Management,IEM,2,2029,B.Sc.,Data Science,8.73,Data Science,Build expertise in Data Science and contribute to impactful technology projects,Tableau,Tableau;Pandas;Python;Machine Learning;Linux;Blockchain;Generative AI;Next.js,Robotics Engineer;Mobile App Developer,3,0,0,6,1,Healthcare;IoT,true,Available,Weekends,Any,Kolkata,English;Bengali,https://github.com/bridgeup-demo/abhishek-sen-1178,https://www.linkedin.com/in/abhishek-sen-1178,2nd year Data Science student interested in Healthcare and collaborative hackathon teams.,Verified,Platform members,Yes,4.0,98,2026-04-12T10:00:00Z
1179,usr-stu-1179,Aritra Chakraborty,student1179@bridgeup.example,Male,1,Institute of Engineering and Management,IEM,1,2030,B.Tech,CSE (IoT),6.84,IoT / Embedded Systems,Build expertise in IoT / Embedded Systems and contribute to impactful technology projects,C++,C++;PCB Design;C;Embedded Systems;Arduino;Django;GraphQL;REST APIs;Go,Full Stack Developer;Frontend Developer,3,2,2,3,2,Accessibility;Robotics,false,Available,Friday and weekends,In-person,Kolkata,English;Hindi;Tamil,https://github.com/bridgeup-demo/aritra-mukherjee-1179,https://www.linkedin.com/in/aritra-mukherjee-1179,1st year CSE (IoT) student interested in Accessibility and collaborative hackathon teams.,Verified,Platform members,Yes,4.3,90,2026-05-15T10:00:00Z
1180,usr-stu-1180,Sayan Karmakar,student1180@bridgeup.example,Male,1,Institute of Engineering and Management,IEM,1,2030,BBA,Business Administration,6.70,Product / Business,Build expertise in Product / Business and contribute to impactful technology projects,Product Management,Product Management;SQL;Excel;Figma;Next.js;Go;Blockchain,Cybersecurity Engineer;Mobile App Developer,5,4,1,7,0,EdTech;Accessibility,true,Available,Flexible,Remote,Kolkata,English;Hindi,https://github.com/bridgeup-demo/sayan-banerjee-1180,https://www.linkedin.com/in/sayan-banerjee-1180,1st year Business Administration student interested in EdTech and collaborative hackathon teams.,Verified,Platform members,Yes,3.7,82,2026-03-09T10:00:00Z
1181,usr-stu-1181,Pratyay Kar,student1181@bridgeup.example,Male,1,Institute of Engineering and Management,IEM,1,2030,B.Tech,Electrical Engineering,7.86,Hardware / Energy,Build expertise in Hardware / Energy and contribute to impactful technology projects,AutoCAD,AutoCAD;Control Systems;IoT;Python;MATLAB;Renewable Energy;Kotlin;Linux;MongoDB;Swift,Full Stack Developer;Backend Developer,1,1,0,4,4,FinTech;Healthcare,false,Available,Weekend mornings,Remote,Kolkata,English;Hindi;Bengali,https://github.com/bridgeup-demo/pratyay-lahiri-1181,https://www.linkedin.com/in/pratyay-lahiri-1181,1st year Electrical Engineering student interested in FinTech and collaborative hackathon teams.,Verified,Platform members,Yes,4.6,88,2026-02-26T10:00:00Z
1182,usr-stu-1182,Tania Singh,student1182@bridgeup.example,Female,1,Institute of Engineering and Management,IEM,3,2028,B.Tech,Electronics and Communication Engineering,8.53,Embedded / Robotics,Build expertise in Embedded / Robotics and contribute to impactful technology projects,Arduino,Arduino;Robotics;MATLAB;C;Verilog;UI/UX;Swift;REST APIs,Full Stack Developer;Mobile App Developer,4,3,2,6,2,AI for Social Good;Smart Cities,true,Available,Friday and weekends,In-person,Kolkata,English;Hindi,https://github.com/bridgeup-demo/tania-mukherjee-1182,https://www.linkedin.com/in/tania-mukherjee-1182,3rd year Electronics and Communication Engineering student interested in AI for Social Good and collaborative hackathon teams.,Verified,Platform members,Yes,4.1,73,2026-09-05T10:00:00Z
1183,usr-stu-1183,Neel Bose,student1183@bridgeup.example,Male,1,Institute of Engineering and Management,IEM,3,2028,B.Tech,Electrical Engineering,9.23,Hardware / Energy,Build expertise in Hardware / Energy and contribute to impactful technology projects,Control Systems,Control Systems;Python;Power Systems;AutoCAD;Circuit Design;GCP;MongoDB;Next.js;Linux,Business Analyst;Cloud/DevOps Engineer,3,0,0,4,4,Open Innovation;IoT,false,Available,Weekend mornings,In-person,Kolkata,English;Bengali;Odia,https://github.com/bridgeup-demo/neel-majumdar-1183,https://www.linkedin.com/in/neel-majumdar-1183,3rd year Electrical Engineering student interested in Open Innovation and collaborative hackathon teams.,Verified,Platform members,Yes,4.8,74,2026-01-28T10:00:00Z
1184,usr-stu-1184,Shayan Kar,student1184@bridgeup.example,Non-binary,1,Institute of Engineering and Management,IEM,3,2028,B.Tech,Electronics and Communication Engineering,9.38,Embedded / Robotics,Build expertise in Embedded / Robotics and contribute to impactful technology projects,C,C;MATLAB;ROS;Embedded Systems;Verilog;Arduino;Cybersecurity;Scikit-learn,UI/UX Designer;Frontend Developer,6,4,1,4,3,Open Innovation;Accessibility,true,Available,Weekend mornings,Hybrid,Kolkata,English;Hindi,https://github.com/bridgeup-demo/shayan-kar-1184,https://www.linkedin.com/in/shayan-kar-1184,3rd year Electronics and Communication Engineering student interested in Open Innovation and collaborative hackathon teams.,Verified,Platform members,Yes,4.1,86,2026-05-03T10:00:00Z
1185,usr-stu-1185,Ayan Mitra,student1185@bridgeup.example,Male,1,Institute of Engineering and Management,IEM,2,2029,BBA,Business Administration,6.86,Product / Business,Build expertise in Product / Business and contribute to impactful technology projects,Product Management,Product Management;Communication;Market Research;Business Analysis;Figma;Blockchain;Generative AI,Backend Developer;Researcher,8,1,0,7,2,FinTech;AI for Social Good,true,Available,Weekends,Remote,Kolkata,English;Hindi;Bengali,https://github.com/bridgeup-demo/ayan-lahiri-1185,https://www.linkedin.com/in/ayan-lahiri-1185,2nd year Business Administration student interested in FinTech and collaborative hackathon teams.,Verified,Platform members,Yes,3.9,77,2026-01-10T10:00:00Z
1186,usr-stu-1186,Neha Saha,student1186@bridgeup.example,Female,1,Institute of Engineering and Management,IEM,3,2028,B.Sc.,Data Science,8.72,Data Science,Build expertise in Data Science and contribute to impactful technology projects,SQL,SQL;Python;NumPy;Pandas;Machine Learning;Redis;Azure,Robotics Engineer;Full Stack Developer,2,1,0,3,3,Cybersecurity;FinTech,false,Available,Friday and weekends,Remote,Kolkata,English;Hindi,https://github.com/bridgeup-demo/neha-guha-1186,https://www.linkedin.com/in/neha-guha-1186,3rd year Data Science student interested in Cybersecurity and collaborative hackathon teams.,Verified,Platform members,Yes,4.9,71,2026-07-06T10:00:00Z
1187,usr-stu-1187,Neel Karmakar,student1187@bridgeup.example,Male,1,Institute of Engineering and Management,IEM,1,2030,B.Sc.,Data Science,9.49,Data Science,Build expertise in Data Science and contribute to impactful technology projects,Pandas,Pandas;Python;Statistics;Machine Learning;SQL;NumPy;OpenCV;Cybersecurity,Backend Developer;Product Manager,8,4,1,2,2,AI for Social Good;Robotics,true,Available,Friday and weekends,Any,Kolkata,English;Bengali;Odia,https://github.com/bridgeup-demo/neel-lahiri-1187,https://www.linkedin.com/in/neel-lahiri-1187,1st year Data Science student interested in AI for Social Good and collaborative hackathon teams.,Verified,Platform members,Yes,4.9,75,2026-01-25T10:00:00Z
1188,usr-stu-1188,Sayan Nandi,student1188@bridgeup.example,Male,1,Institute of Engineering and Management,IEM,2,2029,BBA,Business Administration,7.94,Product / Business,Build expertise in Product / Business and contribute to impactful technology projects,Figma,Figma;Agile;Market Research;SQL;Excel;Communication;Kotlin;Redis,Robotics Engineer;Data Scientist,7,3,0,8,8,Smart Cities;FinTech,true,Available,Weekday evenings,Remote,Kolkata,English;Hindi,https://github.com/bridgeup-demo/sayan-mukherjee-1188,https://www.linkedin.com/in/sayan-mukherjee-1188,2nd year Business Administration student interested in Smart Cities and collaborative hackathon teams.,Verified,Platform members,Yes,5.0,71,2026-09-17T10:00:00Z
1189,usr-stu-1189,Aarav Nandi,student1189@bridgeup.example,Male,1,Institute of Engineering and Management,IEM,4,2027,B.Sc.,Data Science,7.16,Data Science,Build expertise in Data Science and contribute to impactful technology projects,NumPy,NumPy;Statistics;Power BI;Pandas;OpenCV;Azure,ML Engineer;Mobile App Developer,6,2,0,6,0,IoT;Web3,true,Available,Weekends,Hybrid,Kolkata,English;Hindi,https://github.com/bridgeup-demo/aarav-chatterjee-1189,https://www.linkedin.com/in/aarav-chatterjee-1189,4th year Data Science student interested in IoT and collaborative hackathon teams.,Verified,Platform members,Yes,4.9,86,2026-05-19T10:00:00Z
1190,usr-stu-1190,Sagnik Saha,student1190@bridgeup.example,Male,1,Institute of Engineering and Management,IEM,2,2029,B.Tech,CSE (IoT),8.55,IoT / Embedded Systems,Build expertise in IoT / Embedded Systems and contribute to impactful technology projects,Arduino,Arduino;Embedded Systems;C++;MQTT;ESP32;C;Firebase;Rust,Business Analyst;Frontend Developer,8,1,0,7,2,Healthcare;Cybersecurity,true,Available,Flexible,In-person,Kolkata,English;Bengali;Odia,https://github.com/bridgeup-demo/sagnik-roy-1190,https://www.linkedin.com/in/sagnik-roy-1190,2nd year CSE (IoT) student interested in Healthcare and collaborative hackathon teams.,Verified,Platform members,Yes,4.6,85,2026-08-01T10:00:00Z
1191,usr-stu-1191,Neel Ghosh,student1191@bridgeup.example,Male,1,Institute of Engineering and Management,IEM,2,2029,B.Tech,Information Technology,9.11,Web / Cloud,Build expertise in Web / Cloud and contribute to impactful technology projects,Express,Express;React;AWS;Node.js;Spring Boot;Figma;Flutter;OpenCV,Business Analyst;Cybersecurity Engineer,2,2,0,8,3,IoT;Sustainability,true,Available,Flexible,Hybrid,Kolkata,English;Bengali,https://github.com/bridgeup-demo/neel-pal-1191,https://www.linkedin.com/in/neel-pal-1191,2nd year Information Technology student interested in IoT and collaborative hackathon teams.,Verified,Platform members,Yes,4.4,98,2026-09-16T10:00:00Z
1192,usr-stu-1192,Koyel Sarkar,student1192@bridgeup.example,Female,1,Institute of Engineering and Management,IEM,3,2028,B.Sc.,Data Science,9.40,Data Science,Build expertise in Data Science and contribute to impactful technology projects,NumPy,NumPy;Tableau;Python;Power BI;Statistics;SQL;Figma;Linux;Kubernetes,Business Analyst;Product Manager,7,4,0,9,3,EdTech;Accessibility,true,Available,Weekends,Any,Kolkata,English;Hindi;Tamil,https://github.com/bridgeup-demo/koyel-singh-1192,https://www.linkedin.com/in/koyel-singh-1192,3rd year Data Science student interested in EdTech and collaborative hackathon teams.,Verified,Platform members,Yes,4.8,97,2026-08-22T10:00:00Z
1193,usr-stu-1193,Sohini Bose,student1193@bridgeup.example,Female,1,Institute of Engineering and Management,IEM,1,2030,B.Tech,Information Technology,7.78,Web / Cloud,Build expertise in Web / Cloud and contribute to impactful technology projects,TypeScript,TypeScript;React;Docker;Express;JavaScript;Spring Boot;Cybersecurity,Robotics Engineer;Business Analyst,2,2,1,4,4,Smart Cities;Cybersecurity,false,Available,Weekend mornings,Any,Kolkata,English;Hindi;Bengali,https://github.com/bridgeup-demo/sohini-nandi-1193,https://www.linkedin.com/in/sohini-nandi-1193,1st year Information Technology student interested in Smart Cities and collaborative hackathon teams.,Verified,Platform members,Yes,4.5,88,2026-06-09T10:00:00Z
1194,usr-stu-1194,Arpita Mukherjee,student1194@bridgeup.example,Female,1,Institute of Engineering and Management,IEM,3,2028,B.Tech,Information Technology,6.74,Web / Cloud,Build expertise in Web / Cloud and contribute to impactful technology projects,JavaScript,JavaScript;React;AWS;Docker;Express;MongoDB;Spring Boot,UI/UX Designer;Embedded Systems Engineer,1,0,0,8,3,EdTech;FinTech,true,Available,Weekday evenings,Remote,Kolkata,English;Hindi,https://github.com/bridgeup-demo/arpita-singh-1194,https://www.linkedin.com/in/arpita-singh-1194,3rd year Information Technology student interested in EdTech and collaborative hackathon teams.,Verified,Platform members,Yes,4.5,96,2026-04-22T10:00:00Z
1195,usr-stu-1195,Megha Pal,student1195@bridgeup.example,Female,1,Institute of Engineering and Management,IEM,3,2028,BBA,Business Administration,6.53,Product / Business,Build expertise in Product / Business and contribute to impactful technology projects,Figma,Figma;Excel;Product Management;Business Analysis;MongoDB;Rust,Cloud/DevOps Engineer;ML Engineer,7,3,0,7,7,Healthcare;Agriculture,true,Available,Weekends,Remote,Kolkata,English;Hindi;Bengali,https://github.com/bridgeup-demo/megha-roy-1195,https://www.linkedin.com/in/megha-roy-1195,3rd year Business Administration student interested in Healthcare and collaborative hackathon teams.,Verified,Platform members,Yes,4.4,79,2026-01-27T10:00:00Z
1196,usr-stu-1196,Nandini Banerjee,student1196@bridgeup.example,Female,1,Institute of Engineering and Management,IEM,3,2028,B.Sc.,Data Science,7.24,Data Science,Build expertise in Data Science and contribute to impactful technology projects,Power BI,Power BI;Pandas;NumPy;Machine Learning;Tableau;Kotlin;Flutter,ML Engineer;Business Analyst,8,3,0,7,7,Sustainability;Robotics,true,Available,Weekends,Any,Kolkata,English;Hindi;Bengali,https://github.com/bridgeup-demo/nandini-bhattacharya-1196,https://www.linkedin.com/in/nandini-bhattacharya-1196,3rd year Data Science student interested in Sustainability and collaborative hackathon teams.,Verified,Platform members,Yes,4.8,86,2026-02-24T10:00:00Z
1197,usr-stu-1197,Ritwik Bhattacharya,student1197@bridgeup.example,Male,1,Institute of Engineering and Management,IEM,3,2028,B.Tech,CSE (AI and ML),8.90,AI / Machine Learning,Build expertise in AI / Machine Learning and contribute to impactful technology projects,NLP,NLP;Python;Machine Learning;PyTorch;Blockchain;LangChain;Figma;GCP,Mobile App Developer;ML Engineer,7,3,2,5,2,Web3;Healthcare,true,Available,Weekday evenings,In-person,Kolkata,English;Bengali;Odia,https://github.com/bridgeup-demo/ritwik-das-1197,https://www.linkedin.com/in/ritwik-das-1197,3rd year CSE (AI and ML) student interested in Web3 and collaborative hackathon teams.,Verified,Platform members,Yes,3.6,86,2026-06-21T10:00:00Z
1198,usr-stu-1198,Tania Paul,student1198@bridgeup.example,Female,1,Institute of Engineering and Management,IEM,4,2027,B.Tech,CSE (AI and ML),7.50,AI / Machine Learning,Build expertise in AI / Machine Learning and contribute to impactful technology projects,Pandas,Pandas;NLP;Python;Machine Learning;Deep Learning;LangChain;MongoDB;Cybersecurity,Business Analyst;Mobile App Developer,7,0,0,8,8,Disaster Management;Web3,true,Available,Friday and weekends,In-person,Kolkata,English;Hindi;Bengali,https://github.com/bridgeup-demo/tania-karmakar-1198,https://www.linkedin.com/in/tania-karmakar-1198,4th year CSE (AI and ML) student interested in Disaster Management and collaborative hackathon teams.,Verified,Platform members,Yes,4.2,100,2026-01-27T10:00:00Z
1199,usr-stu-1199,Esha Sen,student1199@bridgeup.example,Female,1,Institute of Engineering and Management,IEM,4,2027,B.Tech,CSE (IoT),6.53,IoT / Embedded Systems,Build expertise in IoT / Embedded Systems and contribute to impactful technology projects,PCB Design,PCB Design;IoT;C++;Arduino;Spring Boot;UI/UX,Embedded Systems Engineer;Frontend Developer,7,0,0,3,0,Agriculture;Open Innovation,true,Available,Weekends,Hybrid,Kolkata,English;Hindi;Tamil,https://github.com/bridgeup-demo/esha-ghosh-1199,https://www.linkedin.com/in/esha-ghosh-1199,4th year CSE (IoT) student interested in Agriculture and collaborative hackathon teams.,Verified,Platform members,Yes,4.0,76,2026-09-20T10:00:00Z
1200,usr-stu-1200,Debayan Lahiri,student1200@bridgeup.example,Male,1,Institute of Engineering and Management,IEM,3,2028,B.Tech,CSE (IoT),6.51,IoT / Embedded Systems,Build expertise in IoT / Embedded Systems and contribute to impactful technology projects,MQTT,MQTT;C++;PCB Design;IoT;Arduino;Spring Boot;Azure,Robotics Engineer;Backend Developer,7,0,0,3,1,Sustainability;FinTech,true,Available,Flexible,Any,Kolkata,English;Hindi;Bengali,https://github.com/bridgeup-demo/debayan-majumdar-1200,https://www.linkedin.com/in/debayan-majumdar-1200,3rd year CSE (IoT) student interested in Sustainability and collaborative hackathon teams.,Verified,Platform members,Yes,3.8,97,2026-04-25T10:00:00Z
1201,usr-stu-1201,Arpita Nandi,student1201@bridgeup.example,Female,1,Institute of Engineering and Management,IEM,2,2029,BBA,Business Administration,6.96,Product / Business,Build expertise in Product / Business and contribute to impactful technology projects,Business Analysis,Business Analysis;Figma;Agile;SQL;Communication;UI/UX;Blockchain;Django;OpenCV,Robotics Engineer;Business Analyst,6,3,0,8,8,Sustainability;Open Innovation,true,Available,Weekends,In-person,Kolkata,English;Hindi,https://github.com/bridgeup-demo/arpita-majumdar-1201,https://www.linkedin.com/in/arpita-majumdar-1201,2nd year Business Administration student interested in Sustainability and collaborative hackathon teams.,Verified,Platform members,Yes,4.7,77,2026-03-04T10:00:00Z
1202,usr-stu-1202,Shreya Majumdar,student1202@bridgeup.example,Female,1,Institute of Engineering and Management,IEM,3,2028,BBA,Business Administration,7.05,Product / Business,Build expertise in Product / Business and contribute to impactful technology projects,Market Research,Market Research;Business Analysis;Figma;SQL;Communication;Azure;Linux,Embedded Systems Engineer;Mobile App Developer,0,0,0,4,1,Disaster Management;Robotics,false,Available,Weekends,Any,Kolkata,English;Bengali,https://github.com/bridgeup-demo/shreya-mukherjee-1202,https://www.linkedin.com/in/shreya-mukherjee-1202,3rd year Business Administration student interested in Disaster Management and collaborative hackathon teams.,Verified,Platform members,Yes,4.4,77,2026-05-22T10:00:00Z
1203,usr-stu-1203,Ahona Majumdar,student1203@bridgeup.example,Female,1,Institute of Engineering and Management,IEM,1,2030,B.Tech,CSE (IoT),7.81,IoT / Embedded Systems,Build expertise in IoT / Embedded Systems and contribute to impactful technology projects,Embedded Systems,Embedded Systems;C++;MQTT;C;Rust;Scikit-learn;Django;Flutter,UI/UX Designer;Robotics Engineer,7,3,0,0,0,Healthcare;Smart Cities,true,Available,Friday and weekends,In-person,Kolkata,English;Hindi;Bengali,https://github.com/bridgeup-demo/ahona-kar-1203,https://www.linkedin.com/in/ahona-kar-1203,1st year CSE (IoT) student interested in Healthcare and collaborative hackathon teams.,Verified,Platform members,Yes,3.7,77,2026-03-27T10:00:00Z
1204,usr-stu-1204,Ankita Chatterjee,student1204@bridgeup.example,Female,1,Institute of Engineering and Management,IEM,4,2027,B.Tech,Computer Science and Engineering,9.27,Software Engineering,Build expertise in Software Engineering and contribute to impactful technology projects,Algorithms,Algorithms;System Design;C++;Data Structures;Solidity;Azure,Pitch and Presentation Lead;Full Stack Developer,8,2,1,6,5,Cybersecurity;Disaster Management,true,Available,Weekends,Any,Kolkata,English;Bengali,https://github.com/bridgeup-demo/ankita-pal-1204,https://www.linkedin.com/in/ankita-pal-1204,4th year Computer Science and Engineering student interested in Cybersecurity and collaborative hackathon teams.,Verified,Platform members,Yes,4.6,93,2026-04-16T10:00:00Z
1205,usr-stu-1205,Aditi Lahiri,student1205@bridgeup.example,Female,1,Institute of Engineering and Management,IEM,3,2028,B.Tech,CSE (IoT),8.68,IoT / Embedded Systems,Build expertise in IoT / Embedded Systems and contribute to impactful technology projects,PCB Design,PCB Design;Arduino;IoT;C++;GCP;Swift;Linux,ML Engineer;Data Scientist,1,0,0,4,4,Open Innovation;FinTech,false,Available,Flexible,Hybrid,Kolkata,English;Hindi;Tamil,https://github.com/bridgeup-demo/aditi-bose-1205,https://www.linkedin.com/in/aditi-bose-1205,3rd year CSE (IoT) student interested in Open Innovation and collaborative hackathon teams.,Verified,Platform members,Yes,4.9,88,2026-09-07T10:00:00Z
1206,usr-stu-1206,Sneha Lahiri,student1206@bridgeup.example,Female,1,Institute of Engineering and Management,IEM,2,2029,B.Tech,Electronics and Communication Engineering,9.07,Embedded / Robotics,Build expertise in Embedded / Robotics and contribute to impactful technology projects,Signal Processing,Signal Processing;Embedded Systems;C;Arduino;Spring Boot;OpenCV;Redis;Flutter,Researcher;Robotics Engineer,8,2,0,7,3,Robotics;Agriculture,true,Available,Friday and weekends,Any,Kolkata,English;Bengali,https://github.com/bridgeup-demo/sneha-lahiri-1206,https://www.linkedin.com/in/sneha-lahiri-1206,2nd year Electronics and Communication Engineering student interested in Robotics and collaborative hackathon teams.,Verified,Platform members,Yes,4.8,77,2026-09-10T10:00:00Z
1207,usr-stu-1207,Anirban Mitra,student1207@bridgeup.example,Male,1,Institute of Engineering and Management,IEM,3,2028,B.Tech,CSE (AI and ML),8.62,AI / Machine Learning,Build expertise in AI / Machine Learning and contribute to impactful technology projects,Deep Learning,Deep Learning;TensorFlow;Pandas;Python;NLP;Go;Flutter;Spring Boot;Redis,Embedded Systems Engineer;UI/UX Designer,0,0,0,2,1,Accessibility;EdTech,false,Available,Weekend mornings,In-person,Kolkata,English;Bengali;Odia,https://github.com/bridgeup-demo/anirban-sen-1207,https://www.linkedin.com/in/anirban-sen-1207,3rd year CSE (AI and ML) student interested in Accessibility and collaborative hackathon teams.,Verified,Platform members,Yes,4.3,93,2026-03-27T10:00:00Z
1208,usr-stu-1208,Srija Guha,student1208@bridgeup.example,Female,1,Institute of Engineering and Management,IEM,2,2029,B.Tech,CSE (AI and ML),9.70,AI / Machine Learning,Build expertise in AI / Machine Learning and contribute to impactful technology projects,Pandas,Pandas;Deep Learning;TensorFlow;Python;Computer Vision;Go;Kotlin;Firebase;LangChain,Cybersecurity Engineer;Pitch and Presentation Lead,4,2,0,4,3,Sustainability;Robotics,true,Available,Friday and weekends,Remote,Kolkata,English;Hindi;Bengali,https://github.com/bridgeup-demo/srija-sarkar-1208,https://www.linkedin.com/in/srija-sarkar-1208,2nd year CSE (AI and ML) student interested in Sustainability and collaborative hackathon teams.,Verified,Platform members,Yes,4.6,95,2026-05-25T10:00:00Z
1209,usr-stu-1209,Ayan Guha,student1209@bridgeup.example,Male,1,Institute of Engineering and Management,IEM,4,2027,B.Tech,CSE (AI and ML),9.76,AI / Machine Learning,Build expertise in AI / Machine Learning and contribute to impactful technology projects,NLP,NLP;PyTorch;Computer Vision;Machine Learning;Linux;Kubernetes;Spring Boot,Backend Developer;Robotics Engineer,6,3,2,8,2,FinTech;IoT,true,Available,Weekend mornings,Hybrid,Kolkata,English;Bengali;Odia,https://github.com/bridgeup-demo/ayan-sarkar-1209,https://www.linkedin.com/in/ayan-sarkar-1209,4th year CSE (AI and ML) student interested in FinTech and collaborative hackathon teams.,Verified,Platform members,Yes,3.8,95,2026-05-20T10:00:00Z
1210,usr-stu-1210,Priyanka Chatterjee,student1210@bridgeup.example,Female,1,Institute of Engineering and Management,IEM,3,2028,B.Tech,CSE (IoT),7.85,IoT / Embedded Systems,Build expertise in IoT / Embedded Systems and contribute to impactful technology projects,Embedded Systems,Embedded Systems;IoT;MQTT;C;C++;Arduino;Swift;Redis,Cybersecurity Engineer;Robotics Engineer,5,2,1,3,3,AI for Social Good;FinTech,true,Available,Friday and weekends,Remote,Kolkata,English;Bengali,https://github.com/bridgeup-demo/priyanka-majumdar-1210,https://www.linkedin.com/in/priyanka-majumdar-1210,3rd year CSE (IoT) student interested in AI for Social Good and collaborative hackathon teams.,Verified,Platform members,Yes,4.3,83,2026-04-07T10:00:00Z
1211,usr-stu-1211,Priyanka Dhar,student1211@bridgeup.example,Female,1,Institute of Engineering and Management,IEM,2,2029,B.Tech,Information Technology,8.92,Web / Cloud,Build expertise in Web / Cloud and contribute to impactful technology projects,React,React;TypeScript;JavaScript;Express;Azure;Django;Flutter,Cloud/DevOps Engineer;Business Analyst,7,4,0,4,0,FinTech;Robotics,true,Available,Friday and weekends,Any,Kolkata,English;Bengali;Odia,https://github.com/bridgeup-demo/priyanka-majumdar-1211,https://www.linkedin.com/in/priyanka-majumdar-1211,2nd year Information Technology student interested in FinTech and collaborative hackathon teams.,Verified,Platform members,Yes,3.7,78,2026-06-15T10:00:00Z
1212,usr-stu-1212,Ananya Paul,student1212@bridgeup.example,Female,1,Institute of Engineering and Management,IEM,3,2028,B.Tech,CSE (AI and ML),7.10,AI / Machine Learning,Build expertise in AI / Machine Learning and contribute to impactful technology projects,Computer Vision,Computer Vision;Deep Learning;Machine Learning;NLP;REST APIs;Django;FastAPI,Full Stack Developer;Pitch and Presentation Lead,1,0,0,4,2,Web3;Cybersecurity,false,Available,Weekend mornings,In-person,Kolkata,English;Hindi,https://github.com/bridgeup-demo/ananya-dhar-1212,https://www.linkedin.com/in/ananya-dhar-1212,3rd year CSE (AI and ML) student interested in Web3 and collaborative hackathon teams.,Verified,Platform members,Yes,4.9,95,2026-03-16T10:00:00Z
1213,usr-stu-1213,Poulomi Ghosh,student1213@bridgeup.example,Female,1,Institute of Engineering and Management,IEM,1,2030,B.Tech,Electrical Engineering,7.39,Hardware / Energy,Build expertise in Hardware / Energy and contribute to impactful technology projects,Renewable Energy,Renewable Energy;Power Systems;Circuit Design;Control Systems;Python;IoT;Spring Boot;Solidity;Scikit-learn,Pitch and Presentation Lead;Product Manager,4,4,2,3,0,Smart Cities;FinTech,true,Available,Weekend mornings,Remote,Kolkata,English;Bengali,https://github.com/bridgeup-demo/poulomi-paul-1213,https://www.linkedin.com/in/poulomi-paul-1213,1st year Electrical Engineering student interested in Smart Cities and collaborative hackathon teams.,Verified,Platform members,Yes,4.7,98,2026-09-22T10:00:00Z
1214,usr-stu-1214,Poulomi Sen,student1214@bridgeup.example,Female,1,Institute of Engineering and Management,IEM,3,2028,B.Tech,Information Technology,7.60,Web / Cloud,Build expertise in Web / Cloud and contribute to impactful technology projects,TypeScript,TypeScript;React;Node.js;Express;JavaScript;GCP;Flutter;Swift;Solidity,Data Scientist;Frontend Developer,6,1,0,4,0,Healthcare;Sustainability,true,Available,Weekday evenings,Remote,Kolkata,English;Hindi;Tamil,https://github.com/bridgeup-demo/poulomi-kar-1214,https://www.linkedin.com/in/poulomi-kar-1214,3rd year Information Technology student interested in Healthcare and collaborative hackathon teams.,Verified,Platform members,Yes,4.3,95,2026-04-11T10:00:00Z
1215,usr-stu-1215,Ahona Guha,student1215@bridgeup.example,Female,1,Institute of Engineering and Management,IEM,2,2029,B.Tech,CSE (AI and ML),6.72,AI / Machine Learning,Build expertise in AI / Machine Learning and contribute to impactful technology projects,NLP,NLP;Computer Vision;PyTorch;Deep Learning;Pandas;UI/UX;FastAPI;Rust;Django,Business Analyst;Cloud/DevOps Engineer,3,3,0,7,2,IoT;FinTech,true,Available,Friday and weekends,In-person,Kolkata,English;Bengali;Odia,https://github.com/bridgeup-demo/ahona-sarkar-1215,https://www.linkedin.com/in/ahona-sarkar-1215,2nd year CSE (AI and ML) student interested in IoT and collaborative hackathon teams.,Verified,Platform members,Yes,3.9,86,2026-07-03T10:00:00Z
1216,usr-stu-1216,Suvam Paul,student1216@bridgeup.example,Male,1,Institute of Engineering and Management,IEM,2,2029,B.Tech,CSE (AI and ML),6.94,AI / Machine Learning,Build expertise in AI / Machine Learning and contribute to impactful technology projects,Machine Learning,Machine Learning;Deep Learning;Python;PyTorch;TensorFlow;Cybersecurity;OpenCV;Solidity;Linux,Mobile App Developer;Full Stack Developer,4,3,2,1,0,Agriculture;EdTech,true,Available,Weekend mornings,Any,Kolkata,English;Bengali;Odia,https://github.com/bridgeup-demo/suvam-chatterjee-1216,https://www.linkedin.com/in/suvam-chatterjee-1216,2nd year CSE (AI and ML) student interested in Agriculture and collaborative hackathon teams.,Verified,Platform members,Yes,3.9,81,2026-02-27T10:00:00Z
1217,usr-stu-1217,Sayan Dey,student1217@bridgeup.example,Male,1,Institute of Engineering and Management,IEM,4,2027,BBA,Business Administration,7.75,Product / Business,Build expertise in Product / Business and contribute to impactful technology projects,Communication,Communication;Product Management;Excel;SQL;Figma;Agile;Scikit-learn;Django;GCP;Kubernetes,Data Scientist;Full Stack Developer,1,0,0,9,4,IoT;Robotics,true,Available,Weekend mornings,Remote,Kolkata,English;Hindi;Tamil,https://github.com/bridgeup-demo/sayan-paul-1217,https://www.linkedin.com/in/sayan-paul-1217,4th year Business Administration student interested in IoT and collaborative hackathon teams.,Verified,Platform members,Yes,3.8,82,2026-09-18T10:00:00Z
1218,usr-stu-1218,Srija Bhattacharya,student1218@bridgeup.example,Female,1,Institute of Engineering and Management,IEM,1,2030,BBA,Business Administration,7.89,Product / Business,Build expertise in Product / Business and contribute to impactful technology projects,Business Analysis,Business Analysis;Product Management;SQL;Figma;Market Research;Flutter;Cybersecurity;Azure,Robotics Engineer;Pitch and Presentation Lead,0,0,0,3,0,IoT;Smart Cities,false,Available,Weekday evenings,Hybrid,Kolkata,English;Hindi;Tamil,https://github.com/bridgeup-demo/srija-saha-1218,https://www.linkedin.com/in/srija-saha-1218,1st year Business Administration student interested in IoT and collaborative hackathon teams.,Verified,Platform members,Yes,3.6,78,2026-09-08T10:00:00Z
1219,usr-stu-1219,Neel Nandi,student1219@bridgeup.example,Male,1,Institute of Engineering and Management,IEM,3,2028,B.Tech,CSE (IoT),8.88,IoT / Embedded Systems,Build expertise in IoT / Embedded Systems and contribute to impactful technology projects,C,C;ESP32;C++;IoT;MQTT;Azure;Rust;Kubernetes,Business Analyst;Mobile App Developer,4,1,0,3,3,Web3;Sustainability,true,Available,Friday and weekends,Remote,Kolkata,English;Bengali,https://github.com/bridgeup-demo/neel-banerjee-1219,https://www.linkedin.com/in/neel-banerjee-1219,3rd year CSE (IoT) student interested in Web3 and collaborative hackathon teams.,Verified,Platform members,Yes,3.9,85,2026-02-04T10:00:00Z
1220,usr-stu-1220,Aritra Dey,student1220@bridgeup.example,Male,1,Institute of Engineering and Management,IEM,2,2029,B.Tech,CSE (IoT),6.79,IoT / Embedded Systems,Build expertise in IoT / Embedded Systems and contribute to impactful technology projects,IoT,IoT;C++;Embedded Systems;Arduino;ESP32;Kubernetes;Scikit-learn,UI/UX Designer;Researcher,7,0,0,8,5,Smart Cities;Cybersecurity,true,Available,Friday and weekends,Any,Kolkata,English;Hindi;Tamil,https://github.com/bridgeup-demo/aritra-karmakar-1220,https://www.linkedin.com/in/aritra-karmakar-1220,2nd year CSE (IoT) student interested in Smart Cities and collaborative hackathon teams.,Verified,Platform members,Yes,5.0,71,2026-08-04T10:00:00Z
1221,usr-stu-1221,Aditi Sarkar,student1221@bridgeup.example,Female,1,Institute of Engineering and Management,IEM,4,2027,B.Sc.,Data Science,8.50,Data Science,Build expertise in Data Science and contribute to impactful technology projects,SQL,SQL;Python;Pandas;Power BI;Go;GCP;Figma,ML Engineer;Researcher,2,0,0,8,0,Healthcare;Robotics,true,Available,Flexible,In-person,Kolkata,English;Hindi,https://github.com/bridgeup-demo/aditi-das-1221,https://www.linkedin.com/in/aditi-das-1221,4th year Data Science student interested in Healthcare and collaborative hackathon teams.,Verified,Platform members,Yes,4.8,71,2026-03-07T10:00:00Z
1222,usr-stu-1222,Aditi Basu,student1222@bridgeup.example,Female,1,Institute of Engineering and Management,IEM,1,2030,B.Tech,Electrical Engineering,7.08,Hardware / Energy,Build expertise in Hardware / Energy and contribute to impactful technology projects,Circuit Design,Circuit Design;Python;MATLAB;Power Systems;IoT;Kubernetes;Scikit-learn,UI/UX Designer;Cloud/DevOps Engineer,5,0,0,5,0,Smart Cities;Web3,true,Available,Flexible,Any,Kolkata,English;Hindi,https://github.com/bridgeup-demo/aditi-nandi-1222,https://www.linkedin.com/in/aditi-nandi-1222,1st year Electrical Engineering student interested in Smart Cities and collaborative hackathon teams.,Verified,Platform members,Yes,5.0,78,2026-08-02T10:00:00Z
1223,usr-stu-1223,Rahul Paul,student1223@bridgeup.example,Male,1,Institute of Engineering and Management,IEM,3,2028,B.Tech,Information Technology,8.27,Web / Cloud,Build expertise in Web / Cloud and contribute to impactful technology projects,AWS,AWS;Docker;TypeScript;Express;Generative AI;Blockchain,Cybersecurity Engineer;Cloud/DevOps Engineer,4,4,0,5,2,Smart Cities;IoT,true,Available,Flexible,Remote,Kolkata,English;Hindi,https://github.com/bridgeup-demo/rahul-banerjee-1223,https://www.linkedin.com/in/rahul-banerjee-1223,3rd year Information Technology student interested in Smart Cities and collaborative hackathon teams.,Verified,Platform members,Yes,4.1,93,2026-08-25T10:00:00Z
1224,usr-stu-1224,Riya Paul,student1224@bridgeup.example,Female,1,Institute of Engineering and Management,IEM,2,2029,B.Tech,Information Technology,9.20,Web / Cloud,Build expertise in Web / Cloud and contribute to impactful technology projects,JavaScript,JavaScript;AWS;Docker;PostgreSQL;Cybersecurity;REST APIs;MongoDB;Linux,Robotics Engineer;Product Manager,5,0,0,7,3,Accessibility;AI for Social Good,true,Available,Flexible,Hybrid,Kolkata,English;Hindi,https://github.com/bridgeup-demo/riya-dhar-1224,https://www.linkedin.com/in/riya-dhar-1224,2nd year Information Technology student interested in Accessibility and collaborative hackathon teams.,Verified,Platform members,Yes,3.7,74,2026-05-17T10:00:00Z
1225,usr-stu-1225,Neha Ghosh,student1225@bridgeup.example,Female,1,Institute of Engineering and Management,IEM,2,2029,B.Tech,CSE (IoT),9.10,IoT / Embedded Systems,Build expertise in IoT / Embedded Systems and contribute to impactful technology projects,Embedded Systems,Embedded Systems;MQTT;C;IoT;Arduino;UI/UX;Azure,Researcher;ML Engineer,8,2,0,3,1,EdTech;Healthcare,true,Available,Friday and weekends,In-person,Kolkata,English;Hindi,https://github.com/bridgeup-demo/neha-majumdar-1225,https://www.linkedin.com/in/neha-majumdar-1225,2nd year CSE (IoT) student interested in EdTech and collaborative hackathon teams.,Verified,Platform members,Yes,4.4,86,2026-04-07T10:00:00Z
1226,usr-stu-1226,Madhurima Sarkar,student1226@bridgeup.example,Female,1,Institute of Engineering and Management,IEM,1,2030,B.Tech,Electrical Engineering,6.72,Hardware / Energy,Build expertise in Hardware / Energy and contribute to impactful technology projects,Renewable Energy,Renewable Energy;Power Systems;AutoCAD;MATLAB;Python;Swift;MongoDB;Blockchain,UI/UX Designer;Frontend Developer,6,3,0,7,7,Healthcare;Sustainability,true,Available,Flexible,Any,Kolkata,English;Hindi;Tamil,https://github.com/bridgeup-demo/madhurima-dhar-1226,https://www.linkedin.com/in/madhurima-dhar-1226,1st year Electrical Engineering student interested in Healthcare and collaborative hackathon teams.,Verified,Platform members,Yes,4.1,89,2026-07-19T10:00:00Z
1227,usr-stu-1227,Aditi Paul,student1227@bridgeup.example,Female,1,Institute of Engineering and Management,IEM,2,2029,B.Tech,Computer Science and Engineering,7.11,Software Engineering,Build expertise in Software Engineering and contribute to impactful technology projects,Java,Java;Data Structures;C++;System Design;GraphQL;OpenCV;Scikit-learn;Figma,Robotics Engineer;Cybersecurity Engineer,8,1,1,4,0,Cybersecurity;Disaster Management,true,Available,Weekends,Any,Kolkata,English;Bengali;Odia,https://github.com/bridgeup-demo/aditi-chatterjee-1227,https://www.linkedin.com/in/aditi-chatterjee-1227,2nd year Computer Science and Engineering student interested in Cybersecurity and collaborative hackathon teams.,Verified,Platform members,Yes,4.0,87,2026-08-18T10:00:00Z
1228,usr-stu-1228,Rahul Nandi,student1228@bridgeup.example,Male,1,Institute of Engineering and Management,IEM,2,2029,B.Tech,Electrical Engineering,6.98,Hardware / Energy,Build expertise in Hardware / Energy and contribute to impactful technology projects,Python,Python;Circuit Design;IoT;Power Systems;Renewable Energy;AutoCAD;Scikit-learn;Generative AI;OpenCV;Figma,Full Stack Developer;Data Scientist,5,0,0,1,1,Sustainability;Web3,true,Available,Flexible,Remote,Kolkata,English;Hindi,https://github.com/bridgeup-demo/rahul-dey-1228,https://www.linkedin.com/in/rahul-dey-1228,2nd year Electrical Engineering student interested in Sustainability and collaborative hackathon teams.,Verified,Platform members,Yes,4.3,89,2026-05-17T10:00:00Z
1229,usr-stu-1229,Debayan Mukherjee,student1229@bridgeup.example,Male,1,Institute of Engineering and Management,IEM,4,2027,B.Tech,CSE (AI and ML),9.73,AI / Machine Learning,Build expertise in AI / Machine Learning and contribute to impactful technology projects,Machine Learning,Machine Learning;Computer Vision;Deep Learning;Python;NLP;Azure;Scikit-learn,Mobile App Developer;Cybersecurity Engineer,2,0,0,5,0,Sustainability;Accessibility,true,Available,Weekend mornings,In-person,Kolkata,English;Hindi;Tamil,https://github.com/bridgeup-demo/debayan-mitra-1229,https://www.linkedin.com/in/debayan-mitra-1229,4th year CSE (AI and ML) student interested in Sustainability and collaborative hackathon teams.,Verified,Platform members,Yes,4.5,79,2026-03-22T10:00:00Z
1230,usr-stu-1230,Utsav Sarkar,student1230@bridgeup.example,Male,1,Institute of Engineering and Management,IEM,2,2029,B.Tech,Electronics and Communication Engineering,6.65,Embedded / Robotics,Build expertise in Embedded / Robotics and contribute to impactful technology projects,Arduino,Arduino;Embedded Systems;MATLAB;Robotics;ROS;OpenCV;Rust,Robotics Engineer;Data Scientist,2,0,0,7,1,IoT;Smart Cities,true,Available,Weekend mornings,Any,Kolkata,English;Bengali;Odia,https://github.com/bridgeup-demo/utsav-chatterjee-1230,https://www.linkedin.com/in/utsav-chatterjee-1230,2nd year Electronics and Communication Engineering student interested in IoT and collaborative hackathon teams.,Verified,Platform members,Yes,4.8,78,2026-06-16T10:00:00Z
1231,usr-stu-1231,Arpita Saha,student1231@bridgeup.example,Female,1,Institute of Engineering and Management,IEM,4,2027,B.Tech,Electronics and Communication Engineering,9.05,Embedded / Robotics,Build expertise in Embedded / Robotics and contribute to impactful technology projects,ROS,ROS;Signal Processing;Verilog;MATLAB;C;Figma;REST APIs;GraphQL,Frontend Developer;Embedded Systems Engineer,2,2,0,8,2,Open Innovation;EdTech,true,Available,Weekends,In-person,Kolkata,English;Bengali;Odia,https://github.com/bridgeup-demo/arpita-karmakar-1231,https://www.linkedin.com/in/arpita-karmakar-1231,4th year Electronics and Communication Engineering student interested in Open Innovation and collaborative hackathon teams.,Verified,Platform members,Yes,4.2,84,2026-08-04T10:00:00Z
1232,usr-stu-1232,Ahona Mitra,student1232@bridgeup.example,Female,1,Institute of Engineering and Management,IEM,4,2027,B.Sc.,Data Science,9.67,Data Science,Build expertise in Data Science and contribute to impactful technology projects,Statistics,Statistics;Python;Power BI;NumPy;Tableau;UI/UX;Flutter;LangChain,Business Analyst;Mobile App Developer,4,4,0,5,1,Sustainability;Open Innovation,true,Available,Weekend mornings,In-person,Kolkata,English;Bengali;Odia,https://github.com/bridgeup-demo/ahona-ghosh-1232,https://www.linkedin.com/in/ahona-ghosh-1232,4th year Data Science student interested in Sustainability and collaborative hackathon teams.,Verified,Platform members,Yes,4.8,81,2026-06-20T10:00:00Z
1233,usr-stu-1233,Subhajit Majumdar,student1233@bridgeup.example,Male,1,Institute of Engineering and Management,IEM,2,2029,B.Tech,CSE (IoT),7.62,IoT / Embedded Systems,Build expertise in IoT / Embedded Systems and contribute to impactful technology projects,IoT,IoT;Arduino;Embedded Systems;C;MQTT;Rust;Swift;REST APIs,ML Engineer;Researcher,3,1,0,6,3,AI for Social Good;Healthcare,true,Available,Flexible,In-person,Kolkata,English;Bengali,https://github.com/bridgeup-demo/subhajit-lahiri-1233,https://www.linkedin.com/in/subhajit-lahiri-1233,2nd year CSE (IoT) student interested in AI for Social Good and collaborative hackathon teams.,Verified,Platform members,Yes,4.2,92,2026-02-25T10:00:00Z
1234,usr-stu-1234,Tanmay Chakraborty,student1234@bridgeup.example,Male,1,Institute of Engineering and Management,IEM,3,2028,B.Tech,CSE (IoT),7.08,IoT / Embedded Systems,Build expertise in IoT / Embedded Systems and contribute to impactful technology projects,C,C;ESP32;PCB Design;Embedded Systems;Rust;Cybersecurity,Business Analyst;Cybersecurity Engineer,4,0,0,4,3,Open Innovation;Agriculture,true,Available,Weekend mornings,Any,Kolkata,English;Hindi,https://github.com/bridgeup-demo/tanmay-chakraborty-1234,https://www.linkedin.com/in/tanmay-chakraborty-1234,3rd year CSE (IoT) student interested in Open Innovation and collaborative hackathon teams.,Verified,Platform members,Yes,4.4,76,2026-08-20T10:00:00Z
1235,usr-stu-1235,Utsav Pal,student1235@bridgeup.example,Male,1,Institute of Engineering and Management,IEM,3,2028,B.Tech,Information Technology,8.63,Web / Cloud,Build expertise in Web / Cloud and contribute to impactful technology projects,TypeScript,TypeScript;JavaScript;Node.js;Express;React;Rust;Redis,ML Engineer;Mobile App Developer,6,4,0,8,5,Web3;EdTech,true,Available,Weekday evenings,In-person,Kolkata,English;Bengali,https://github.com/bridgeup-demo/utsav-dhar-1235,https://www.linkedin.com/in/utsav-dhar-1235,3rd year Information Technology student interested in Web3 and collaborative hackathon teams.,Verified,Platform members,Yes,3.5,86,2026-01-12T10:00:00Z
1236,usr-stu-1236,Ananya Sarkar,student1236@bridgeup.example,Female,1,Institute of Engineering and Management,IEM,2,2029,B.Tech,CSE (IoT),8.99,IoT / Embedded Systems,Build expertise in IoT / Embedded Systems and contribute to impactful technology projects,Embedded Systems,Embedded Systems;C;MQTT;Arduino;ESP32;Next.js;Django;Figma,Cloud/DevOps Engineer;Business Analyst,4,4,1,4,3,Smart Cities;IoT,true,Available,Weekends,Hybrid,Kolkata,English;Bengali;Odia,https://github.com/bridgeup-demo/ananya-paul-1236,https://www.linkedin.com/in/ananya-paul-1236,2nd year CSE (IoT) student interested in Smart Cities and collaborative hackathon teams.,Verified,Platform members,Yes,3.9,81,2026-01-23T10:00:00Z
1237,usr-stu-1237,Aditya Saha,student1237@bridgeup.example,Male,1,Institute of Engineering and Management,IEM,4,2027,B.Sc.,Data Science,8.53,Data Science,Build expertise in Data Science and contribute to impactful technology projects,NumPy,NumPy;Statistics;Pandas;Tableau;Python;Power BI;REST APIs;Cybersecurity;Figma;Firebase,Backend Developer;Mobile App Developer,8,4,0,10,6,Healthcare;FinTech,true,Available,Flexible,Hybrid,Kolkata,English;Bengali;Odia,https://github.com/bridgeup-demo/aditya-guha-1237,https://www.linkedin.com/in/aditya-guha-1237,4th year Data Science student interested in Healthcare and collaborative hackathon teams.,Verified,Platform members,Yes,3.7,81,2026-06-04T10:00:00Z
1238,usr-stu-1238,Madhurima Singh,student1238@bridgeup.example,Female,1,Institute of Engineering and Management,IEM,4,2027,B.Tech,CSE (IoT),6.85,IoT / Embedded Systems,Build expertise in IoT / Embedded Systems and contribute to impactful technology projects,Embedded Systems,Embedded Systems;C;ESP32;IoT;Spring Boot;LangChain,Frontend Developer;Researcher,8,3,1,8,3,AI for Social Good;Agriculture,true,Available,Friday and weekends,Hybrid,Kolkata,English;Hindi;Bengali,https://github.com/bridgeup-demo/madhurima-bhattacharya-1238,https://www.linkedin.com/in/madhurima-bhattacharya-1238,4th year CSE (IoT) student interested in AI for Social Good and collaborative hackathon teams.,Verified,Platform members,Yes,4.1,71,2026-09-13T10:00:00Z
1239,usr-stu-1239,Megha Chatterjee,student1239@bridgeup.example,Female,1,Institute of Engineering and Management,IEM,1,2030,B.Tech,Electrical Engineering,8.48,Hardware / Energy,Build expertise in Hardware / Energy and contribute to impactful technology projects,Renewable Energy,Renewable Energy;AutoCAD;Control Systems;IoT;Circuit Design;Python;Cybersecurity;Blockchain,Data Scientist;Robotics Engineer,0,0,0,6,0,Healthcare;AI for Social Good,true,Available,Weekday evenings,Hybrid,Kolkata,English;Hindi,https://github.com/bridgeup-demo/megha-das-1239,https://www.linkedin.com/in/megha-das-1239,1st year Electrical Engineering student interested in Healthcare and collaborative hackathon teams.,Verified,Platform members,Yes,4.3,80,2026-01-09T10:00:00Z
1240,usr-stu-1240,Pratyay Ghosh,student1240@bridgeup.example,Male,1,Institute of Engineering and Management,IEM,2,2029,B.Tech,Electronics and Communication Engineering,7.69,Embedded / Robotics,Build expertise in Embedded / Robotics and contribute to impactful technology projects,Embedded Systems,Embedded Systems;Robotics;Signal Processing;Verilog;Figma;Rust;Spring Boot;Linux,Data Scientist;Cloud/DevOps Engineer,8,2,0,6,1,Robotics;Sustainability,true,Available,Flexible,In-person,Kolkata,English;Hindi;Tamil,https://github.com/bridgeup-demo/pratyay-nandi-1240,https://www.linkedin.com/in/pratyay-nandi-1240,2nd year Electronics and Communication Engineering student interested in Robotics and collaborative hackathon teams.,Verified,Platform members,Yes,3.7,86,2026-01-10T10:00:00Z
1241,usr-stu-1241,Arpita Sen,student1241@bridgeup.example,Female,1,Institute of Engineering and Management,IEM,3,2028,B.Tech,Electrical Engineering,6.78,Hardware / Energy,Build expertise in Hardware / Energy and contribute to impactful technology projects,Circuit Design,Circuit Design;AutoCAD;Renewable Energy;Power Systems;Swift;OpenCV;UI/UX;REST APIs,Mobile App Developer;Cloud/DevOps Engineer,5,3,0,6,1,FinTech;Open Innovation,true,Available,Weekend mornings,In-person,Kolkata,English;Hindi;Tamil,https://github.com/bridgeup-demo/arpita-karmakar-1241,https://www.linkedin.com/in/arpita-karmakar-1241,3rd year Electrical Engineering student interested in FinTech and collaborative hackathon teams.,Verified,Platform members,Yes,4.8,76,2026-06-07T10:00:00Z
1242,usr-stu-1242,Sanjana Saha,student1242@bridgeup.example,Female,1,Institute of Engineering and Management,IEM,4,2027,B.Tech,CSE (IoT),7.36,IoT / Embedded Systems,Build expertise in IoT / Embedded Systems and contribute to impactful technology projects,ESP32,ESP32;C++;C;IoT;Embedded Systems;Next.js;GCP,Researcher;Frontend Developer,4,3,2,8,1,Healthcare;Web3,true,Available,Weekend mornings,Any,Kolkata,English;Hindi;Tamil,https://github.com/bridgeup-demo/sanjana-karmakar-1242,https://www.linkedin.com/in/sanjana-karmakar-1242,4th year CSE (IoT) student interested in Healthcare and collaborative hackathon teams.,Verified,Platform members,Yes,4.5,99,2026-01-08T10:00:00Z
1243,usr-stu-1243,Koyel Dhar,student1243@bridgeup.example,Female,1,Institute of Engineering and Management,IEM,4,2027,BBA,Business Administration,6.56,Product / Business,Build expertise in Product / Business and contribute to impactful technology projects,Product Management,Product Management;Communication;Agile;Excel;Kubernetes;OpenCV,Researcher;Cloud/DevOps Engineer,2,0,0,6,2,Cybersecurity;Open Innovation,true,Available,Friday and weekends,In-person,Kolkata,English;Hindi,https://github.com/bridgeup-demo/koyel-sarkar-1243,https://www.linkedin.com/in/koyel-sarkar-1243,4th year Business Administration student interested in Cybersecurity and collaborative hackathon teams.,Verified,Platform members,Yes,4.8,96,2026-04-13T10:00:00Z
1244,usr-stu-1244,Ananya Das,student1244@bridgeup.example,Female,1,Institute of Engineering and Management,IEM,3,2028,B.Tech,Computer Science and Engineering,9.12,Software Engineering,Build expertise in Software Engineering and contribute to impactful technology projects,SQL,SQL;System Design;Git;Python;Algorithms;C++;Scikit-learn;UI/UX;MongoDB;Azure,Cloud/DevOps Engineer;Embedded Systems Engineer,8,4,0,3,3,Disaster Management;EdTech,true,Available,Weekend mornings,Remote,Kolkata,English;Bengali;Odia,https://github.com/bridgeup-demo/ananya-pal-1244,https://www.linkedin.com/in/ananya-pal-1244,3rd year Computer Science and Engineering student interested in Disaster Management and collaborative hackathon teams.,Verified,Platform members,Yes,3.8,75,2026-07-21T10:00:00Z
1245,usr-stu-1245,Anirban Sen,student1245@bridgeup.example,Male,1,Institute of Engineering and Management,IEM,3,2028,B.Tech,CSE (AI and ML),7.61,AI / Machine Learning,Build expertise in AI / Machine Learning and contribute to impactful technology projects,Python,Python;Computer Vision;NLP;Pandas;Deep Learning;Machine Learning;Kubernetes;Go;REST APIs;FastAPI,Backend Developer;Embedded Systems Engineer,2,2,0,3,1,Web3;AI for Social Good,false,Available,Flexible,Hybrid,Kolkata,English;Hindi;Tamil,https://github.com/bridgeup-demo/anirban-das-1245,https://www.linkedin.com/in/anirban-das-1245,3rd year CSE (AI and ML) student interested in Web3 and collaborative hackathon teams.,Verified,Platform members,Yes,3.6,71,2026-04-16T10:00:00Z
1246,usr-stu-1246,Tanmay Chakraborty,student1246@bridgeup.example,Male,1,Institute of Engineering and Management,IEM,1,2030,B.Tech,Electronics and Communication Engineering,6.59,Embedded / Robotics,Build expertise in Embedded / Robotics and contribute to impactful technology projects,C,C;Embedded Systems;Verilog;MATLAB;UI/UX;Scikit-learn,Frontend Developer;UI/UX Designer,7,1,0,0,0,Smart Cities;Sustainability,true,Available,Friday and weekends,Hybrid,Kolkata,English;Bengali;Odia,https://github.com/bridgeup-demo/tanmay-basu-1246,https://www.linkedin.com/in/tanmay-basu-1246,1st year Electronics and Communication Engineering student interested in Smart Cities and collaborative hackathon teams.,Verified,Platform members,Yes,4.7,77,2026-01-19T10:00:00Z
1247,usr-stu-1247,Koyel Nandi,student1247@bridgeup.example,Female,1,Institute of Engineering and Management,IEM,4,2027,B.Tech,CSE (IoT),9.35,IoT / Embedded Systems,Build expertise in IoT / Embedded Systems and contribute to impactful technology projects,IoT,IoT;Arduino;Embedded Systems;PCB Design;MongoDB;Linux;Flutter;Cybersecurity,Full Stack Developer;Embedded Systems Engineer,4,3,0,8,2,Web3;IoT,true,Available,Weekends,In-person,Kolkata,English;Bengali;Odia,https://github.com/bridgeup-demo/koyel-majumdar-1247,https://www.linkedin.com/in/koyel-majumdar-1247,4th year CSE (IoT) student interested in Web3 and collaborative hackathon teams.,Verified,Platform members,Yes,4.3,77,2026-03-04T10:00:00Z
1248,usr-stu-1248,Shivam Sen,student1248@bridgeup.example,Male,1,Institute of Engineering and Management,IEM,3,2028,B.Sc.,Data Science,7.53,Data Science,Build expertise in Data Science and contribute to impactful technology projects,Machine Learning,Machine Learning;Tableau;Power BI;NumPy;SQL;Statistics;FastAPI;Scikit-learn;REST APIs;Next.js,Researcher;UI/UX Designer,6,4,2,2,0,Open Innovation;FinTech,true,Available,Weekend mornings,Remote,Kolkata,English;Hindi,https://github.com/bridgeup-demo/shivam-bhattacharya-1248,https://www.linkedin.com/in/shivam-bhattacharya-1248,3rd year Data Science student interested in Open Innovation and collaborative hackathon teams.,Verified,Platform members,Yes,4.7,84,2026-08-12T10:00:00Z
1249,usr-stu-1249,Anirban Kar,student1249@bridgeup.example,Male,1,Institute of Engineering and Management,IEM,1,2030,B.Tech,CSE (AI and ML),7.20,AI / Machine Learning,Build expertise in AI / Machine Learning and contribute to impactful technology projects,Python,Python;Machine Learning;TensorFlow;Deep Learning;Pandas;NLP;Redis;Solidity;FastAPI;Azure,Product Manager;Cybersecurity Engineer,5,3,0,0,0,Accessibility;Disaster Management,true,Available,Flexible,Any,Kolkata,English;Hindi;Tamil,https://github.com/bridgeup-demo/anirban-kar-1249,https://www.linkedin.com/in/anirban-kar-1249,1st year CSE (AI and ML) student interested in Accessibility and collaborative hackathon teams.,Verified,Platform members,Yes,4.2,95,2026-07-23T10:00:00Z
1250,usr-stu-1250,Swastika Banerjee,student1250@bridgeup.example,Female,1,Institute of Engineering and Management,IEM,4,2027,B.Tech,Information Technology,9.32,Web / Cloud,Build expertise in Web / Cloud and contribute to impactful technology projects,AWS,AWS;React;Docker;Express;Scikit-learn;Flutter;LangChain;OpenCV,Product Manager;Business Analyst,6,1,1,3,2,Smart Cities;IoT,true,Available,Friday and weekends,In-person,Kolkata,English;Bengali,https://github.com/bridgeup-demo/swastika-sen-1250,https://www.linkedin.com/in/swastika-sen-1250,4th year Information Technology student interested in Smart Cities and collaborative hackathon teams.,Verified,Platform members,Yes,4.8,75,2026-01-10T10:00:00Z
1251,usr-stu-1251,Poulomi Paul,student1251@bridgeup.example,Female,2,Jadavpur University,JU,3,2028,B.Tech,Electronics and Communication Engineering,8.61,Embedded / Robotics,Build expertise in Embedded / Robotics and contribute to impactful technology projects,ROS,ROS;MATLAB;Signal Processing;Robotics;Verilog;Embedded Systems;Azure;Redis,Data Scientist;Cybersecurity Engineer,6,2,1,3,2,Robotics;Sustainability,true,Available,Weekend mornings,In-person,Kolkata,English;Bengali,https://github.com/bridgeup-demo/poulomi-pal-1251,https://www.linkedin.com/in/poulomi-pal-1251,3rd year Electronics and Communication Engineering student interested in Robotics and collaborative hackathon teams.,Verified,Platform members,Yes,3.7,75,2026-04-10T10:00:00Z
1252,usr-stu-1252,Tanmay Bose,student1252@bridgeup.example,Male,2,Jadavpur University,JU,2,2029,B.Tech,Electronics and Communication Engineering,8.89,Embedded / Robotics,Build expertise in Embedded / Robotics and contribute to impactful technology projects,Embedded Systems,Embedded Systems;Arduino;ROS;C;Django;Figma;GCP,Full Stack Developer;Product Manager,4,1,0,5,2,Robotics;Web3,true,Available,Weekend mornings,Hybrid,Kolkata,English;Hindi;Tamil,https://github.com/bridgeup-demo/tanmay-lahiri-1252,https://www.linkedin.com/in/tanmay-lahiri-1252,2nd year Electronics and Communication Engineering student interested in Robotics and collaborative hackathon teams.,Verified,Platform members,Yes,3.8,79,2026-05-12T10:00:00Z
1253,usr-stu-1253,Roshni Majumdar,student1253@bridgeup.example,Female,2,Jadavpur University,JU,4,2027,B.Tech,Electronics and Communication Engineering,8.69,Embedded / Robotics,Build expertise in Embedded / Robotics and contribute to impactful technology projects,ROS,ROS;Arduino;MATLAB;Robotics;Scikit-learn;Solidity;Cybersecurity;Figma,Embedded Systems Engineer;Researcher,0,0,0,4,2,Disaster Management;Smart Cities,false,Available,Weekend mornings,Hybrid,Kolkata,English;Hindi;Bengali,https://github.com/bridgeup-demo/roshni-dey-1253,https://www.linkedin.com/in/roshni-dey-1253,4th year Electronics and Communication Engineering student interested in Disaster Management and collaborative hackathon teams.,Verified,Platform members,Yes,3.9,75,2026-06-20T10:00:00Z
1254,usr-stu-1254,Aditi Bose,student1254@bridgeup.example,Female,2,Jadavpur University,JU,4,2027,B.Tech,CSE (AI and ML),6.57,AI / Machine Learning,Build expertise in AI / Machine Learning and contribute to impactful technology projects,Python,Python;TensorFlow;Machine Learning;Pandas;Deep Learning;Scikit-learn;Rust;Redis,Cloud/DevOps Engineer;Cybersecurity Engineer,7,4,2,9,9,Agriculture;Web3,true,Available,Weekday evenings,Hybrid,Kolkata,English;Bengali;Odia,https://github.com/bridgeup-demo/aditi-bose-1254,https://www.linkedin.com/in/aditi-bose-1254,4th year CSE (AI and ML) student interested in Agriculture and collaborative hackathon teams.,Verified,Platform members,Yes,4.5,88,2026-02-05T10:00:00Z
1255,usr-stu-1255,Sayan Singh,student1255@bridgeup.example,Male,2,Jadavpur University,JU,1,2030,B.Tech,Electronics and Communication Engineering,8.93,Embedded / Robotics,Build expertise in Embedded / Robotics and contribute to impactful technology projects,Signal Processing,Signal Processing;Arduino;MATLAB;C;REST APIs;Solidity,Mobile App Developer;Full Stack Developer,7,2,0,7,1,Disaster Management;Smart Cities,true,Available,Weekends,Any,Kolkata,English;Bengali;Odia,https://github.com/bridgeup-demo/sayan-singh-1255,https://www.linkedin.com/in/sayan-singh-1255,1st year Electronics and Communication Engineering student interested in Disaster Management and collaborative hackathon teams.,Verified,Platform members,Yes,4.4,78,2026-08-27T10:00:00Z
1256,usr-stu-1256,Anirban Guha,student1256@bridgeup.example,Male,2,Jadavpur University,JU,4,2027,B.Tech,Electrical Engineering,6.63,Hardware / Energy,Build expertise in Hardware / Energy and contribute to impactful technology projects,MATLAB,MATLAB;Control Systems;Power Systems;Circuit Design;Linux;FastAPI;REST APIs;Scikit-learn,Data Scientist;Embedded Systems Engineer,8,3,0,3,1,Sustainability;Web3,true,Available,Weekday evenings,Any,Kolkata,English;Hindi;Bengali,https://github.com/bridgeup-demo/anirban-roy-1256,https://www.linkedin.com/in/anirban-roy-1256,4th year Electrical Engineering student interested in Sustainability and collaborative hackathon teams.,Verified,Platform members,Yes,4.6,71,2026-04-09T10:00:00Z
1257,usr-stu-1257,Ahona Lahiri,student1257@bridgeup.example,Female,2,Jadavpur University,JU,2,2029,B.Tech,CSE (IoT),9.75,IoT / Embedded Systems,Build expertise in IoT / Embedded Systems and contribute to impactful technology projects,ESP32,ESP32;IoT;MQTT;PCB Design;Next.js;Rust;Spring Boot,Mobile App Developer;Frontend Developer,5,2,1,8,0,Sustainability;Web3,true,Available,Friday and weekends,In-person,Kolkata,English;Hindi;Tamil,https://github.com/bridgeup-demo/ahona-das-1257,https://www.linkedin.com/in/ahona-das-1257,2nd year CSE (IoT) student interested in Sustainability and collaborative hackathon teams.,Verified,Platform members,Yes,4.2,72,2026-03-10T10:00:00Z
1258,usr-stu-1258,Rahul Kar,student1258@bridgeup.example,Male,2,Jadavpur University,JU,2,2029,B.Tech,Information Technology,8.89,Web / Cloud,Build expertise in Web / Cloud and contribute to impactful technology projects,PostgreSQL,PostgreSQL;Node.js;Docker;JavaScript;Express;LangChain;GCP;Linux;REST APIs,Data Scientist;Business Analyst,7,3,2,3,0,Accessibility;Disaster Management,true,Available,Weekend mornings,Hybrid,Kolkata,English;Bengali,https://github.com/bridgeup-demo/rahul-mitra-1258,https://www.linkedin.com/in/rahul-mitra-1258,2nd year Information Technology student interested in Accessibility and collaborative hackathon teams.,Verified,Platform members,Yes,3.9,84,2026-07-14T10:00:00Z
1259,usr-stu-1259,Tanmay Mitra,student1259@bridgeup.example,Male,2,Jadavpur University,JU,4,2027,B.Tech,Electrical Engineering,8.74,Hardware / Energy,Build expertise in Hardware / Energy and contribute to impactful technology projects,Circuit Design,Circuit Design;Power Systems;AutoCAD;Python;Control Systems;Figma;Linux;Redis;FastAPI,UI/UX Designer;Robotics Engineer,1,1,1,9,3,Disaster Management;Sustainability,true,Available,Weekend mornings,Any,Kolkata,English;Hindi,https://github.com/bridgeup-demo/tanmay-chatterjee-1259,https://www.linkedin.com/in/tanmay-chatterjee-1259,4th year Electrical Engineering student interested in Disaster Management and collaborative hackathon teams.,Verified,Platform members,Yes,3.8,87,2026-09-26T10:00:00Z
1260,usr-stu-1260,Esha Basu,student1260@bridgeup.example,Female,2,Jadavpur University,JU,4,2027,B.Tech,Computer Science and Engineering,7.04,Software Engineering,Build expertise in Software Engineering and contribute to impactful technology projects,Git,Git;System Design;Python;Algorithms;SQL;Next.js;UI/UX;GraphQL,Full Stack Developer;Researcher,0,0,0,7,4,Sustainability;Robotics,true,Available,Weekday evenings,Hybrid,Kolkata,English;Hindi;Bengali,https://github.com/bridgeup-demo/esha-sarkar-1260,https://www.linkedin.com/in/esha-sarkar-1260,4th year Computer Science and Engineering student interested in Sustainability and collaborative hackathon teams.,Verified,Platform members,Yes,3.9,77,2026-05-03T10:00:00Z
1261,usr-stu-1261,Trisha Majumdar,student1261@bridgeup.example,Female,2,Jadavpur University,JU,2,2029,B.Tech,Electrical Engineering,7.48,Hardware / Energy,Build expertise in Hardware / Energy and contribute to impactful technology projects,MATLAB,MATLAB;IoT;Power Systems;Circuit Design;Redis;GraphQL;OpenCV,Researcher;Product Manager,3,3,0,2,0,Open Innovation;Disaster Management,false,Available,Friday and weekends,In-person,Kolkata,English;Hindi,https://github.com/bridgeup-demo/trisha-das-1261,https://www.linkedin.com/in/trisha-das-1261,2nd year Electrical Engineering student interested in Open Innovation and collaborative hackathon teams.,Verified,Platform members,Yes,4.8,89,2026-06-08T10:00:00Z
1262,usr-stu-1262,Aditya Mitra,student1262@bridgeup.example,Male,2,Jadavpur University,JU,2,2029,B.Tech,Information Technology,6.51,Web / Cloud,Build expertise in Web / Cloud and contribute to impactful technology projects,AWS,AWS;React;TypeScript;Docker;PostgreSQL;Node.js;Kubernetes;Firebase,Data Scientist;Backend Developer,2,0,0,8,4,Healthcare;Sustainability,true,Available,Weekday evenings,Hybrid,Kolkata,English;Bengali,https://github.com/bridgeup-demo/aditya-dhar-1262,https://www.linkedin.com/in/aditya-dhar-1262,2nd year Information Technology student interested in Healthcare and collaborative hackathon teams.,Verified,Platform members,Yes,4.1,100,2026-07-10T10:00:00Z
1263,usr-stu-1263,Neha Chatterjee,student1263@bridgeup.example,Female,2,Jadavpur University,JU,2,2029,B.Tech,Information Technology,9.35,Web / Cloud,Build expertise in Web / Cloud and contribute to impactful technology projects,AWS,AWS;PostgreSQL;Node.js;Express;FastAPI;LangChain;Linux;GraphQL,ML Engineer;Frontend Developer,4,2,0,4,3,EdTech;Sustainability,true,Available,Weekday evenings,Hybrid,Kolkata,English;Hindi,https://github.com/bridgeup-demo/neha-karmakar-1263,https://www.linkedin.com/in/neha-karmakar-1263,2nd year Information Technology student interested in EdTech and collaborative hackathon teams.,Verified,Platform members,Yes,4.4,85,2026-03-01T10:00:00Z
1264,usr-stu-1264,Riya Basu,student1264@bridgeup.example,Female,2,Jadavpur University,JU,2,2029,B.Tech,Electronics and Communication Engineering,6.57,Embedded / Robotics,Build expertise in Embedded / Robotics and contribute to impactful technology projects,Signal Processing,Signal Processing;Arduino;MATLAB;C;Embedded Systems;Robotics;Flutter;GraphQL;OpenCV;Go,Frontend Developer;Data Scientist,0,0,0,2,1,AI for Social Good;Cybersecurity,false,Available,Weekends,Any,Kolkata,English;Hindi;Bengali,https://github.com/bridgeup-demo/riya-dhar-1264,https://www.linkedin.com/in/riya-dhar-1264,2nd year Electronics and Communication Engineering student interested in AI for Social Good and collaborative hackathon teams.,Verified,Platform members,Yes,5.0,95,2026-05-01T10:00:00Z
1265,usr-stu-1265,Priyanka Roy,student1265@bridgeup.example,Female,2,Jadavpur University,JU,3,2028,B.Tech,CSE (IoT),8.04,IoT / Embedded Systems,Build expertise in IoT / Embedded Systems and contribute to impactful technology projects,IoT,IoT;C;MQTT;Embedded Systems;ESP32;PCB Design;Spring Boot;Solidity,Pitch and Presentation Lead;Full Stack Developer,4,2,0,3,0,Web3;Accessibility,true,Available,Flexible,Any,Kolkata,English;Bengali;Odia,https://github.com/bridgeup-demo/priyanka-basu-1265,https://www.linkedin.com/in/priyanka-basu-1265,3rd year CSE (IoT) student interested in Web3 and collaborative hackathon teams.,Verified,Platform members,Yes,3.5,83,2026-05-06T10:00:00Z
1266,usr-stu-1266,Aritra Chakraborty,student1266@bridgeup.example,Male,2,Jadavpur University,JU,4,2027,B.Tech,Computer Science and Engineering,7.62,Software Engineering,Build expertise in Software Engineering and contribute to impactful technology projects,System Design,System Design;Algorithms;Git;SQL;Data Structures;Python;Kotlin;Azure,Cloud/DevOps Engineer;Frontend Developer,6,0,0,8,3,EdTech;Cybersecurity,true,Available,Weekends,Any,Kolkata,English;Bengali;Odia,https://github.com/bridgeup-demo/aritra-karmakar-1266,https://www.linkedin.com/in/aritra-karmakar-1266,4th year Computer Science and Engineering student interested in EdTech and collaborative hackathon teams.,Verified,Platform members,Yes,3.8,90,2026-02-27T10:00:00Z
1267,usr-stu-1267,Kunal Roy,student1267@bridgeup.example,Male,2,Jadavpur University,JU,3,2028,B.Tech,CSE (IoT),9.22,IoT / Embedded Systems,Build expertise in IoT / Embedded Systems and contribute to impactful technology projects,PCB Design,PCB Design;IoT;Arduino;Embedded Systems;ESP32;Redis;Rust;Kubernetes,Researcher;ML Engineer,2,1,0,5,0,Agriculture;Smart Cities,true,Available,Weekends,Remote,Kolkata,English;Bengali,https://github.com/bridgeup-demo/kunal-saha-1267,https://www.linkedin.com/in/kunal-saha-1267,3rd year CSE (IoT) student interested in Agriculture and collaborative hackathon teams.,Verified,Platform members,Yes,4.2,94,2026-05-16T10:00:00Z
1268,usr-stu-1268,Srija Basu,student1268@bridgeup.example,Female,2,Jadavpur University,JU,3,2028,B.Tech,Computer Science and Engineering,7.42,Software Engineering,Build expertise in Software Engineering and contribute to impactful technology projects,Data Structures,Data Structures;Java;Algorithms;System Design;Git;Python;REST APIs;FastAPI;MongoDB;Linux,Product Manager;Data Scientist,0,0,0,8,7,Sustainability;AI for Social Good,true,Available,Weekday evenings,In-person,Kolkata,English;Bengali;Odia,https://github.com/bridgeup-demo/srija-roy-1268,https://www.linkedin.com/in/srija-roy-1268,3rd year Computer Science and Engineering student interested in Sustainability and collaborative hackathon teams.,Verified,Platform members,Yes,4.3,77,2026-05-01T10:00:00Z
1269,usr-stu-1269,Sanjana Chatterjee,student1269@bridgeup.example,Female,2,Jadavpur University,JU,4,2027,B.Tech,CSE (AI and ML),8.94,AI / Machine Learning,Build expertise in AI / Machine Learning and contribute to impactful technology projects,Python,Python;PyTorch;Computer Vision;TensorFlow;NLP;Deep Learning;OpenCV;REST APIs,Cloud/DevOps Engineer;Robotics Engineer,6,1,0,5,3,Open Innovation;Web3,true,Available,Weekday evenings,In-person,Kolkata,English;Hindi;Tamil,https://github.com/bridgeup-demo/sanjana-saha-1269,https://www.linkedin.com/in/sanjana-saha-1269,4th year CSE (AI and ML) student interested in Open Innovation and collaborative hackathon teams.,Verified,Platform members,Yes,4.6,96,2026-06-27T10:00:00Z
1270,usr-stu-1270,Ishita Saha,student1270@bridgeup.example,Female,2,Jadavpur University,JU,4,2027,B.Tech,Electrical Engineering,7.13,Hardware / Energy,Build expertise in Hardware / Energy and contribute to impactful technology projects,Python,Python;MATLAB;AutoCAD;IoT;Control Systems;Figma;Go;GraphQL;Flutter,Cybersecurity Engineer;UI/UX Designer,2,0,0,5,4,Smart Cities;Open Innovation,true,Available,Weekend mornings,Remote,Kolkata,English;Hindi,https://github.com/bridgeup-demo/ishita-roy-1270,https://www.linkedin.com/in/ishita-roy-1270,4th year Electrical Engineering student interested in Smart Cities and collaborative hackathon teams.,Verified,Platform members,Yes,4.0,87,2026-08-27T10:00:00Z
1271,usr-stu-1271,Rahul Saha,student1271@bridgeup.example,Male,2,Jadavpur University,JU,1,2030,B.Tech,Electrical Engineering,7.69,Hardware / Energy,Build expertise in Hardware / Energy and contribute to impactful technology projects,Control Systems,Control Systems;Power Systems;Circuit Design;Renewable Energy;MATLAB;Spring Boot;Scikit-learn;Firebase,ML Engineer;Business Analyst,7,1,0,2,0,Robotics;Disaster Management,true,Available,Weekday evenings,Remote,Kolkata,English;Bengali;Odia,https://github.com/bridgeup-demo/rahul-roy-1271,https://www.linkedin.com/in/rahul-roy-1271,1st year Electrical Engineering student interested in Robotics and collaborative hackathon teams.,Verified,Platform members,Yes,4.1,92,2026-03-25T10:00:00Z
1272,usr-stu-1272,Diya Dhar,student1272@bridgeup.example,Female,2,Jadavpur University,JU,4,2027,B.Sc.,Data Science,8.22,Data Science,Build expertise in Data Science and contribute to impactful technology projects,Tableau,Tableau;Power BI;Statistics;Machine Learning;Pandas;Firebase;Blockchain;Scikit-learn,Robotics Engineer;ML Engineer,4,3,0,7,6,Open Innovation;Healthcare,true,Available,Flexible,In-person,Kolkata,English;Bengali,https://github.com/bridgeup-demo/diya-paul-1272,https://www.linkedin.com/in/diya-paul-1272,4th year Data Science student interested in Open Innovation and collaborative hackathon teams.,Verified,Platform members,Yes,4.7,87,2026-04-10T10:00:00Z
1273,usr-stu-1273,Pratyay Chatterjee,student1273@bridgeup.example,Male,2,Jadavpur University,JU,1,2030,B.Tech,Computer Science and Engineering,7.30,Software Engineering,Build expertise in Software Engineering and contribute to impactful technology projects,C++,C++;Git;Python;System Design;Java;SQL;GraphQL;FastAPI;LangChain;Rust,ML Engineer;Cybersecurity Engineer,1,1,1,4,0,FinTech;EdTech,false,Available,Weekend mornings,Any,Kolkata,English;Bengali,https://github.com/bridgeup-demo/pratyay-mukherjee-1273,https://www.linkedin.com/in/pratyay-mukherjee-1273,1st year Computer Science and Engineering student interested in FinTech and collaborative hackathon teams.,Verified,Platform members,Yes,4.7,96,2026-03-15T10:00:00Z
1274,usr-stu-1274,Ananya Mukherjee,student1274@bridgeup.example,Female,2,Jadavpur University,JU,3,2028,BBA,Business Administration,8.90,Product / Business,Build expertise in Product / Business and contribute to impactful technology projects,Communication,Communication;SQL;Market Research;Figma;Redis;FastAPI,Business Analyst;ML Engineer,5,0,0,4,4,IoT;Web3,true,Available,Weekend mornings,Hybrid,Kolkata,English;Hindi;Tamil,https://github.com/bridgeup-demo/ananya-kar-1274,https://www.linkedin.com/in/ananya-kar-1274,3rd year Business Administration student interested in IoT and collaborative hackathon teams.,Verified,Platform members,Yes,4.8,85,2026-06-22T10:00:00Z
1275,usr-stu-1275,Ankita Nandi,student1275@bridgeup.example,Female,2,Jadavpur University,JU,3,2028,BBA,Business Administration,7.91,Product / Business,Build expertise in Product / Business and contribute to impactful technology projects,SQL,SQL;Business Analysis;Agile;Product Management;FastAPI;Kotlin;MongoDB;Spring Boot,Robotics Engineer;Pitch and Presentation Lead,5,2,1,4,2,Accessibility;Cybersecurity,true,Available,Friday and weekends,Remote,Kolkata,English;Hindi;Tamil,https://github.com/bridgeup-demo/ankita-majumdar-1275,https://www.linkedin.com/in/ankita-majumdar-1275,3rd year Business Administration student interested in Accessibility and collaborative hackathon teams.,Verified,Platform members,Yes,4.0,80,2026-08-07T10:00:00Z
1276,usr-stu-1276,Roshni Saha,student1276@bridgeup.example,Female,2,Jadavpur University,JU,4,2027,B.Tech,Electronics and Communication Engineering,6.61,Embedded / Robotics,Build expertise in Embedded / Robotics and contribute to impactful technology projects,ROS,ROS;C;Embedded Systems;Signal Processing;Flutter;GraphQL,Mobile App Developer;Data Scientist,2,1,1,6,5,Smart Cities;Disaster Management,true,Available,Weekday evenings,Remote,Kolkata,English;Hindi,https://github.com/bridgeup-demo/roshni-majumdar-1276,https://www.linkedin.com/in/roshni-majumdar-1276,4th year Electronics and Communication Engineering student interested in Smart Cities and collaborative hackathon teams.,Verified,Platform members,Yes,3.8,99,2026-07-20T10:00:00Z
1277,usr-stu-1277,Pratyay Bhattacharya,student1277@bridgeup.example,Male,2,Jadavpur University,JU,2,2029,BBA,Business Administration,8.76,Product / Business,Build expertise in Product / Business and contribute to impactful technology projects,Product Management,Product Management;Business Analysis;Excel;Market Research;Agile;Figma;Flutter;Scikit-learn;Generative AI,Product Manager;Researcher,4,4,0,1,1,EdTech;Cybersecurity,true,Available,Weekday evenings,Remote,Kolkata,English;Hindi;Bengali,https://github.com/bridgeup-demo/pratyay-bhattacharya-1277,https://www.linkedin.com/in/pratyay-bhattacharya-1277,2nd year Business Administration student interested in EdTech and collaborative hackathon teams.,Verified,Platform members,Yes,3.9,77,2026-07-20T10:00:00Z
1278,usr-stu-1278,Aritra Kar,student1278@bridgeup.example,Male,2,Jadavpur University,JU,1,2030,B.Tech,Electrical Engineering,7.57,Hardware / Energy,Build expertise in Hardware / Energy and contribute to impactful technology projects,AutoCAD,AutoCAD;Python;MATLAB;Circuit Design;Renewable Energy;Scikit-learn;Solidity;Next.js;GraphQL,Mobile App Developer;Embedded Systems Engineer,6,1,0,3,2,Open Innovation;Healthcare,true,Available,Weekend mornings,Hybrid,Kolkata,English;Hindi;Tamil,https://github.com/bridgeup-demo/aritra-kar-1278,https://www.linkedin.com/in/aritra-kar-1278,1st year Electrical Engineering student interested in Open Innovation and collaborative hackathon teams.,Verified,Platform members,Yes,4.2,85,2026-08-08T10:00:00Z
1279,usr-stu-1279,Debayan Roy,student1279@bridgeup.example,Male,2,Jadavpur University,JU,2,2029,B.Tech,CSE (AI and ML),6.78,AI / Machine Learning,Build expertise in AI / Machine Learning and contribute to impactful technology projects,Deep Learning,Deep Learning;Python;NLP;PyTorch;TensorFlow;Computer Vision;Go;Spring Boot;Django,Pitch and Presentation Lead;Mobile App Developer,4,0,0,6,1,AI for Social Good;Web3,true,Available,Friday and weekends,Hybrid,Kolkata,English;Hindi,https://github.com/bridgeup-demo/debayan-banerjee-1279,https://www.linkedin.com/in/debayan-banerjee-1279,2nd year CSE (AI and ML) student interested in AI for Social Good and collaborative hackathon teams.,Verified,Platform members,Yes,4.8,73,2026-02-16T10:00:00Z
1280,usr-stu-1280,Rumi Dey,student1280@bridgeup.example,Non-binary,2,Jadavpur University,JU,4,2027,BBA,Business Administration,8.57,Product / Business,Build expertise in Product / Business and contribute to impactful technology projects,Communication,Communication;Figma;SQL;Excel;Market Research;Spring Boot;GCP;FastAPI;Kotlin,Cloud/DevOps Engineer;Mobile App Developer,1,0,0,7,3,Smart Cities;Agriculture,true,Available,Flexible,Hybrid,Kolkata,English;Hindi,https://github.com/bridgeup-demo/rumi-majumdar-1280,https://www.linkedin.com/in/rumi-majumdar-1280,4th year Business Administration student interested in Smart Cities and collaborative hackathon teams.,Verified,Platform members,Yes,4.8,81,2026-07-07T10:00:00Z
1281,usr-stu-1281,Ahona Ghosh,student1281@bridgeup.example,Female,2,Jadavpur University,JU,1,2030,B.Tech,Information Technology,7.61,Web / Cloud,Build expertise in Web / Cloud and contribute to impactful technology projects,TypeScript,TypeScript;Express;Docker;JavaScript;PostgreSQL;AWS;FastAPI;Next.js,Cloud/DevOps Engineer;Business Analyst,8,1,1,1,1,Disaster Management;Robotics,true,Available,Weekend mornings,In-person,Kolkata,English;Bengali,https://github.com/bridgeup-demo/ahona-das-1281,https://www.linkedin.com/in/ahona-das-1281,1st year Information Technology student interested in Disaster Management and collaborative hackathon teams.,Verified,Platform members,Yes,4.8,71,2026-03-03T10:00:00Z
1282,usr-stu-1282,Tanmay Bhattacharya,student1282@bridgeup.example,Male,2,Jadavpur University,JU,1,2030,B.Tech,Computer Science and Engineering,8.74,Software Engineering,Build expertise in Software Engineering and contribute to impactful technology projects,C++,C++;Git;System Design;Data Structures;SQL;Algorithms;Generative AI;Rust;Azure,Researcher;Mobile App Developer,6,2,0,6,2,Healthcare;Disaster Management,true,Available,Flexible,In-person,Kolkata,English;Hindi;Tamil,https://github.com/bridgeup-demo/tanmay-mitra-1282,https://www.linkedin.com/in/tanmay-mitra-1282,1st year Computer Science and Engineering student interested in Healthcare and collaborative hackathon teams.,Verified,Platform members,Yes,4.7,93,2026-09-05T10:00:00Z
1283,usr-stu-1283,Neel Nandi,student1283@bridgeup.example,Male,2,Jadavpur University,JU,3,2028,BBA,Business Administration,7.03,Product / Business,Build expertise in Product / Business and contribute to impactful technology projects,Agile,Agile;Figma;Communication;Excel;FastAPI;Azure,Product Manager;Pitch and Presentation Lead,8,0,0,8,8,IoT;Accessibility,true,Available,Friday and weekends,Remote,Kolkata,English;Hindi,https://github.com/bridgeup-demo/neel-banerjee-1283,https://www.linkedin.com/in/neel-banerjee-1283,3rd year Business Administration student interested in IoT and collaborative hackathon teams.,Verified,Platform members,Yes,4.4,100,2026-09-24T10:00:00Z
1284,usr-stu-1284,Sagnik Sen,student1284@bridgeup.example,Male,2,Jadavpur University,JU,1,2030,B.Tech,CSE (AI and ML),7.64,AI / Machine Learning,Build expertise in AI / Machine Learning and contribute to impactful technology projects,TensorFlow,TensorFlow;Deep Learning;Machine Learning;Python;PyTorch;Computer Vision;Django;Spring Boot;MongoDB;Rust,ML Engineer;Backend Developer,0,0,0,3,1,Accessibility;Web3,false,Available,Flexible,Hybrid,Kolkata,English;Hindi;Bengali,https://github.com/bridgeup-demo/sagnik-majumdar-1284,https://www.linkedin.com/in/sagnik-majumdar-1284,1st year CSE (AI and ML) student interested in Accessibility and collaborative hackathon teams.,Verified,Platform members,Yes,4.6,92,2026-03-15T10:00:00Z
1285,usr-stu-1285,Dev Paul,student1285@bridgeup.example,Male,2,Jadavpur University,JU,3,2028,B.Tech,Information Technology,8.67,Web / Cloud,Build expertise in Web / Cloud and contribute to impactful technology projects,PostgreSQL,PostgreSQL;TypeScript;Express;JavaScript;React;AWS;Firebase;Blockchain,Data Scientist;Product Manager,7,3,1,3,2,Cybersecurity;Sustainability,true,Available,Weekend mornings,Hybrid,Kolkata,English;Bengali;Odia,https://github.com/bridgeup-demo/dev-mitra-1285,https://www.linkedin.com/in/dev-mitra-1285,3rd year Information Technology student interested in Cybersecurity and collaborative hackathon teams.,Verified,Platform members,Yes,3.5,81,2026-06-17T10:00:00Z
1286,usr-stu-1286,Aditi Kar,student1286@bridgeup.example,Female,2,Jadavpur University,JU,1,2030,B.Sc.,Data Science,8.65,Data Science,Build expertise in Data Science and contribute to impactful technology projects,Machine Learning,Machine Learning;Pandas;Python;Power BI;Scikit-learn;Flutter;Rust,Mobile App Developer;Product Manager,7,1,0,7,7,Healthcare;Smart Cities,true,Available,Friday and weekends,Any,Kolkata,English;Bengali,https://github.com/bridgeup-demo/aditi-paul-1286,https://www.linkedin.com/in/aditi-paul-1286,1st year Data Science student interested in Healthcare and collaborative hackathon teams.,Verified,Platform members,Yes,4.4,89,2026-01-27T10:00:00Z
1287,usr-stu-1287,Shreya Basu,student1287@bridgeup.example,Female,2,Jadavpur University,JU,2,2029,B.Tech,Information Technology,8.41,Web / Cloud,Build expertise in Web / Cloud and contribute to impactful technology projects,AWS,AWS;JavaScript;Node.js;TypeScript;React;Docker;Scikit-learn;Redis;Swift;OpenCV,Cloud/DevOps Engineer;Product Manager,7,1,0,7,2,Robotics;AI for Social Good,true,Available,Weekends,Hybrid,Kolkata,English;Bengali,https://github.com/bridgeup-demo/shreya-sen-1287,https://www.linkedin.com/in/shreya-sen-1287,2nd year Information Technology student interested in Robotics and collaborative hackathon teams.,Verified,Platform members,Yes,5.0,95,2026-04-25T10:00:00Z
1288,usr-stu-1288,Aditi Dhar,student1288@bridgeup.example,Female,2,Jadavpur University,JU,4,2027,BBA,Business Administration,7.22,Product / Business,Build expertise in Product / Business and contribute to impactful technology projects,Business Analysis,Business Analysis;Agile;Figma;Excel;SQL;Rust;Go;REST APIs;Generative AI,Business Analyst;Frontend Developer,1,1,1,5,4,Robotics;Sustainability,true,Available,Weekend mornings,Hybrid,Kolkata,English;Hindi;Bengali,https://github.com/bridgeup-demo/aditi-banerjee-1288,https://www.linkedin.com/in/aditi-banerjee-1288,4th year Business Administration student interested in Robotics and collaborative hackathon teams.,Verified,Platform members,Yes,3.5,96,2026-05-12T10:00:00Z
1289,usr-stu-1289,Arjun Paul,student1289@bridgeup.example,Male,2,Jadavpur University,JU,4,2027,B.Tech,Electronics and Communication Engineering,7.78,Embedded / Robotics,Build expertise in Embedded / Robotics and contribute to impactful technology projects,Embedded Systems,Embedded Systems;Verilog;Signal Processing;Arduino;ROS;C;Kotlin;UI/UX;FastAPI,Cybersecurity Engineer;Backend Developer,6,2,0,4,3,Disaster Management;Open Innovation,true,Available,Weekends,Remote,Kolkata,English;Hindi,https://github.com/bridgeup-demo/arjun-lahiri-1289,https://www.linkedin.com/in/arjun-lahiri-1289,4th year Electronics and Communication Engineering student interested in Disaster Management and collaborative hackathon teams.,Verified,Platform members,Yes,4.0,89,2026-04-05T10:00:00Z
1290,usr-stu-1290,Poulomi Bhattacharya,student1290@bridgeup.example,Female,2,Jadavpur University,JU,2,2029,B.Tech,CSE (IoT),9.15,IoT / Embedded Systems,Build expertise in IoT / Embedded Systems and contribute to impactful technology projects,C,C;PCB Design;C++;Arduino;Embedded Systems;ESP32;GraphQL;Kubernetes,Cybersecurity Engineer;Mobile App Developer,2,0,0,3,3,AI for Social Good;Web3,false,Available,Flexible,Hybrid,Kolkata,English;Hindi;Bengali,https://github.com/bridgeup-demo/poulomi-sarkar-1290,https://www.linkedin.com/in/poulomi-sarkar-1290,2nd year CSE (IoT) student interested in AI for Social Good and collaborative hackathon teams.,Verified,Platform members,Yes,3.9,87,2026-04-26T10:00:00Z
1291,usr-stu-1291,Abhishek Sen,student1291@bridgeup.example,Male,2,Jadavpur University,JU,4,2027,BBA,Business Administration,9.45,Product / Business,Build expertise in Product / Business and contribute to impactful technology projects,Communication,Communication;Business Analysis;Figma;Excel;SQL;Cybersecurity;Rust,Mobile App Developer;Full Stack Developer,5,2,1,5,3,Open Innovation;Sustainability,true,Available,Weekday evenings,Any,Kolkata,English;Hindi;Tamil,https://github.com/bridgeup-demo/abhishek-mitra-1291,https://www.linkedin.com/in/abhishek-mitra-1291,4th year Business Administration student interested in Open Innovation and collaborative hackathon teams.,Verified,Platform members,Yes,4.2,84,2026-09-02T10:00:00Z
1292,usr-stu-1292,Dev Ghosh,student1292@bridgeup.example,Male,2,Jadavpur University,JU,2,2029,BBA,Business Administration,8.60,Product / Business,Build expertise in Product / Business and contribute to impactful technology projects,Market Research,Market Research;SQL;Communication;Agile;Business Analysis;Solidity;Redis,ML Engineer;Data Scientist,6,4,0,6,4,Web3;Open Innovation,true,Available,Friday and weekends,Hybrid,Kolkata,English;Hindi;Bengali,https://github.com/bridgeup-demo/dev-nandi-1292,https://www.linkedin.com/in/dev-nandi-1292,2nd year Business Administration student interested in Web3 and collaborative hackathon teams.,Verified,Platform members,Yes,3.6,78,2026-04-21T10:00:00Z
1293,usr-stu-1293,Soumyadeep Karmakar,student1293@bridgeup.example,Male,2,Jadavpur University,JU,4,2027,B.Tech,CSE (IoT),8.63,IoT / Embedded Systems,Build expertise in IoT / Embedded Systems and contribute to impactful technology projects,C,C;Embedded Systems;PCB Design;ESP32;LangChain;Generative AI;Azure,Product Manager;Backend Developer,7,4,1,6,4,Web3;Open Innovation,true,Available,Weekday evenings,In-person,Kolkata,English;Hindi;Tamil,https://github.com/bridgeup-demo/soumyadeep-kar-1293,https://www.linkedin.com/in/soumyadeep-kar-1293,4th year CSE (IoT) student interested in Web3 and collaborative hackathon teams.,Verified,Platform members,Yes,4.0,72,2026-01-22T10:00:00Z
1294,usr-stu-1294,Diya Roy,student1294@bridgeup.example,Female,2,Jadavpur University,JU,1,2030,BBA,Business Administration,6.68,Product / Business,Build expertise in Product / Business and contribute to impactful technology projects,Figma,Figma;Business Analysis;Product Management;Excel;Solidity;Linux,Backend Developer;Cloud/DevOps Engineer,5,4,0,7,0,Web3;Robotics,true,Available,Weekends,Any,Kolkata,English;Hindi;Tamil,https://github.com/bridgeup-demo/diya-roy-1294,https://www.linkedin.com/in/diya-roy-1294,1st year Business Administration student interested in Web3 and collaborative hackathon teams.,Verified,Platform members,Yes,4.3,95,2026-04-20T10:00:00Z
1295,usr-stu-1295,Ananya Dhar,student1295@bridgeup.example,Female,2,Jadavpur University,JU,2,2029,B.Tech,CSE (IoT),6.59,IoT / Embedded Systems,Build expertise in IoT / Embedded Systems and contribute to impactful technology projects,PCB Design,PCB Design;ESP32;C;C++;Spring Boot;OpenCV;Flutter;Azure,Frontend Developer;Pitch and Presentation Lead,1,1,0,4,1,Accessibility;FinTech,false,Available,Weekday evenings,Hybrid,Kolkata,English;Bengali,https://github.com/bridgeup-demo/ananya-sarkar-1295,https://www.linkedin.com/in/ananya-sarkar-1295,2nd year CSE (IoT) student interested in Accessibility and collaborative hackathon teams.,Verified,Platform members,Yes,3.9,92,2026-07-06T10:00:00Z
1296,usr-stu-1296,Poulomi Paul,student1296@bridgeup.example,Female,2,Jadavpur University,JU,4,2027,BBA,Business Administration,9.16,Product / Business,Build expertise in Product / Business and contribute to impactful technology projects,Communication,Communication;Business Analysis;Agile;Figma;Market Research;GCP;OpenCV;MongoDB,Frontend Developer;ML Engineer,7,3,0,8,8,Sustainability;AI for Social Good,true,Available,Weekday evenings,Hybrid,Kolkata,English;Bengali,https://github.com/bridgeup-demo/poulomi-mukherjee-1296,https://www.linkedin.com/in/poulomi-mukherjee-1296,4th year Business Administration student interested in Sustainability and collaborative hackathon teams.,Verified,Platform members,Yes,4.1,84,2026-07-18T10:00:00Z
1297,usr-stu-1297,Dev Chatterjee,student1297@bridgeup.example,Male,2,Jadavpur University,JU,2,2029,B.Tech,Computer Science and Engineering,8.62,Software Engineering,Build expertise in Software Engineering and contribute to impactful technology projects,Data Structures,Data Structures;Git;C++;Java;Algorithms;SQL;Flutter;OpenCV;Redis,UI/UX Designer;Embedded Systems Engineer,8,4,1,4,4,Robotics;Disaster Management,true,Available,Flexible,In-person,Kolkata,English;Hindi,https://github.com/bridgeup-demo/dev-pal-1297,https://www.linkedin.com/in/dev-pal-1297,2nd year Computer Science and Engineering student interested in Robotics and collaborative hackathon teams.,Verified,Platform members,Yes,4.1,75,2026-08-15T10:00:00Z
1298,usr-stu-1298,Roshni Kar,student1298@bridgeup.example,Female,2,Jadavpur University,JU,2,2029,B.Tech,Electronics and Communication Engineering,8.10,Embedded / Robotics,Build expertise in Embedded / Robotics and contribute to impactful technology projects,C,C;Embedded Systems;ROS;Signal Processing;Verilog;Arduino;Solidity;Kotlin;Django,Pitch and Presentation Lead;Frontend Developer,4,2,1,2,0,Sustainability;Healthcare,true,Available,Flexible,Any,Kolkata,English;Bengali;Odia,https://github.com/bridgeup-demo/roshni-lahiri-1298,https://www.linkedin.com/in/roshni-lahiri-1298,2nd year Electronics and Communication Engineering student interested in Sustainability and collaborative hackathon teams.,Verified,Platform members,Yes,4.3,89,2026-08-02T10:00:00Z
1299,usr-stu-1299,Megha Karmakar,student1299@bridgeup.example,Female,2,Jadavpur University,JU,1,2030,B.Tech,Electrical Engineering,8.37,Hardware / Energy,Build expertise in Hardware / Energy and contribute to impactful technology projects,Circuit Design,Circuit Design;Power Systems;Control Systems;Renewable Energy;MATLAB;AutoCAD;Blockchain;Cybersecurity;Azure,UI/UX Designer;Researcher,2,1,0,3,0,Robotics;AI for Social Good,false,Available,Flexible,Hybrid,Kolkata,English;Bengali;Odia,https://github.com/bridgeup-demo/megha-saha-1299,https://www.linkedin.com/in/megha-saha-1299,1st year Electrical Engineering student interested in Robotics and collaborative hackathon teams.,Verified,Platform members,Yes,4.8,73,2026-07-18T10:00:00Z
1300,usr-stu-1300,Samar Chatterjee,student1300@bridgeup.example,Prefer not to say,2,Jadavpur University,JU,1,2030,B.Tech,CSE (IoT),9.23,IoT / Embedded Systems,Build expertise in IoT / Embedded Systems and contribute to impactful technology projects,Embedded Systems,Embedded Systems;PCB Design;Arduino;MQTT;C;C++;Next.js;Figma,Embedded Systems Engineer;Business Analyst,0,0,0,4,2,Web3;Cybersecurity,false,Available,Weekday evenings,Remote,Kolkata,English;Hindi,https://github.com/bridgeup-demo/samar-guha-1300,https://www.linkedin.com/in/samar-guha-1300,1st year CSE (IoT) student interested in Web3 and collaborative hackathon teams.,Verified,Platform members,Yes,4.8,78,2026-01-25T10:00:00Z
1301,usr-stu-1301,Ananya Guha,student1301@bridgeup.example,Female,2,Jadavpur University,JU,4,2027,B.Sc.,Data Science,8.72,Data Science,Build expertise in Data Science and contribute to impactful technology projects,Power BI,Power BI;SQL;Machine Learning;Statistics;NumPy;Tableau;Swift;Blockchain;Linux,Backend Developer;Cybersecurity Engineer,2,2,0,4,3,Smart Cities;FinTech,false,Available,Weekends,Hybrid,Kolkata,English;Bengali;Odia,https://github.com/bridgeup-demo/ananya-majumdar-1301,https://www.linkedin.com/in/ananya-majumdar-1301,4th year Data Science student interested in Smart Cities and collaborative hackathon teams.,Verified,Platform members,Yes,4.9,82,2026-05-09T10:00:00Z
1302,usr-stu-1302,Suvam Majumdar,student1302@bridgeup.example,Male,2,Jadavpur University,JU,2,2029,B.Tech,Information Technology,6.83,Web / Cloud,Build expertise in Web / Cloud and contribute to impactful technology projects,PostgreSQL,PostgreSQL;Docker;Node.js;React;Spring Boot;GCP,ML Engineer;Researcher,7,1,1,6,4,Disaster Management;Open Innovation,true,Available,Weekend mornings,Remote,Kolkata,English;Hindi;Bengali,https://github.com/bridgeup-demo/suvam-singh-1302,https://www.linkedin.com/in/suvam-singh-1302,2nd year Information Technology student interested in Disaster Management and collaborative hackathon teams.,Verified,Platform members,Yes,4.0,82,2026-04-09T10:00:00Z
1303,usr-stu-1303,Pratyay Roy,student1303@bridgeup.example,Male,2,Jadavpur University,JU,2,2029,B.Tech,Electronics and Communication Engineering,9.79,Embedded / Robotics,Build expertise in Embedded / Robotics and contribute to impactful technology projects,Robotics,Robotics;MATLAB;Verilog;ROS;Signal Processing;Embedded Systems;Kotlin;Solidity;Blockchain;Figma,Mobile App Developer;UI/UX Designer,4,0,0,1,1,Accessibility;Healthcare,true,Available,Weekends,Any,Kolkata,English;Hindi,https://github.com/bridgeup-demo/pratyay-basu-1303,https://www.linkedin.com/in/pratyay-basu-1303,2nd year Electronics and Communication Engineering student interested in Accessibility and collaborative hackathon teams.,Verified,Platform members,Yes,4.3,76,2026-03-19T10:00:00Z
1304,usr-stu-1304,Aarav Lahiri,student1304@bridgeup.example,Male,2,Jadavpur University,JU,2,2029,B.Sc.,Data Science,8.98,Data Science,Build expertise in Data Science and contribute to impactful technology projects,NumPy,NumPy;Tableau;Pandas;Statistics;Machine Learning;SQL;Spring Boot;Blockchain;Solidity,ML Engineer;Mobile App Developer,8,1,0,2,0,Smart Cities;Healthcare,true,Available,Flexible,Any,Kolkata,English;Hindi;Bengali,https://github.com/bridgeup-demo/aarav-nandi-1304,https://www.linkedin.com/in/aarav-nandi-1304,2nd year Data Science student interested in Smart Cities and collaborative hackathon teams.,Verified,Platform members,Yes,4.3,100,2026-05-04T10:00:00Z
1305,usr-stu-1305,Aritra Singh,student1305@bridgeup.example,Male,2,Jadavpur University,JU,3,2028,B.Tech,Electrical Engineering,8.60,Hardware / Energy,Build expertise in Hardware / Energy and contribute to impactful technology projects,Circuit Design,Circuit Design;IoT;AutoCAD;Power Systems;Spring Boot;Go;OpenCV;Generative AI,Researcher;Embedded Systems Engineer,4,2,1,9,1,Agriculture;EdTech,true,Available,Friday and weekends,Hybrid,Kolkata,English;Bengali;Odia,https://github.com/bridgeup-demo/aritra-mitra-1305,https://www.linkedin.com/in/aritra-mitra-1305,3rd year Electrical Engineering student interested in Agriculture and collaborative hackathon teams.,Verified,Platform members,Yes,3.9,80,2026-01-18T10:00:00Z
1306,usr-stu-1306,Dev Dey,student1306@bridgeup.example,Male,2,Jadavpur University,JU,3,2028,B.Tech,Information Technology,7.16,Web / Cloud,Build expertise in Web / Cloud and contribute to impactful technology projects,JavaScript,JavaScript;React;Node.js;TypeScript;Flutter;Spring Boot;MongoDB;Scikit-learn,Cloud/DevOps Engineer;Frontend Developer,3,3,1,4,2,IoT;Cybersecurity,false,Available,Weekend mornings,In-person,Kolkata,English;Hindi;Tamil,https://github.com/bridgeup-demo/dev-sen-1306,https://www.linkedin.com/in/dev-sen-1306,3rd year Information Technology student interested in IoT and collaborative hackathon teams.,Verified,Platform members,Yes,4.1,77,2026-08-14T10:00:00Z
1307,usr-stu-1307,Sagnik Nandi,student1307@bridgeup.example,Male,2,Jadavpur University,JU,1,2030,B.Tech,Electronics and Communication Engineering,6.96,Embedded / Robotics,Build expertise in Embedded / Robotics and contribute to impactful technology projects,Robotics,Robotics;C;ROS;Signal Processing;Embedded Systems;Verilog;Django;Figma,Business Analyst;Pitch and Presentation Lead,6,2,0,6,6,Agriculture;Smart Cities,true,Available,Weekend mornings,Remote,Kolkata,English;Hindi;Bengali,https://github.com/bridgeup-demo/sagnik-das-1307,https://www.linkedin.com/in/sagnik-das-1307,1st year Electronics and Communication Engineering student interested in Agriculture and collaborative hackathon teams.,Verified,Platform members,Yes,4.9,85,2026-06-20T10:00:00Z
1308,usr-stu-1308,Aarav Chatterjee,student1308@bridgeup.example,Male,2,Jadavpur University,JU,4,2027,B.Tech,CSE (AI and ML),7.91,AI / Machine Learning,Build expertise in AI / Machine Learning and contribute to impactful technology projects,Deep Learning,Deep Learning;Python;Pandas;Computer Vision;Machine Learning;NLP;Blockchain;GCP;Cybersecurity;Figma,Embedded Systems Engineer;Frontend Developer,6,3,1,6,2,EdTech;Web3,true,Available,Friday and weekends,Remote,Kolkata,English;Hindi;Bengali,https://github.com/bridgeup-demo/aarav-saha-1308,https://www.linkedin.com/in/aarav-saha-1308,4th year CSE (AI and ML) student interested in EdTech and collaborative hackathon teams.,Verified,Platform members,Yes,4.8,100,2026-09-27T10:00:00Z
1309,usr-stu-1309,Priyanka Chakraborty,student1309@bridgeup.example,Female,2,Jadavpur University,JU,1,2030,BBA,Business Administration,7.21,Product / Business,Build expertise in Product / Business and contribute to impactful technology projects,Agile,Agile;Figma;Communication;SQL;Product Management;Firebase;Kubernetes;GraphQL,Cybersecurity Engineer;Frontend Developer,1,0,0,6,2,Web3;Sustainability,true,Available,Friday and weekends,In-person,Kolkata,English;Bengali;Odia,https://github.com/bridgeup-demo/priyanka-guha-1309,https://www.linkedin.com/in/priyanka-guha-1309,1st year Business Administration student interested in Web3 and collaborative hackathon teams.,Verified,Platform members,Yes,3.7,83,2026-05-11T10:00:00Z
1310,usr-stu-1310,Abhishek Bose,student1310@bridgeup.example,Male,2,Jadavpur University,JU,2,2029,BBA,Business Administration,8.12,Product / Business,Build expertise in Product / Business and contribute to impactful technology projects,Product Management,Product Management;SQL;Communication;Market Research;Business Analysis;Excel;GCP;Scikit-learn;Firebase,Frontend Developer;ML Engineer,5,1,0,6,0,EdTech;Agriculture,true,Available,Friday and weekends,Remote,Kolkata,English;Hindi,https://github.com/bridgeup-demo/abhishek-mitra-1310,https://www.linkedin.com/in/abhishek-mitra-1310,2nd year Business Administration student interested in EdTech and collaborative hackathon teams.,Verified,Platform members,Yes,5.0,70,2026-02-04T10:00:00Z
1311,usr-stu-1311,Debayan Majumdar,student1311@bridgeup.example,Male,2,Jadavpur University,JU,3,2028,B.Tech,Computer Science and Engineering,9.74,Software Engineering,Build expertise in Software Engineering and contribute to impactful technology projects,System Design,System Design;Java;SQL;C++;Kotlin;REST APIs;GraphQL;Azure,Mobile App Developer;Embedded Systems Engineer,6,4,0,9,0,Disaster Management;Open Innovation,true,Available,Friday and weekends,Remote,Kolkata,English;Hindi;Bengali,https://github.com/bridgeup-demo/debayan-majumdar-1311,https://www.linkedin.com/in/debayan-majumdar-1311,3rd year Computer Science and Engineering student interested in Disaster Management and collaborative hackathon teams.,Verified,Platform members,Yes,4.6,82,2026-02-03T10:00:00Z
1312,usr-stu-1312,Riya Mukherjee,student1312@bridgeup.example,Female,2,Jadavpur University,JU,1,2030,B.Tech,Computer Science and Engineering,6.84,Software Engineering,Build expertise in Software Engineering and contribute to impactful technology projects,Java,Java;Git;Data Structures;System Design;Firebase;Generative AI,UI/UX Designer;Backend Developer,8,3,0,5,5,FinTech;Robotics,true,Available,Weekday evenings,Hybrid,Kolkata,English;Hindi;Bengali,https://github.com/bridgeup-demo/riya-ghosh-1312,https://www.linkedin.com/in/riya-ghosh-1312,1st year Computer Science and Engineering student interested in FinTech and collaborative hackathon teams.,Verified,Platform members,Yes,3.5,85,2026-01-21T10:00:00Z
1313,usr-stu-1313,Abhishek Dey,student1313@bridgeup.example,Male,2,Jadavpur University,JU,2,2029,BBA,Business Administration,9.78,Product / Business,Build expertise in Product / Business and contribute to impactful technology projects,Market Research,Market Research;Excel;Figma;SQL;Business Analysis;Next.js;Linux;Scikit-learn;Flutter,Embedded Systems Engineer;Robotics Engineer,7,3,0,7,3,IoT;Smart Cities,true,Available,Friday and weekends,Any,Kolkata,English;Hindi;Bengali,https://github.com/bridgeup-demo/abhishek-roy-1313,https://www.linkedin.com/in/abhishek-roy-1313,2nd year Business Administration student interested in IoT and collaborative hackathon teams.,Verified,Platform members,Yes,3.7,73,2026-06-09T10:00:00Z
1314,usr-stu-1314,Soumyadeep Singh,student1314@bridgeup.example,Male,2,Jadavpur University,JU,2,2029,BBA,Business Administration,7.24,Product / Business,Build expertise in Product / Business and contribute to impactful technology projects,SQL,SQL;Communication;Product Management;Agile;Business Analysis;Market Research;Swift;Kubernetes;Kotlin,Full Stack Developer;Cybersecurity Engineer,8,1,1,3,1,FinTech;Agriculture,true,Available,Weekday evenings,Hybrid,Kolkata,English;Bengali;Odia,https://github.com/bridgeup-demo/soumyadeep-majumdar-1314,https://www.linkedin.com/in/soumyadeep-majumdar-1314,2nd year Business Administration student interested in FinTech and collaborative hackathon teams.,Verified,Platform members,Yes,3.6,73,2026-02-03T10:00:00Z
1315,usr-stu-1315,Tania Ghosh,student1315@bridgeup.example,Female,2,Jadavpur University,JU,4,2027,B.Tech,Information Technology,8.91,Web / Cloud,Build expertise in Web / Cloud and contribute to impactful technology projects,Node.js,Node.js;Express;React;AWS;Azure;OpenCV;Redis;Swift,Product Manager;Robotics Engineer,5,0,0,3,1,Smart Cities;Open Innovation,true,Available,Flexible,Hybrid,Kolkata,English;Bengali;Odia,https://github.com/bridgeup-demo/tania-dhar-1315,https://www.linkedin.com/in/tania-dhar-1315,4th year Information Technology student interested in Smart Cities and collaborative hackathon teams.,Verified,Platform members,Yes,3.8,72,2026-04-09T10:00:00Z
1316,usr-stu-1316,Aryan Majumdar,student1316@bridgeup.example,Male,2,Jadavpur University,JU,1,2030,B.Tech,CSE (AI and ML),6.86,AI / Machine Learning,Build expertise in AI / Machine Learning and contribute to impactful technology projects,TensorFlow,TensorFlow;Deep Learning;Python;Machine Learning;Computer Vision;OpenCV;Flutter;FastAPI;Linux,Backend Developer;UI/UX Designer,4,3,2,7,6,Healthcare;Cybersecurity,true,Available,Weekends,In-person,Kolkata,English;Bengali;Odia,https://github.com/bridgeup-demo/aryan-paul-1316,https://www.linkedin.com/in/aryan-paul-1316,1st year CSE (AI and ML) student interested in Healthcare and collaborative hackathon teams.,Verified,Platform members,Yes,4.7,94,2026-09-27T10:00:00Z
1317,usr-stu-1317,Arpita Nandi,student1317@bridgeup.example,Female,2,Jadavpur University,JU,3,2028,B.Tech,Computer Science and Engineering,8.68,Software Engineering,Build expertise in Software Engineering and contribute to impactful technology projects,Python,Python;Git;System Design;SQL;Data Structures;UI/UX;Linux;LangChain,Cybersecurity Engineer;Robotics Engineer,8,4,1,9,5,Disaster Management;Agriculture,true,Available,Weekend mornings,In-person,Kolkata,English;Hindi;Bengali,https://github.com/bridgeup-demo/arpita-guha-1317,https://www.linkedin.com/in/arpita-guha-1317,3rd year Computer Science and Engineering student interested in Disaster Management and collaborative hackathon teams.,Verified,Platform members,Yes,4.2,80,2026-01-12T10:00:00Z
1318,usr-stu-1318,Dev Majumdar,student1318@bridgeup.example,Male,2,Jadavpur University,JU,4,2027,B.Tech,Electronics and Communication Engineering,6.53,Embedded / Robotics,Build expertise in Embedded / Robotics and contribute to impactful technology projects,Verilog,Verilog;Arduino;Robotics;MATLAB;Signal Processing;Solidity;Figma;Redis;Flutter,Full Stack Developer;Backend Developer,4,1,0,3,0,Disaster Management;Healthcare,true,Available,Friday and weekends,Hybrid,Kolkata,English;Hindi,https://github.com/bridgeup-demo/dev-singh-1318,https://www.linkedin.com/in/dev-singh-1318,4th year Electronics and Communication Engineering student interested in Disaster Management and collaborative hackathon teams.,Verified,Platform members,Yes,4.9,78,2026-03-02T10:00:00Z
1319,usr-stu-1319,Neel Das,student1319@bridgeup.example,Male,2,Jadavpur University,JU,2,2029,B.Tech,Computer Science and Engineering,8.31,Software Engineering,Build expertise in Software Engineering and contribute to impactful technology projects,Python,Python;System Design;Java;Data Structures;Scikit-learn;Rust,ML Engineer;UI/UX Designer,4,0,0,3,3,EdTech;AI for Social Good,true,Available,Weekends,Remote,Kolkata,English;Hindi;Tamil,https://github.com/bridgeup-demo/neel-pal-1319,https://www.linkedin.com/in/neel-pal-1319,2nd year Computer Science and Engineering student interested in EdTech and collaborative hackathon teams.,Verified,Platform members,Yes,3.9,92,2026-06-18T10:00:00Z
1320,usr-stu-1320,Ahona Pal,student1320@bridgeup.example,Female,2,Jadavpur University,JU,4,2027,B.Tech,CSE (AI and ML),6.89,AI / Machine Learning,Build expertise in AI / Machine Learning and contribute to impactful technology projects,Computer Vision,Computer Vision;PyTorch;Pandas;Deep Learning;Rust;FastAPI;Kotlin;Redis,Frontend Developer;Cloud/DevOps Engineer,1,0,0,6,4,Disaster Management;Open Innovation,true,Available,Friday and weekends,In-person,Kolkata,English;Bengali;Odia,https://github.com/bridgeup-demo/ahona-basu-1320,https://www.linkedin.com/in/ahona-basu-1320,4th year CSE (AI and ML) student interested in Disaster Management and collaborative hackathon teams.,Verified,Platform members,Yes,4.2,80,2026-04-05T10:00:00Z
1321,usr-stu-1321,Ritwik Dey,student1321@bridgeup.example,Male,2,Jadavpur University,JU,4,2027,B.Tech,Electronics and Communication Engineering,7.31,Embedded / Robotics,Build expertise in Embedded / Robotics and contribute to impactful technology projects,Robotics,Robotics;MATLAB;ROS;Verilog;Signal Processing;Arduino;LangChain;Go;Figma;Azure,UI/UX Designer;Business Analyst,0,0,0,9,4,Open Innovation;Accessibility,true,Available,Weekend mornings,Any,Kolkata,English;Hindi;Tamil,https://github.com/bridgeup-demo/ritwik-lahiri-1321,https://www.linkedin.com/in/ritwik-lahiri-1321,4th year Electronics and Communication Engineering student interested in Open Innovation and collaborative hackathon teams.,Verified,Platform members,Yes,4.4,80,2026-06-03T10:00:00Z
1322,usr-stu-1322,Koyel Sen,student1322@bridgeup.example,Female,2,Jadavpur University,JU,4,2027,B.Sc.,Data Science,7.95,Data Science,Build expertise in Data Science and contribute to impactful technology projects,Pandas,Pandas;Python;Power BI;SQL;Rust;Generative AI;Django;Figma,UI/UX Designer;Researcher,2,0,0,6,3,Smart Cities;Cybersecurity,true,Available,Weekday evenings,In-person,Kolkata,English;Hindi,https://github.com/bridgeup-demo/koyel-singh-1322,https://www.linkedin.com/in/koyel-singh-1322,4th year Data Science student interested in Smart Cities and collaborative hackathon teams.,Verified,Platform members,Yes,4.2,84,2026-01-24T10:00:00Z
1323,usr-stu-1323,Madhurima Saha,student1323@bridgeup.example,Female,2,Jadavpur University,JU,4,2027,B.Tech,Information Technology,6.88,Web / Cloud,Build expertise in Web / Cloud and contribute to impactful technology projects,Docker,Docker;TypeScript;JavaScript;Express;PostgreSQL;AWS;FastAPI;UI/UX,UI/UX Designer;Data Scientist,5,0,0,6,5,Agriculture;IoT,true,Available,Weekday evenings,Hybrid,Kolkata,English;Bengali;Odia,https://github.com/bridgeup-demo/madhurima-dey-1323,https://www.linkedin.com/in/madhurima-dey-1323,4th year Information Technology student interested in Agriculture and collaborative hackathon teams.,Verified,Platform members,Yes,3.9,99,2026-08-26T10:00:00Z
1324,usr-stu-1324,Soumyadeep Bose,student1324@bridgeup.example,Male,2,Jadavpur University,JU,2,2029,B.Tech,CSE (IoT),7.04,IoT / Embedded Systems,Build expertise in IoT / Embedded Systems and contribute to impactful technology projects,IoT,IoT;Arduino;MQTT;C++;PCB Design;Firebase;GCP;Redis,Mobile App Developer;Embedded Systems Engineer,0,0,0,4,4,Sustainability;AI for Social Good,false,Available,Weekday evenings,Hybrid,Kolkata,English;Bengali,https://github.com/bridgeup-demo/soumyadeep-karmakar-1324,https://www.linkedin.com/in/soumyadeep-karmakar-1324,2nd year CSE (IoT) student interested in Sustainability and collaborative hackathon teams.,Verified,Platform members,Yes,4.4,80,2026-07-20T10:00:00Z
1325,usr-stu-1325,Kunal Sarkar,student1325@bridgeup.example,Male,2,Jadavpur University,JU,1,2030,B.Tech,Computer Science and Engineering,8.57,Software Engineering,Build expertise in Software Engineering and contribute to impactful technology projects,C++,C++;Git;SQL;Data Structures;Java;Kotlin;Solidity,Business Analyst;Frontend Developer,5,4,1,6,2,EdTech;Smart Cities,true,Available,Weekend mornings,Hybrid,Kolkata,English;Hindi;Tamil,https://github.com/bridgeup-demo/kunal-pal-1325,https://www.linkedin.com/in/kunal-pal-1325,1st year Computer Science and Engineering student interested in EdTech and collaborative hackathon teams.,Verified,Platform members,Yes,5.0,77,2026-04-19T10:00:00Z
1326,usr-stu-1326,Shivam Pal,student1326@bridgeup.example,Male,2,Jadavpur University,JU,2,2029,BBA,Business Administration,7.68,Product / Business,Build expertise in Product / Business and contribute to impactful technology projects,Excel,Excel;Business Analysis;Market Research;Agile;Figma;Communication;LangChain;Cybersecurity;Spring Boot;Next.js,Backend Developer;Full Stack Developer,5,4,2,8,6,Sustainability;EdTech,true,Available,Friday and weekends,In-person,Kolkata,English;Hindi;Tamil,https://github.com/bridgeup-demo/shivam-pal-1326,https://www.linkedin.com/in/shivam-pal-1326,2nd year Business Administration student interested in Sustainability and collaborative hackathon teams.,Verified,Platform members,Yes,3.9,85,2026-03-05T10:00:00Z
1327,usr-stu-1327,Aditya Kar,student1327@bridgeup.example,Male,2,Jadavpur University,JU,4,2027,B.Tech,Electronics and Communication Engineering,8.80,Embedded / Robotics,Build expertise in Embedded / Robotics and contribute to impactful technology projects,Signal Processing,Signal Processing;Arduino;Verilog;Robotics;Swift;Scikit-learn;GCP,Pitch and Presentation Lead;Frontend Developer,6,4,0,10,1,Cybersecurity;Agriculture,true,Available,Friday and weekends,Remote,Kolkata,English;Hindi;Bengali,https://github.com/bridgeup-demo/aditya-sen-1327,https://www.linkedin.com/in/aditya-sen-1327,4th year Electronics and Communication Engineering student interested in Cybersecurity and collaborative hackathon teams.,Verified,Platform members,Yes,4.4,82,2026-01-04T10:00:00Z
1328,usr-stu-1328,Dev Karmakar,student1328@bridgeup.example,Male,2,Jadavpur University,JU,4,2027,B.Sc.,Data Science,8.03,Data Science,Build expertise in Data Science and contribute to impactful technology projects,Statistics,Statistics;Machine Learning;Pandas;Tableau;Python;UI/UX;Blockchain,Full Stack Developer;Cloud/DevOps Engineer,7,3,0,9,5,AI for Social Good;Disaster Management,true,Available,Weekday evenings,In-person,Kolkata,English;Bengali,https://github.com/bridgeup-demo/dev-dey-1328,https://www.linkedin.com/in/dev-dey-1328,4th year Data Science student interested in AI for Social Good and collaborative hackathon teams.,Verified,Platform members,Yes,4.2,99,2026-02-03T10:00:00Z
1329,usr-stu-1329,Neha Das,student1329@bridgeup.example,Female,2,Jadavpur University,JU,1,2030,BBA,Business Administration,6.57,Product / Business,Build expertise in Product / Business and contribute to impactful technology projects,Agile,Agile;Communication;Market Research;Product Management;SQL;Excel;Solidity;Next.js;LangChain,Full Stack Developer;Embedded Systems Engineer,8,3,0,4,3,Web3;Disaster Management,true,Available,Weekday evenings,Remote,Kolkata,English;Hindi,https://github.com/bridgeup-demo/neha-dey-1329,https://www.linkedin.com/in/neha-dey-1329,1st year Business Administration student interested in Web3 and collaborative hackathon teams.,Verified,Platform members,Yes,3.8,86,2026-08-02T10:00:00Z
1330,usr-stu-1330,Kunal Bose,student1330@bridgeup.example,Male,2,Jadavpur University,JU,3,2028,B.Tech,CSE (IoT),7.66,IoT / Embedded Systems,Build expertise in IoT / Embedded Systems and contribute to impactful technology projects,MQTT,MQTT;C++;IoT;PCB Design;Kubernetes;Go;OpenCV,Product Manager;Business Analyst,8,1,0,2,2,Healthcare;IoT,true,Available,Weekday evenings,In-person,Kolkata,English;Hindi,https://github.com/bridgeup-demo/kunal-singh-1330,https://www.linkedin.com/in/kunal-singh-1330,3rd year CSE (IoT) student interested in Healthcare and collaborative hackathon teams.,Verified,Platform members,Yes,4.5,74,2026-08-28T10:00:00Z
1331,usr-stu-1331,Tania Das,student1331@bridgeup.example,Female,2,Jadavpur University,JU,3,2028,B.Tech,Electronics and Communication Engineering,7.06,Embedded / Robotics,Build expertise in Embedded / Robotics and contribute to impactful technology projects,Robotics,Robotics;Verilog;C;Signal Processing;Arduino;Swift;Linux,Cybersecurity Engineer;Frontend Developer,3,2,0,9,4,FinTech;Accessibility,true,Available,Flexible,Hybrid,Kolkata,English;Hindi;Tamil,https://github.com/bridgeup-demo/tania-sarkar-1331,https://www.linkedin.com/in/tania-sarkar-1331,3rd year Electronics and Communication Engineering student interested in FinTech and collaborative hackathon teams.,Verified,Platform members,Yes,3.8,82,2026-03-27T10:00:00Z
1332,usr-stu-1332,Rohan Pal,student1332@bridgeup.example,Male,2,Jadavpur University,JU,3,2028,B.Tech,Information Technology,9.48,Web / Cloud,Build expertise in Web / Cloud and contribute to impactful technology projects,Docker,Docker;PostgreSQL;React;TypeScript;Node.js;Cybersecurity;MongoDB;Redis,Frontend Developer;UI/UX Designer,5,0,0,8,7,FinTech;EdTech,true,Available,Friday and weekends,In-person,Kolkata,English;Hindi;Tamil,https://github.com/bridgeup-demo/rohan-nandi-1332,https://www.linkedin.com/in/rohan-nandi-1332,3rd year Information Technology student interested in FinTech and collaborative hackathon teams.,Verified,Platform members,Yes,3.8,83,2026-02-15T10:00:00Z
1333,usr-stu-1333,Esha Majumdar,student1333@bridgeup.example,Female,2,Jadavpur University,JU,3,2028,B.Tech,CSE (IoT),8.40,IoT / Embedded Systems,Build expertise in IoT / Embedded Systems and contribute to impactful technology projects,ESP32,ESP32;PCB Design;Embedded Systems;MQTT;C;C++;Firebase;Next.js;Flutter;REST APIs,UI/UX Designer;Cybersecurity Engineer,5,2,1,9,7,EdTech;Open Innovation,true,Available,Weekday evenings,Hybrid,Kolkata,English;Bengali;Odia,https://github.com/bridgeup-demo/esha-dhar-1333,https://www.linkedin.com/in/esha-dhar-1333,3rd year CSE (IoT) student interested in EdTech and collaborative hackathon teams.,Verified,Platform members,Yes,4.8,77,2026-01-01T10:00:00Z
1334,usr-stu-1334,Megha Majumdar,student1334@bridgeup.example,Female,2,Jadavpur University,JU,1,2030,BBA,Business Administration,8.90,Product / Business,Build expertise in Product / Business and contribute to impactful technology projects,Figma,Figma;Communication;SQL;Agile;Business Analysis;Excel;Rust;Scikit-learn;GCP;MongoDB,Data Scientist;Backend Developer,3,0,0,7,5,Web3;Disaster Management,true,Available,Weekends,Remote,Kolkata,English;Hindi;Bengali,https://github.com/bridgeup-demo/megha-lahiri-1334,https://www.linkedin.com/in/megha-lahiri-1334,1st year Business Administration student interested in Web3 and collaborative hackathon teams.,Verified,Platform members,Yes,4.6,100,2026-01-01T10:00:00Z
1335,usr-stu-1335,Aditi Karmakar,student1335@bridgeup.example,Female,2,Jadavpur University,JU,4,2027,B.Tech,Electronics and Communication Engineering,8.28,Embedded / Robotics,Build expertise in Embedded / Robotics and contribute to impactful technology projects,Embedded Systems,Embedded Systems;C;Robotics;Arduino;Verilog;Azure;Generative AI,Frontend Developer;Robotics Engineer,7,3,2,10,8,Disaster Management;Open Innovation,true,Available,Friday and weekends,Any,Kolkata,English;Hindi;Bengali,https://github.com/bridgeup-demo/aditi-ghosh-1335,https://www.linkedin.com/in/aditi-ghosh-1335,4th year Electronics and Communication Engineering student interested in Disaster Management and collaborative hackathon teams.,Verified,Platform members,Yes,4.3,83,2026-05-09T10:00:00Z
1336,usr-stu-1336,Ritwik Banerjee,student1336@bridgeup.example,Male,2,Jadavpur University,JU,2,2029,B.Tech,Electrical Engineering,6.81,Hardware / Energy,Build expertise in Hardware / Energy and contribute to impactful technology projects,Power Systems,Power Systems;MATLAB;Renewable Energy;IoT;Control Systems;GCP;Flutter;Figma,Cybersecurity Engineer;Data Scientist,8,2,2,7,2,IoT;Cybersecurity,true,Available,Friday and weekends,In-person,Kolkata,English;Hindi,https://github.com/bridgeup-demo/ritwik-majumdar-1336,https://www.linkedin.com/in/ritwik-majumdar-1336,2nd year Electrical Engineering student interested in IoT and collaborative hackathon teams.,Verified,Platform members,Yes,4.8,80,2026-04-20T10:00:00Z
1337,usr-stu-1337,Arpita Sarkar,student1337@bridgeup.example,Female,2,Jadavpur University,JU,1,2030,B.Tech,Electrical Engineering,6.67,Hardware / Energy,Build expertise in Hardware / Energy and contribute to impactful technology projects,Renewable Energy,Renewable Energy;Power Systems;MATLAB;IoT;AutoCAD;Python;Redis;Go;LangChain,Cloud/DevOps Engineer;Full Stack Developer,3,0,0,5,4,Accessibility;Smart Cities,true,Available,Weekends,Remote,Kolkata,English;Hindi;Bengali,https://github.com/bridgeup-demo/arpita-karmakar-1337,https://www.linkedin.com/in/arpita-karmakar-1337,1st year Electrical Engineering student interested in Accessibility and collaborative hackathon teams.,Verified,Platform members,Yes,5.0,73,2026-01-23T10:00:00Z
1338,usr-stu-1338,Pratyay Sarkar,student1338@bridgeup.example,Male,2,Jadavpur University,JU,2,2029,BBA,Business Administration,8.43,Product / Business,Build expertise in Product / Business and contribute to impactful technology projects,Market Research,Market Research;Business Analysis;SQL;Figma;Go;Flutter;Kotlin,Frontend Developer;Cloud/DevOps Engineer,5,0,0,3,3,IoT;Web3,true,Available,Flexible,Remote,Kolkata,English;Bengali;Odia,https://github.com/bridgeup-demo/pratyay-banerjee-1338,https://www.linkedin.com/in/pratyay-banerjee-1338,2nd year Business Administration student interested in IoT and collaborative hackathon teams.,Verified,Platform members,Yes,3.8,73,2026-04-18T10:00:00Z
1339,usr-stu-1339,Esha Lahiri,student1339@bridgeup.example,Female,2,Jadavpur University,JU,4,2027,B.Tech,Computer Science and Engineering,9.59,Software Engineering,Build expertise in Software Engineering and contribute to impactful technology projects,Python,Python;Data Structures;System Design;Algorithms;Scikit-learn;Figma;Azure;LangChain,Frontend Developer;Mobile App Developer,8,0,0,8,0,Healthcare;Web3,true,Available,Flexible,In-person,Kolkata,English;Hindi;Tamil,https://github.com/bridgeup-demo/esha-das-1339,https://www.linkedin.com/in/esha-das-1339,4th year Computer Science and Engineering student interested in Healthcare and collaborative hackathon teams.,Verified,Platform members,Yes,4.4,83,2026-08-05T10:00:00Z
1340,usr-stu-1340,Sanjana Bose,student1340@bridgeup.example,Female,2,Jadavpur University,JU,2,2029,B.Tech,CSE (IoT),6.97,IoT / Embedded Systems,Build expertise in IoT / Embedded Systems and contribute to impactful technology projects,ESP32,ESP32;IoT;Arduino;C++;MQTT;LangChain;GraphQL;Solidity;Spring Boot,Full Stack Developer;Product Manager,8,2,0,5,5,EdTech;Open Innovation,true,Available,Weekday evenings,Remote,Kolkata,English;Hindi;Tamil,https://github.com/bridgeup-demo/sanjana-nandi-1340,https://www.linkedin.com/in/sanjana-nandi-1340,2nd year CSE (IoT) student interested in EdTech and collaborative hackathon teams.,Verified,Platform members,Yes,4.3,99,2026-03-12T10:00:00Z
1341,usr-stu-1341,Anirban Banerjee,student1341@bridgeup.example,Male,2,Jadavpur University,JU,3,2028,B.Tech,Information Technology,8.63,Web / Cloud,Build expertise in Web / Cloud and contribute to impactful technology projects,JavaScript,JavaScript;Docker;AWS;TypeScript;MongoDB;Kubernetes,Pitch and Presentation Lead;Backend Developer,5,0,0,3,1,Accessibility;Robotics,true,Available,Flexible,Hybrid,Kolkata,English;Bengali,https://github.com/bridgeup-demo/anirban-mitra-1341,https://www.linkedin.com/in/anirban-mitra-1341,3rd year Information Technology student interested in Accessibility and collaborative hackathon teams.,Verified,Platform members,Yes,4.2,98,2026-03-20T10:00:00Z
1342,usr-stu-1342,Tanmay Singh,student1342@bridgeup.example,Male,2,Jadavpur University,JU,3,2028,B.Tech,Information Technology,7.98,Web / Cloud,Build expertise in Web / Cloud and contribute to impactful technology projects,React,React;Node.js;AWS;JavaScript;Docker;Express;UI/UX;Cybersecurity,Frontend Developer;Pitch and Presentation Lead,3,3,2,9,0,Sustainability;Web3,true,Available,Flexible,In-person,Kolkata,English;Hindi;Bengali,https://github.com/bridgeup-demo/tanmay-chatterjee-1342,https://www.linkedin.com/in/tanmay-chatterjee-1342,3rd year Information Technology student interested in Sustainability and collaborative hackathon teams.,Verified,Platform members,Yes,4.1,96,2026-06-17T10:00:00Z
1343,usr-stu-1343,Milan Singh,student1343@bridgeup.example,Prefer not to say,2,Jadavpur University,JU,2,2029,BBA,Business Administration,8.01,Product / Business,Build expertise in Product / Business and contribute to impactful technology projects,Figma,Figma;Communication;Market Research;Excel;Solidity;Linux,Data Scientist;Pitch and Presentation Lead,3,2,0,8,2,Sustainability;FinTech,true,Available,Friday and weekends,Remote,Kolkata,English;Bengali,https://github.com/bridgeup-demo/milan-bhattacharya-1343,https://www.linkedin.com/in/milan-bhattacharya-1343,2nd year Business Administration student interested in Sustainability and collaborative hackathon teams.,Verified,Platform members,Yes,4.8,100,2026-06-23T10:00:00Z
1344,usr-stu-1344,Swastika Mitra,student1344@bridgeup.example,Female,2,Jadavpur University,JU,2,2029,B.Tech,Electrical Engineering,6.60,Hardware / Energy,Build expertise in Hardware / Energy and contribute to impactful technology projects,Circuit Design,Circuit Design;Power Systems;AutoCAD;Python;Control Systems;Renewable Energy;Redis;Flutter;Azure;GCP,Cybersecurity Engineer;ML Engineer,5,3,1,2,0,Smart Cities;Cybersecurity,true,Available,Weekend mornings,Remote,Kolkata,English;Hindi;Tamil,https://github.com/bridgeup-demo/swastika-basu-1344,https://www.linkedin.com/in/swastika-basu-1344,2nd year Electrical Engineering student interested in Smart Cities and collaborative hackathon teams.,Verified,Platform members,Yes,4.7,77,2026-05-20T10:00:00Z
1345,usr-stu-1345,Tanmay Mukherjee,student1345@bridgeup.example,Male,2,Jadavpur University,JU,1,2030,B.Tech,CSE (AI and ML),9.16,AI / Machine Learning,Build expertise in AI / Machine Learning and contribute to impactful technology projects,PyTorch,PyTorch;TensorFlow;Pandas;Computer Vision;Firebase;Cybersecurity;Scikit-learn;Solidity,Researcher;Full Stack Developer,2,0,0,2,1,Cybersecurity;Smart Cities,false,Available,Flexible,Hybrid,Kolkata,English;Hindi,https://github.com/bridgeup-demo/tanmay-ghosh-1345,https://www.linkedin.com/in/tanmay-ghosh-1345,1st year CSE (AI and ML) student interested in Cybersecurity and collaborative hackathon teams.,Verified,Platform members,Yes,3.6,84,2026-08-01T10:00:00Z
1346,usr-stu-1346,Subhajit Bose,student1346@bridgeup.example,Male,2,Jadavpur University,JU,3,2028,B.Tech,CSE (IoT),8.45,IoT / Embedded Systems,Build expertise in IoT / Embedded Systems and contribute to impactful technology projects,Arduino,Arduino;ESP32;C++;PCB Design;MQTT;Swift;Django;Solidity,Frontend Developer;Researcher,8,2,0,8,4,Robotics;Cybersecurity,true,Available,Weekend mornings,In-person,Kolkata,English;Bengali;Odia,https://github.com/bridgeup-demo/subhajit-singh-1346,https://www.linkedin.com/in/subhajit-singh-1346,3rd year CSE (IoT) student interested in Robotics and collaborative hackathon teams.,Verified,Platform members,Yes,4.4,84,2026-02-24T10:00:00Z
1347,usr-stu-1347,Kunal Das,student1347@bridgeup.example,Male,2,Jadavpur University,JU,3,2028,B.Tech,Information Technology,6.91,Web / Cloud,Build expertise in Web / Cloud and contribute to impactful technology projects,JavaScript,JavaScript;TypeScript;Docker;Node.js;Redis;Cybersecurity,Embedded Systems Engineer;Frontend Developer,6,3,0,9,3,Robotics;IoT,true,Available,Weekend mornings,Hybrid,Kolkata,English;Hindi,https://github.com/bridgeup-demo/kunal-kar-1347,https://www.linkedin.com/in/kunal-kar-1347,3rd year Information Technology student interested in Robotics and collaborative hackathon teams.,Verified,Platform members,Yes,4.2,75,2026-06-27T10:00:00Z
1348,usr-stu-1348,Nandini Nandi,student1348@bridgeup.example,Female,2,Jadavpur University,JU,2,2029,B.Tech,Electronics and Communication Engineering,9.50,Embedded / Robotics,Build expertise in Embedded / Robotics and contribute to impactful technology projects,MATLAB,MATLAB;Verilog;Embedded Systems;ROS;Signal Processing;Scikit-learn;Django,Full Stack Developer;Cloud/DevOps Engineer,8,1,0,4,2,EdTech;Healthcare,true,Available,Flexible,Remote,Kolkata,English;Bengali,https://github.com/bridgeup-demo/nandini-pal-1348,https://www.linkedin.com/in/nandini-pal-1348,2nd year Electronics and Communication Engineering student interested in EdTech and collaborative hackathon teams.,Verified,Platform members,Yes,4.4,83,2026-09-18T10:00:00Z
1349,usr-stu-1349,Ahona Bhattacharya,student1349@bridgeup.example,Female,2,Jadavpur University,JU,1,2030,B.Tech,Computer Science and Engineering,6.54,Software Engineering,Build expertise in Software Engineering and contribute to impactful technology projects,Git,Git;C++;Python;Algorithms;Data Structures;System Design;Swift;Kubernetes;LangChain,Business Analyst;UI/UX Designer,4,1,0,5,1,EdTech;Web3,true,Available,Weekends,Any,Kolkata,English;Hindi,https://github.com/bridgeup-demo/ahona-dhar-1349,https://www.linkedin.com/in/ahona-dhar-1349,1st year Computer Science and Engineering student interested in EdTech and collaborative hackathon teams.,Verified,Platform members,Yes,4.1,83,2026-07-05T10:00:00Z
1350,usr-stu-1350,Kunal Bose,student1350@bridgeup.example,Male,2,Jadavpur University,JU,1,2030,B.Tech,Electronics and Communication Engineering,7.28,Embedded / Robotics,Build expertise in Embedded / Robotics and contribute to impactful technology projects,Arduino,Arduino;Verilog;Robotics;MATLAB;GCP;Kubernetes;Scikit-learn,Business Analyst;Pitch and Presentation Lead,5,4,0,1,1,EdTech;IoT,true,Available,Friday and weekends,In-person,Kolkata,English;Hindi;Bengali,https://github.com/bridgeup-demo/kunal-chakraborty-1350,https://www.linkedin.com/in/kunal-chakraborty-1350,1st year Electronics and Communication Engineering student interested in EdTech and collaborative hackathon teams.,Verified,Platform members,Yes,3.9,74,2026-05-06T10:00:00Z
1351,usr-stu-1351,Shreya Chakraborty,student1351@bridgeup.example,Female,3,University of Calcutta,CU,1,2030,B.Tech,CSE (AI and ML),7.14,AI / Machine Learning,Build expertise in AI / Machine Learning and contribute to impactful technology projects,Pandas,Pandas;Deep Learning;Computer Vision;Python;Machine Learning;PyTorch;Next.js;OpenCV;REST APIs,Data Scientist;Embedded Systems Engineer,2,0,0,7,7,Disaster Management;Cybersecurity,true,Available,Weekends,In-person,Kolkata,English;Bengali,https://github.com/bridgeup-demo/shreya-das-1351,https://www.linkedin.com/in/shreya-das-1351,1st year CSE (AI and ML) student interested in Disaster Management and collaborative hackathon teams.,Verified,Platform members,Yes,3.7,72,2026-04-04T10:00:00Z
1352,usr-stu-1352,Riya Dey,student1352@bridgeup.example,Female,3,University of Calcutta,CU,2,2029,B.Tech,Electrical Engineering,6.55,Hardware / Energy,Build expertise in Hardware / Energy and contribute to impactful technology projects,Control Systems,Control Systems;AutoCAD;MATLAB;IoT;Renewable Energy;Cybersecurity;Flutter;Blockchain;MongoDB,Embedded Systems Engineer;Full Stack Developer,1,1,1,6,6,Robotics;Smart Cities,true,Available,Flexible,Hybrid,Kolkata,English;Hindi;Bengali,https://github.com/bridgeup-demo/riya-paul-1352,https://www.linkedin.com/in/riya-paul-1352,2nd year Electrical Engineering student interested in Robotics and collaborative hackathon teams.,Verified,Platform members,Yes,4.5,83,2026-03-08T10:00:00Z
1353,usr-stu-1353,Megha Nandi,student1353@bridgeup.example,Female,3,University of Calcutta,CU,1,2030,B.Tech,Electronics and Communication Engineering,6.61,Embedded / Robotics,Build expertise in Embedded / Robotics and contribute to impactful technology projects,Arduino,Arduino;ROS;Signal Processing;Robotics;MATLAB;Verilog;Blockchain;Firebase;OpenCV,Business Analyst;Product Manager,0,0,0,0,0,Agriculture;IoT,false,Available,Friday and weekends,Hybrid,Kolkata,English;Hindi,https://github.com/bridgeup-demo/megha-paul-1353,https://www.linkedin.com/in/megha-paul-1353,1st year Electronics and Communication Engineering student interested in Agriculture and collaborative hackathon teams.,Verified,Platform members,Yes,,84,2026-03-09T10:00:00Z
1354,usr-stu-1354,Koyel Lahiri,student1354@bridgeup.example,Female,3,University of Calcutta,CU,4,2027,B.Sc.,Data Science,8.57,Data Science,Build expertise in Data Science and contribute to impactful technology projects,Tableau,Tableau;Statistics;Machine Learning;Python;Pandas;Blockchain;Firebase,Business Analyst;Mobile App Developer,7,0,0,7,5,Disaster Management;Accessibility,true,Available,Flexible,Remote,Kolkata,English;Bengali;Odia,https://github.com/bridgeup-demo/koyel-sarkar-1354,https://www.linkedin.com/in/koyel-sarkar-1354,4th year Data Science student interested in Disaster Management and collaborative hackathon teams.,Verified,Platform members,Yes,4.5,85,2026-07-28T10:00:00Z
1355,usr-stu-1355,Sagnik Chatterjee,student1355@bridgeup.example,Male,3,University of Calcutta,CU,2,2029,BBA,Business Administration,6.55,Product / Business,Build expertise in Product / Business and contribute to impactful technology projects,SQL,SQL;Market Research;Agile;Product Management;MongoDB;Solidity,Frontend Developer;UI/UX Designer,6,1,0,7,3,Robotics;IoT,true,Available,Weekend mornings,In-person,Kolkata,English;Hindi;Bengali,https://github.com/bridgeup-demo/sagnik-sen-1355,https://www.linkedin.com/in/sagnik-sen-1355,2nd year Business Administration student interested in Robotics and collaborative hackathon teams.,Verified,Platform members,Yes,4.9,77,2026-03-15T10:00:00Z
1356,usr-stu-1356,Sneha Ghosh,student1356@bridgeup.example,Female,3,University of Calcutta,CU,2,2029,B.Tech,Information Technology,9.47,Web / Cloud,Build expertise in Web / Cloud and contribute to impactful technology projects,React,React;Express;JavaScript;PostgreSQL;Docker;AWS;UI/UX;Swift;GCP,UI/UX Designer;Business Analyst,6,4,0,5,0,Healthcare;EdTech,true,Available,Flexible,Hybrid,Kolkata,English;Bengali,https://github.com/bridgeup-demo/sneha-mitra-1356,https://www.linkedin.com/in/sneha-mitra-1356,2nd year Information Technology student interested in Healthcare and collaborative hackathon teams.,Verified,Platform members,Yes,4.4,99,2026-09-14T10:00:00Z
1357,usr-stu-1357,Ishita Mitra,student1357@bridgeup.example,Female,3,University of Calcutta,CU,3,2028,B.Tech,CSE (IoT),6.55,IoT / Embedded Systems,Build expertise in IoT / Embedded Systems and contribute to impactful technology projects,ESP32,ESP32;Embedded Systems;C++;C;LangChain;GraphQL;Generative AI;Go,Pitch and Presentation Lead;UI/UX Designer,4,4,0,5,2,Cybersecurity;Healthcare,true,Available,Friday and weekends,Remote,Kolkata,English;Bengali,https://github.com/bridgeup-demo/ishita-roy-1357,https://www.linkedin.com/in/ishita-roy-1357,3rd year CSE (IoT) student interested in Cybersecurity and collaborative hackathon teams.,Verified,Platform members,Yes,4.9,82,2026-03-09T10:00:00Z
1358,usr-stu-1358,Tania Dey,student1358@bridgeup.example,Female,3,University of Calcutta,CU,2,2029,B.Tech,CSE (AI and ML),9.35,AI / Machine Learning,Build expertise in AI / Machine Learning and contribute to impactful technology projects,PyTorch,PyTorch;Computer Vision;NLP;Machine Learning;Redis;REST APIs,Data Scientist;ML Engineer,0,0,0,4,1,Open Innovation;FinTech,false,Available,Weekend mornings,Hybrid,Kolkata,English;Hindi;Tamil,https://github.com/bridgeup-demo/tania-nandi-1358,https://www.linkedin.com/in/tania-nandi-1358,2nd year CSE (AI and ML) student interested in Open Innovation and collaborative hackathon teams.,Verified,Platform members,Yes,3.6,96,2026-08-08T10:00:00Z
1359,usr-stu-1359,Aritra Majumdar,student1359@bridgeup.example,Male,3,University of Calcutta,CU,1,2030,B.Tech,CSE (IoT),7.29,IoT / Embedded Systems,Build expertise in IoT / Embedded Systems and contribute to impactful technology projects,C++,C++;PCB Design;Embedded Systems;ESP32;FastAPI;MongoDB;Linux,Pitch and Presentation Lead;UI/UX Designer,8,4,1,0,0,Open Innovation;Accessibility,true,Available,Weekend mornings,Remote,Kolkata,English;Bengali,https://github.com/bridgeup-demo/aritra-dhar-1359,https://www.linkedin.com/in/aritra-dhar-1359,1st year CSE (IoT) student interested in Open Innovation and collaborative hackathon teams.,Verified,Platform members,Yes,4.0,96,2026-05-14T10:00:00Z
1360,usr-stu-1360,Aditya Singh,student1360@bridgeup.example,Male,3,University of Calcutta,CU,3,2028,B.Tech,Computer Science and Engineering,8.32,Software Engineering,Build expertise in Software Engineering and contribute to impactful technology projects,Python,Python;System Design;SQL;Algorithms;Solidity;Flutter;REST APIs,Frontend Developer;Robotics Engineer,5,3,0,6,0,Open Innovation;Smart Cities,true,Available,Friday and weekends,Any,Kolkata,English;Bengali;Odia,https://github.com/bridgeup-demo/aditya-mitra-1360,https://www.linkedin.com/in/aditya-mitra-1360,3rd year Computer Science and Engineering student interested in Open Innovation and collaborative hackathon teams.,Verified,Platform members,Yes,4.5,94,2026-03-23T10:00:00Z
1361,usr-stu-1361,Neel Sen,student1361@bridgeup.example,Male,3,University of Calcutta,CU,3,2028,B.Sc.,Data Science,7.26,Data Science,Build expertise in Data Science and contribute to impactful technology projects,Power BI,Power BI;Pandas;Machine Learning;Statistics;NumPy;Cybersecurity;GraphQL,Embedded Systems Engineer;Cybersecurity Engineer,5,1,0,9,3,Accessibility;Agriculture,true,Available,Weekend mornings,In-person,Kolkata,English;Hindi;Tamil,https://github.com/bridgeup-demo/neel-das-1361,https://www.linkedin.com/in/neel-das-1361,3rd year Data Science student interested in Accessibility and collaborative hackathon teams.,Verified,Platform members,Yes,4.8,98,2026-06-06T10:00:00Z
1362,usr-stu-1362,Esha Bose,student1362@bridgeup.example,Female,3,University of Calcutta,CU,3,2028,B.Tech,Information Technology,8.45,Web / Cloud,Build expertise in Web / Cloud and contribute to impactful technology projects,Express,Express;Docker;Node.js;AWS;PostgreSQL;TypeScript;MongoDB;Blockchain;Cybersecurity;Kotlin,Cybersecurity Engineer;ML Engineer,3,1,1,9,0,EdTech;Healthcare,true,Available,Weekday evenings,Hybrid,Kolkata,English;Hindi,https://github.com/bridgeup-demo/esha-banerjee-1362,https://www.linkedin.com/in/esha-banerjee-1362,3rd year Information Technology student interested in EdTech and collaborative hackathon teams.,Verified,Platform members,Yes,4.2,91,2026-05-04T10:00:00Z
1363,usr-stu-1363,Swastika Ghosh,student1363@bridgeup.example,Female,3,University of Calcutta,CU,2,2029,B.Sc.,Data Science,8.93,Data Science,Build expertise in Data Science and contribute to impactful technology projects,SQL,SQL;Python;Pandas;Statistics;Power BI;Solidity;Scikit-learn;Azure;MongoDB,Data Scientist;Full Stack Developer,8,1,0,7,1,Agriculture;Robotics,true,Available,Flexible,In-person,Kolkata,English;Bengali,https://github.com/bridgeup-demo/swastika-chakraborty-1363,https://www.linkedin.com/in/swastika-chakraborty-1363,2nd year Data Science student interested in Agriculture and collaborative hackathon teams.,Verified,Platform members,Yes,3.9,90,2026-03-09T10:00:00Z
1364,usr-stu-1364,Suvam Chakraborty,student1364@bridgeup.example,Male,3,University of Calcutta,CU,3,2028,B.Tech,CSE (AI and ML),7.12,AI / Machine Learning,Build expertise in AI / Machine Learning and contribute to impactful technology projects,Computer Vision,Computer Vision;TensorFlow;Machine Learning;NLP;Generative AI;Flutter;Linux,Full Stack Developer;Mobile App Developer,4,1,1,8,0,IoT;Agriculture,true,Available,Weekend mornings,Any,Kolkata,English;Bengali;Odia,https://github.com/bridgeup-demo/suvam-das-1364,https://www.linkedin.com/in/suvam-das-1364,3rd year CSE (AI and ML) student interested in IoT and collaborative hackathon teams.,Verified,Platform members,Yes,4.4,98,2026-02-27T10:00:00Z
1365,usr-stu-1365,Riya Singh,student1365@bridgeup.example,Female,3,University of Calcutta,CU,3,2028,B.Tech,Electronics and Communication Engineering,8.13,Embedded / Robotics,Build expertise in Embedded / Robotics and contribute to impactful technology projects,MATLAB,MATLAB;Embedded Systems;C;Arduino;Scikit-learn;Flutter;MongoDB,Embedded Systems Engineer;ML Engineer,4,3,0,9,8,FinTech;IoT,true,Available,Weekends,Hybrid,Kolkata,English;Hindi,https://github.com/bridgeup-demo/riya-karmakar-1365,https://www.linkedin.com/in/riya-karmakar-1365,3rd year Electronics and Communication Engineering student interested in FinTech and collaborative hackathon teams.,Verified,Platform members,Yes,4.9,82,2026-01-06T10:00:00Z
1366,usr-stu-1366,Tanmay Chakraborty,student1366@bridgeup.example,Male,3,University of Calcutta,CU,4,2027,B.Tech,CSE (AI and ML),7.16,AI / Machine Learning,Build expertise in AI / Machine Learning and contribute to impactful technology projects,Machine Learning,Machine Learning;Python;Computer Vision;NLP;MongoDB;Cybersecurity,Pitch and Presentation Lead;Data Scientist,6,0,0,4,3,Open Innovation;FinTech,true,Available,Weekday evenings,Hybrid,Kolkata,English;Hindi;Bengali,https://github.com/bridgeup-demo/tanmay-das-1366,https://www.linkedin.com/in/tanmay-das-1366,4th year CSE (AI and ML) student interested in Open Innovation and collaborative hackathon teams.,Verified,Platform members,Yes,4.6,92,2026-09-24T10:00:00Z
1367,usr-stu-1367,Dev Singh,student1367@bridgeup.example,Male,3,University of Calcutta,CU,1,2030,BBA,Business Administration,7.77,Product / Business,Build expertise in Product / Business and contribute to impactful technology projects,Product Management,Product Management;Excel;Market Research;Business Analysis;Solidity;Kubernetes,Robotics Engineer;Researcher,1,0,0,0,0,Disaster Management;Open Innovation,false,Available,Weekend mornings,Remote,Kolkata,English;Hindi,https://github.com/bridgeup-demo/dev-guha-1367,https://www.linkedin.com/in/dev-guha-1367,1st year Business Administration student interested in Disaster Management and collaborative hackathon teams.,Verified,Platform members,Yes,,74,2026-06-02T10:00:00Z
1368,usr-stu-1368,Anirban Nandi,student1368@bridgeup.example,Male,3,University of Calcutta,CU,3,2028,BBA,Business Administration,7.17,Product / Business,Build expertise in Product / Business and contribute to impactful technology projects,Communication,Communication;SQL;Market Research;Agile;Figma;Business Analysis;Firebase;FastAPI;MongoDB,Cloud/DevOps Engineer;Business Analyst,1,1,0,4,1,IoT;Healthcare,false,Available,Weekday evenings,Remote,Kolkata,English;Hindi,https://github.com/bridgeup-demo/anirban-singh-1368,https://www.linkedin.com/in/anirban-singh-1368,3rd year Business Administration student interested in IoT and collaborative hackathon teams.,Verified,Platform members,Yes,4.6,99,2026-09-22T10:00:00Z
1369,usr-stu-1369,Rian Chatterjee,student1369@bridgeup.example,Prefer not to say,3,University of Calcutta,CU,3,2028,B.Tech,Information Technology,9.20,Web / Cloud,Build expertise in Web / Cloud and contribute to impactful technology projects,JavaScript,JavaScript;TypeScript;Express;React;Generative AI;Kotlin;Go;Firebase,Mobile App Developer;Cloud/DevOps Engineer,6,3,0,7,4,Accessibility;AI for Social Good,true,Available,Friday and weekends,In-person,Kolkata,English;Hindi;Tamil,https://github.com/bridgeup-demo/rian-mitra-1369,https://www.linkedin.com/in/rian-mitra-1369,3rd year Information Technology student interested in Accessibility and collaborative hackathon teams.,Verified,Platform members,Yes,3.7,80,2026-07-27T10:00:00Z
1370,usr-stu-1370,Aritra Lahiri,student1370@bridgeup.example,Male,3,University of Calcutta,CU,3,2028,B.Tech,Information Technology,9.09,Web / Cloud,Build expertise in Web / Cloud and contribute to impactful technology projects,Express,Express;JavaScript;Node.js;Docker;Swift;Blockchain;Go;Figma,Data Scientist;Backend Developer,7,4,0,7,4,IoT;Cybersecurity,true,Available,Weekends,In-person,Kolkata,English;Bengali,https://github.com/bridgeup-demo/aritra-ghosh-1370,https://www.linkedin.com/in/aritra-ghosh-1370,3rd year Information Technology student interested in IoT and collaborative hackathon teams.,Verified,Platform members,Yes,4.1,92,2026-07-25T10:00:00Z
1371,usr-stu-1371,Diya Singh,student1371@bridgeup.example,Female,3,University of Calcutta,CU,2,2029,B.Tech,CSE (AI and ML),9.30,AI / Machine Learning,Build expertise in AI / Machine Learning and contribute to impactful technology projects,TensorFlow,TensorFlow;NLP;Pandas;Python;Django;Next.js,Data Scientist;Business Analyst,2,2,0,4,3,AI for Social Good;Sustainability,false,Available,Weekday evenings,Remote,Kolkata,English;Hindi,https://github.com/bridgeup-demo/diya-roy-1371,https://www.linkedin.com/in/diya-roy-1371,2nd year CSE (AI and ML) student interested in AI for Social Good and collaborative hackathon teams.,Verified,Platform members,Yes,3.8,96,2026-06-16T10:00:00Z
1372,usr-stu-1372,Ritwik Roy,student1372@bridgeup.example,Male,3,University of Calcutta,CU,3,2028,B.Tech,Electronics and Communication Engineering,9.80,Embedded / Robotics,Build expertise in Embedded / Robotics and contribute to impactful technology projects,ROS,ROS;Embedded Systems;Verilog;Arduino;Go;Blockchain,Product Manager;Backend Developer,8,3,2,8,1,Disaster Management;IoT,true,Available,Weekend mornings,In-person,Kolkata,English;Hindi;Bengali,https://github.com/bridgeup-demo/ritwik-roy-1372,https://www.linkedin.com/in/ritwik-roy-1372,3rd year Electronics and Communication Engineering student interested in Disaster Management and collaborative hackathon teams.,Verified,Platform members,Yes,4.5,97,2026-03-03T10:00:00Z
1373,usr-stu-1373,Shivam Basu,student1373@bridgeup.example,Male,3,University of Calcutta,CU,2,2029,B.Tech,CSE (IoT),8.53,IoT / Embedded Systems,Build expertise in IoT / Embedded Systems and contribute to impactful technology projects,IoT,IoT;MQTT;C++;PCB Design;Arduino;C;Azure;GraphQL;Firebase,Backend Developer;Data Scientist,5,3,0,4,2,Smart Cities;Sustainability,true,Available,Flexible,In-person,Kolkata,English;Bengali,https://github.com/bridgeup-demo/shivam-sarkar-1373,https://www.linkedin.com/in/shivam-sarkar-1373,2nd year CSE (IoT) student interested in Smart Cities and collaborative hackathon teams.,Verified,Platform members,Yes,3.5,92,2026-09-01T10:00:00Z
1374,usr-stu-1374,Madhurima Chakraborty,student1374@bridgeup.example,Female,3,University of Calcutta,CU,3,2028,B.Tech,CSE (AI and ML),9.77,AI / Machine Learning,Build expertise in AI / Machine Learning and contribute to impactful technology projects,Pandas,Pandas;Deep Learning;Machine Learning;Python;TensorFlow;Linux;Figma;Azure,Mobile App Developer;Embedded Systems Engineer,5,1,1,3,1,Smart Cities;Web3,true,Available,Weekends,In-person,Kolkata,English;Hindi;Bengali,https://github.com/bridgeup-demo/madhurima-lahiri-1374,https://www.linkedin.com/in/madhurima-lahiri-1374,3rd year CSE (AI and ML) student interested in Smart Cities and collaborative hackathon teams.,Verified,Platform members,Yes,5.0,70,2026-05-16T10:00:00Z
1375,usr-stu-1375,Aditi Ghosh,student1375@bridgeup.example,Female,3,University of Calcutta,CU,3,2028,B.Tech,CSE (IoT),6.69,IoT / Embedded Systems,Build expertise in IoT / Embedded Systems and contribute to impactful technology projects,PCB Design,PCB Design;Arduino;C++;MQTT;Generative AI;Rust,Cybersecurity Engineer;ML Engineer,4,4,0,2,0,Agriculture;Sustainability,true,Available,Weekends,In-person,Kolkata,English;Hindi;Bengali,https://github.com/bridgeup-demo/aditi-chatterjee-1375,https://www.linkedin.com/in/aditi-chatterjee-1375,3rd year CSE (IoT) student interested in Agriculture and collaborative hackathon teams.,Verified,Platform members,Yes,4.1,72,2026-04-10T10:00:00Z
1376,usr-stu-1376,Anirban Chatterjee,student1376@bridgeup.example,Male,3,University of Calcutta,CU,3,2028,B.Tech,Information Technology,7.35,Web / Cloud,Build expertise in Web / Cloud and contribute to impactful technology projects,AWS,AWS;TypeScript;Docker;Express;PostgreSQL;Redis;Firebase;LangChain,Backend Developer;Pitch and Presentation Lead,8,0,0,3,3,AI for Social Good;Accessibility,true,Available,Friday and weekends,Any,Kolkata,English;Bengali;Odia,https://github.com/bridgeup-demo/anirban-bose-1376,https://www.linkedin.com/in/anirban-bose-1376,3rd year Information Technology student interested in AI for Social Good and collaborative hackathon teams.,Verified,Platform members,Yes,4.8,99,2026-04-04T10:00:00Z
1377,usr-stu-1377,Shivam Kar,student1377@bridgeup.example,Male,3,University of Calcutta,CU,2,2029,B.Tech,CSE (AI and ML),8.90,AI / Machine Learning,Build expertise in AI / Machine Learning and contribute to impactful technology projects,Python,Python;Computer Vision;NLP;PyTorch;TensorFlow;Flutter;Figma,Pitch and Presentation Lead;ML Engineer,6,2,0,3,1,Smart Cities;Robotics,true,Available,Weekend mornings,Any,Kolkata,English;Hindi,https://github.com/bridgeup-demo/shivam-paul-1377,https://www.linkedin.com/in/shivam-paul-1377,2nd year CSE (AI and ML) student interested in Smart Cities and collaborative hackathon teams.,Verified,Platform members,Yes,4.3,70,2026-02-25T10:00:00Z
1378,usr-stu-1378,Aditya Karmakar,student1378@bridgeup.example,Male,3,University of Calcutta,CU,4,2027,B.Tech,CSE (AI and ML),6.91,AI / Machine Learning,Build expertise in AI / Machine Learning and contribute to impactful technology projects,NLP,NLP;Pandas;Computer Vision;TensorFlow;PyTorch;MongoDB;Blockchain;UI/UX,Frontend Developer;Cybersecurity Engineer,6,4,1,7,2,Robotics;Cybersecurity,true,Available,Weekday evenings,Remote,Kolkata,English;Hindi,https://github.com/bridgeup-demo/aditya-saha-1378,https://www.linkedin.com/in/aditya-saha-1378,4th year CSE (AI and ML) student interested in Robotics and collaborative hackathon teams.,Verified,Platform members,Yes,4.7,71,2026-08-07T10:00:00Z
1379,usr-stu-1379,Ankita Sen,student1379@bridgeup.example,Female,3,University of Calcutta,CU,3,2028,B.Tech,Electronics and Communication Engineering,7.15,Embedded / Robotics,Build expertise in Embedded / Robotics and contribute to impactful technology projects,ROS,ROS;C;Verilog;Signal Processing;Robotics;Arduino;Azure;GraphQL;OpenCV;Scikit-learn,Embedded Systems Engineer;Frontend Developer,0,0,0,3,3,Web3;FinTech,false,Available,Flexible,Remote,Kolkata,English;Hindi;Tamil,https://github.com/bridgeup-demo/ankita-guha-1379,https://www.linkedin.com/in/ankita-guha-1379,3rd year Electronics and Communication Engineering student interested in Web3 and collaborative hackathon teams.,Verified,Platform members,Yes,4.3,89,2026-09-18T10:00:00Z
1380,usr-stu-1380,Neha Singh,student1380@bridgeup.example,Female,3,University of Calcutta,CU,1,2030,B.Tech,Electronics and Communication Engineering,6.99,Embedded / Robotics,Build expertise in Embedded / Robotics and contribute to impactful technology projects,ROS,ROS;MATLAB;Verilog;Arduino;Robotics;Embedded Systems;OpenCV;Django;Firebase;Redis,UI/UX Designer;Embedded Systems Engineer,4,4,0,6,0,Disaster Management;Open Innovation,true,Available,Flexible,Remote,Kolkata,English;Hindi;Bengali,https://github.com/bridgeup-demo/neha-dey-1380,https://www.linkedin.com/in/neha-dey-1380,1st year Electronics and Communication Engineering student interested in Disaster Management and collaborative hackathon teams.,Verified,Platform members,Yes,3.6,70,2026-05-01T10:00:00Z
1381,usr-stu-1381,Ananya Basu,student1381@bridgeup.example,Female,3,University of Calcutta,CU,3,2028,B.Tech,Computer Science and Engineering,9.80,Software Engineering,Build expertise in Software Engineering and contribute to impactful technology projects,Algorithms,Algorithms;C++;System Design;Java;Data Structures;GCP;FastAPI;Cybersecurity,ML Engineer;Cloud/DevOps Engineer,4,1,0,2,1,Accessibility;Open Innovation,true,Available,Friday and weekends,Hybrid,Kolkata,English;Bengali;Odia,https://github.com/bridgeup-demo/ananya-mitra-1381,https://www.linkedin.com/in/ananya-mitra-1381,3rd year Computer Science and Engineering student interested in Accessibility and collaborative hackathon teams.,Verified,Platform members,Yes,4.8,88,2026-05-08T10:00:00Z
1382,usr-stu-1382,Sneha Roy,student1382@bridgeup.example,Female,3,University of Calcutta,CU,2,2029,BBA,Business Administration,9.34,Product / Business,Build expertise in Product / Business and contribute to impactful technology projects,Product Management,Product Management;Business Analysis;Agile;Communication;Market Research;GCP;GraphQL,UI/UX Designer;Frontend Developer,4,3,1,3,3,Smart Cities;Cybersecurity,true,Available,Weekday evenings,In-person,Kolkata,English;Bengali,https://github.com/bridgeup-demo/sneha-ghosh-1382,https://www.linkedin.com/in/sneha-ghosh-1382,2nd year Business Administration student interested in Smart Cities and collaborative hackathon teams.,Verified,Platform members,Yes,4.9,72,2026-09-21T10:00:00Z
1383,usr-stu-1383,Ayan Nandi,student1383@bridgeup.example,Male,3,University of Calcutta,CU,3,2028,B.Tech,Electronics and Communication Engineering,9.44,Embedded / Robotics,Build expertise in Embedded / Robotics and contribute to impactful technology projects,MATLAB,MATLAB;Arduino;ROS;C;Signal Processing;Embedded Systems;Redis;Spring Boot,ML Engineer;Pitch and Presentation Lead,7,1,0,3,0,Smart Cities;Sustainability,true,Available,Friday and weekends,Hybrid,Kolkata,English;Bengali,https://github.com/bridgeup-demo/ayan-nandi-1383,https://www.linkedin.com/in/ayan-nandi-1383,3rd year Electronics and Communication Engineering student interested in Smart Cities and collaborative hackathon teams.,Verified,Platform members,Yes,4.3,91,2026-09-26T10:00:00Z
1384,usr-stu-1384,Aryan Mitra,student1384@bridgeup.example,Male,3,University of Calcutta,CU,1,2030,B.Tech,CSE (AI and ML),7.20,AI / Machine Learning,Build expertise in AI / Machine Learning and contribute to impactful technology projects,PyTorch,PyTorch;NLP;TensorFlow;Pandas;Computer Vision;Deep Learning;Solidity;Azure;Generative AI;Blockchain,Full Stack Developer;Business Analyst,1,1,0,3,0,Agriculture;Web3,false,Available,Weekday evenings,Remote,Kolkata,English;Bengali,https://github.com/bridgeup-demo/aryan-bhattacharya-1384,https://www.linkedin.com/in/aryan-bhattacharya-1384,1st year CSE (AI and ML) student interested in Agriculture and collaborative hackathon teams.,Verified,Platform members,Yes,4.0,81,2026-06-10T10:00:00Z
1385,usr-stu-1385,Aditi Pal,student1385@bridgeup.example,Female,3,University of Calcutta,CU,4,2027,B.Tech,Information Technology,6.51,Web / Cloud,Build expertise in Web / Cloud and contribute to impactful technology projects,AWS,AWS;TypeScript;PostgreSQL;Node.js;Express;FastAPI;REST APIs;Swift;Generative AI,Business Analyst;Data Scientist,7,0,0,9,0,Agriculture;Healthcare,true,Available,Friday and weekends,Any,Kolkata,English;Bengali;Odia,https://github.com/bridgeup-demo/aditi-chatterjee-1385,https://www.linkedin.com/in/aditi-chatterjee-1385,4th year Information Technology student interested in Agriculture and collaborative hackathon teams.,Verified,Platform members,Yes,4.0,77,2026-03-19T10:00:00Z
1386,usr-stu-1386,Soumyadeep Karmakar,student1386@bridgeup.example,Male,3,University of Calcutta,CU,2,2029,B.Tech,Electrical Engineering,8.53,Hardware / Energy,Build expertise in Hardware / Energy and contribute to impactful technology projects,Circuit Design,Circuit Design;Control Systems;AutoCAD;IoT;Renewable Energy;Rust;Go;LangChain;Linux,Cybersecurity Engineer;Product Manager,1,1,1,5,0,Cybersecurity;Accessibility,true,Available,Friday and weekends,Remote,Kolkata,English;Hindi;Tamil,https://github.com/bridgeup-demo/soumyadeep-lahiri-1386,https://www.linkedin.com/in/soumyadeep-lahiri-1386,2nd year Electrical Engineering student interested in Cybersecurity and collaborative hackathon teams.,Verified,Platform members,Yes,4.6,92,2026-01-15T10:00:00Z
1387,usr-stu-1387,Kiran Kar,student1387@bridgeup.example,Non-binary,3,University of Calcutta,CU,4,2027,B.Tech,Electrical Engineering,7.70,Hardware / Energy,Build expertise in Hardware / Energy and contribute to impactful technology projects,Python,Python;Control Systems;AutoCAD;IoT;MATLAB;Renewable Energy;Go;Generative AI,Full Stack Developer;Pitch and Presentation Lead,7,3,1,4,1,Sustainability;AI for Social Good,true,Available,Weekend mornings,In-person,Kolkata,English;Bengali,https://github.com/bridgeup-demo/kiran-ghosh-1387,https://www.linkedin.com/in/kiran-ghosh-1387,4th year Electrical Engineering student interested in Sustainability and collaborative hackathon teams.,Verified,Platform members,Yes,4.7,100,2026-06-24T10:00:00Z
1388,usr-stu-1388,Ankita Chatterjee,student1388@bridgeup.example,Female,3,University of Calcutta,CU,4,2027,B.Tech,Information Technology,8.82,Web / Cloud,Build expertise in Web / Cloud and contribute to impactful technology projects,Docker,Docker;AWS;React;JavaScript;Express;Swift;Next.js;Flutter;Firebase,Business Analyst;Data Scientist,6,4,0,7,4,Disaster Management;Open Innovation,true,Available,Weekday evenings,Hybrid,Kolkata,English;Bengali;Odia,https://github.com/bridgeup-demo/ankita-mukherjee-1388,https://www.linkedin.com/in/ankita-mukherjee-1388,4th year Information Technology student interested in Disaster Management and collaborative hackathon teams.,Verified,Platform members,Yes,4.9,86,2026-03-26T10:00:00Z
1389,usr-stu-1389,Shreya Bhattacharya,student1389@bridgeup.example,Female,3,University of Calcutta,CU,1,2030,BBA,Business Administration,9.20,Product / Business,Build expertise in Product / Business and contribute to impactful technology projects,Product Management,Product Management;Agile;Market Research;Business Analysis;Excel;GCP;Firebase;Kotlin;Cybersecurity,Business Analyst;Backend Developer,0,0,0,7,0,Web3;Disaster Management,true,Available,Weekday evenings,In-person,Kolkata,English;Hindi;Bengali,https://github.com/bridgeup-demo/shreya-mitra-1389,https://www.linkedin.com/in/shreya-mitra-1389,1st year Business Administration student interested in Web3 and collaborative hackathon teams.,Verified,Platform members,Yes,4.0,93,2026-05-02T10:00:00Z
1390,usr-stu-1390,Esha Das,student1390@bridgeup.example,Female,3,University of Calcutta,CU,3,2028,B.Tech,CSE (IoT),9.55,IoT / Embedded Systems,Build expertise in IoT / Embedded Systems and contribute to impactful technology projects,PCB Design,PCB Design;IoT;Embedded Systems;C;MQTT;Django;GraphQL;GCP;Scikit-learn,Embedded Systems Engineer;ML Engineer,0,0,0,2,0,Robotics;AI for Social Good,false,Available,Weekend mornings,Any,Kolkata,English;Bengali;Odia,https://github.com/bridgeup-demo/esha-paul-1390,https://www.linkedin.com/in/esha-paul-1390,3rd year CSE (IoT) student interested in Robotics and collaborative hackathon teams.,Verified,Platform members,Yes,4.4,96,2026-03-28T10:00:00Z
1391,usr-stu-1391,Tanmay Guha,student1391@bridgeup.example,Male,3,University of Calcutta,CU,4,2027,B.Tech,Electrical Engineering,7.93,Hardware / Energy,Build expertise in Hardware / Energy and contribute to impactful technology projects,MATLAB,MATLAB;Power Systems;AutoCAD;IoT;Python;GraphQL;Flutter;GCP,Product Manager;Mobile App Developer,2,2,1,8,0,AI for Social Good;IoT,true,Available,Weekday evenings,Hybrid,Kolkata,English;Bengali;Odia,https://github.com/bridgeup-demo/tanmay-lahiri-1391,https://www.linkedin.com/in/tanmay-lahiri-1391,4th year Electrical Engineering student interested in AI for Social Good and collaborative hackathon teams.,Verified,Platform members,Yes,4.9,76,2026-09-13T10:00:00Z
1392,usr-stu-1392,Dev Mukherjee,student1392@bridgeup.example,Male,3,University of Calcutta,CU,3,2028,B.Sc.,Data Science,9.64,Data Science,Build expertise in Data Science and contribute to impactful technology projects,Pandas,Pandas;SQL;NumPy;Python;Statistics;Machine Learning;UI/UX;Swift;Azure;Figma,Embedded Systems Engineer;ML Engineer,4,1,0,4,1,Robotics;AI for Social Good,true,Available,Weekday evenings,Hybrid,Kolkata,English;Hindi,https://github.com/bridgeup-demo/dev-basu-1392,https://www.linkedin.com/in/dev-basu-1392,3rd year Data Science student interested in Robotics and collaborative hackathon teams.,Verified,Platform members,Yes,4.1,99,2026-07-20T10:00:00Z
1393,usr-stu-1393,Aarav Bhattacharya,student1393@bridgeup.example,Male,3,University of Calcutta,CU,2,2029,B.Sc.,Data Science,9.38,Data Science,Build expertise in Data Science and contribute to impactful technology projects,NumPy,NumPy;Pandas;Machine Learning;Statistics;Linux;Kotlin,Full Stack Developer;Cybersecurity Engineer,6,4,0,3,3,AI for Social Good;IoT,true,Available,Flexible,In-person,Kolkata,English;Hindi;Tamil,https://github.com/bridgeup-demo/aarav-chatterjee-1393,https://www.linkedin.com/in/aarav-chatterjee-1393,2nd year Data Science student interested in AI for Social Good and collaborative hackathon teams.,Verified,Platform members,Yes,4.2,72,2026-06-27T10:00:00Z
1394,usr-stu-1394,Ananya Paul,student1394@bridgeup.example,Female,3,University of Calcutta,CU,4,2027,B.Tech,Information Technology,7.73,Web / Cloud,Build expertise in Web / Cloud and contribute to impactful technology projects,Node.js,Node.js;TypeScript;PostgreSQL;React;AWS;Spring Boot;Flutter;FastAPI;Linux,Frontend Developer;Backend Developer,4,1,0,8,0,Sustainability;Agriculture,true,Available,Weekends,Any,Kolkata,English;Bengali;Odia,https://github.com/bridgeup-demo/ananya-ghosh-1394,https://www.linkedin.com/in/ananya-ghosh-1394,4th year Information Technology student interested in Sustainability and collaborative hackathon teams.,Verified,Platform members,Yes,4.1,87,2026-01-24T10:00:00Z
1395,usr-stu-1395,Debayan Ghosh,student1395@bridgeup.example,Male,3,University of Calcutta,CU,1,2030,B.Tech,Electronics and Communication Engineering,8.37,Embedded / Robotics,Build expertise in Embedded / Robotics and contribute to impactful technology projects,Robotics,Robotics;Embedded Systems;C;Signal Processing;Arduino;GCP;Rust;Go;Flutter,ML Engineer;UI/UX Designer,7,0,0,3,0,Sustainability;Agriculture,true,Available,Weekend mornings,Remote,Kolkata,English;Hindi;Tamil,https://github.com/bridgeup-demo/debayan-sarkar-1395,https://www.linkedin.com/in/debayan-sarkar-1395,1st year Electronics and Communication Engineering student interested in Sustainability and collaborative hackathon teams.,Verified,Platform members,Yes,4.4,73,2026-04-05T10:00:00Z
1396,usr-stu-1396,Ankita Sarkar,student1396@bridgeup.example,Female,3,University of Calcutta,CU,4,2027,B.Tech,Electrical Engineering,9.33,Hardware / Energy,Build expertise in Hardware / Energy and contribute to impactful technology projects,Control Systems,Control Systems;MATLAB;IoT;AutoCAD;Figma;Next.js,Product Manager;Embedded Systems Engineer,3,1,0,4,4,Smart Cities;AI for Social Good,false,Available,Flexible,Any,Kolkata,English;Hindi;Tamil,https://github.com/bridgeup-demo/ankita-bhattacharya-1396,https://www.linkedin.com/in/ankita-bhattacharya-1396,4th year Electrical Engineering student interested in Smart Cities and collaborative hackathon teams.,Verified,Platform members,Yes,4.1,82,2026-08-06T10:00:00Z
1397,usr-stu-1397,Kunal Pal,student1397@bridgeup.example,Male,3,University of Calcutta,CU,4,2027,B.Tech,Electronics and Communication Engineering,8.80,Embedded / Robotics,Build expertise in Embedded / Robotics and contribute to impactful technology projects,Signal Processing,Signal Processing;Arduino;C;Embedded Systems;MATLAB;ROS;Figma;Redis;Flutter,Pitch and Presentation Lead;Full Stack Developer,3,2,0,4,4,Accessibility;Disaster Management,false,Available,Weekend mornings,Remote,Kolkata,English;Hindi;Tamil,https://github.com/bridgeup-demo/kunal-karmakar-1397,https://www.linkedin.com/in/kunal-karmakar-1397,4th year Electronics and Communication Engineering student interested in Accessibility and collaborative hackathon teams.,Verified,Platform members,Yes,3.6,94,2026-07-24T10:00:00Z
1398,usr-stu-1398,Sohini Mitra,student1398@bridgeup.example,Female,3,University of Calcutta,CU,1,2030,B.Tech,Information Technology,9.55,Web / Cloud,Build expertise in Web / Cloud and contribute to impactful technology projects,Docker,Docker;PostgreSQL;Express;React;AWS;TypeScript;Kotlin;UI/UX;OpenCV,Full Stack Developer;Frontend Developer,6,2,0,6,4,Agriculture;AI for Social Good,true,Available,Weekend mornings,Hybrid,Kolkata,English;Bengali,https://github.com/bridgeup-demo/sohini-roy-1398,https://www.linkedin.com/in/sohini-roy-1398,1st year Information Technology student interested in Agriculture and collaborative hackathon teams.,Verified,Platform members,Yes,4.8,96,2026-07-01T10:00:00Z
1399,usr-stu-1399,Daksh Dhar,student1399@bridgeup.example,Prefer not to say,3,University of Calcutta,CU,2,2029,B.Tech,Electronics and Communication Engineering,8.66,Embedded / Robotics,Build expertise in Embedded / Robotics and contribute to impactful technology projects,MATLAB,MATLAB;Arduino;Robotics;Embedded Systems;C;Signal Processing;Linux;OpenCV;Generative AI,Cybersecurity Engineer;Frontend Developer,7,2,1,6,1,Disaster Management;Sustainability,true,Available,Weekend mornings,Remote,Kolkata,English;Hindi;Bengali,https://github.com/bridgeup-demo/daksh-mitra-1399,https://www.linkedin.com/in/daksh-mitra-1399,2nd year Electronics and Communication Engineering student interested in Disaster Management and collaborative hackathon teams.,Verified,Platform members,Yes,4.2,81,2026-07-25T10:00:00Z
1400,usr-stu-1400,Shivam Sen,student1400@bridgeup.example,Male,3,University of Calcutta,CU,3,2028,B.Tech,Computer Science and Engineering,7.13,Software Engineering,Build expertise in Software Engineering and contribute to impactful technology projects,C++,C++;Git;Python;Java;Data Structures;System Design;Kubernetes;Solidity;Swift;Cybersecurity,UI/UX Designer;Data Scientist,7,1,1,7,7,Accessibility;Sustainability,true,Available,Flexible,Remote,Kolkata,English;Hindi,https://github.com/bridgeup-demo/shivam-ghosh-1400,https://www.linkedin.com/in/shivam-ghosh-1400,3rd year Computer Science and Engineering student interested in Accessibility and collaborative hackathon teams.,Verified,Platform members,Yes,5.0,95,2026-09-20T10:00:00Z
1401,usr-stu-1401,Ritwik Paul,student1401@bridgeup.example,Male,3,University of Calcutta,CU,2,2029,B.Tech,Electronics and Communication Engineering,8.54,Embedded / Robotics,Build expertise in Embedded / Robotics and contribute to impactful technology projects,Verilog,Verilog;C;Embedded Systems;ROS;Signal Processing;Flutter;MongoDB,ML Engineer;Pitch and Presentation Lead,6,1,0,4,2,Smart Cities;Robotics,true,Available,Weekend mornings,Remote,Kolkata,English;Hindi,https://github.com/bridgeup-demo/ritwik-saha-1401,https://www.linkedin.com/in/ritwik-saha-1401,2nd year Electronics and Communication Engineering student interested in Smart Cities and collaborative hackathon teams.,Verified,Platform members,Yes,4.9,76,2026-05-22T10:00:00Z
1402,usr-stu-1402,Soumyadeep Sarkar,student1402@bridgeup.example,Male,3,University of Calcutta,CU,2,2029,B.Tech,CSE (AI and ML),7.50,AI / Machine Learning,Build expertise in AI / Machine Learning and contribute to impactful technology projects,Computer Vision,Computer Vision;Pandas;Deep Learning;NLP;Machine Learning;PyTorch;Redis;UI/UX;GraphQL,Business Analyst;Researcher,2,0,0,1,1,Agriculture;AI for Social Good,false,Available,Weekday evenings,In-person,Kolkata,English;Bengali;Odia,https://github.com/bridgeup-demo/soumyadeep-singh-1402,https://www.linkedin.com/in/soumyadeep-singh-1402,2nd year CSE (AI and ML) student interested in Agriculture and collaborative hackathon teams.,Verified,Platform members,Yes,4.9,70,2026-01-20T10:00:00Z
1403,usr-stu-1403,Ayan Mitra,student1403@bridgeup.example,Male,3,University of Calcutta,CU,3,2028,BBA,Business Administration,9.75,Product / Business,Build expertise in Product / Business and contribute to impactful technology projects,Product Management,Product Management;Market Research;Agile;Figma;Excel;Go;Generative AI,Backend Developer;Business Analyst,3,1,0,4,1,Cybersecurity;Disaster Management,false,Available,Weekday evenings,Remote,Kolkata,English;Bengali,https://github.com/bridgeup-demo/ayan-paul-1403,https://www.linkedin.com/in/ayan-paul-1403,3rd year Business Administration student interested in Cybersecurity and collaborative hackathon teams.,Verified,Platform members,Yes,3.7,90,2026-04-23T10:00:00Z
1404,usr-stu-1404,Ishita Roy,student1404@bridgeup.example,Female,3,University of Calcutta,CU,3,2028,B.Sc.,Data Science,9.74,Data Science,Build expertise in Data Science and contribute to impactful technology projects,Power BI,Power BI;Statistics;Tableau;Machine Learning;NumPy;Swift;Azure;Figma;REST APIs,Pitch and Presentation Lead;Robotics Engineer,2,1,0,6,4,FinTech;EdTech,true,Available,Flexible,Hybrid,Kolkata,English;Hindi;Tamil,https://github.com/bridgeup-demo/ishita-ghosh-1404,https://www.linkedin.com/in/ishita-ghosh-1404,3rd year Data Science student interested in FinTech and collaborative hackathon teams.,Verified,Platform members,Yes,3.9,81,2026-09-12T10:00:00Z
1405,usr-stu-1405,Poulomi Mukherjee,student1405@bridgeup.example,Female,3,University of Calcutta,CU,4,2027,B.Sc.,Data Science,8.39,Data Science,Build expertise in Data Science and contribute to impactful technology projects,Power BI,Power BI;NumPy;Pandas;Python;Tableau;Spring Boot;Scikit-learn,Cloud/DevOps Engineer;Business Analyst,6,0,0,5,0,AI for Social Good;FinTech,true,Available,Friday and weekends,Remote,Kolkata,English;Hindi,https://github.com/bridgeup-demo/poulomi-mitra-1405,https://www.linkedin.com/in/poulomi-mitra-1405,4th year Data Science student interested in AI for Social Good and collaborative hackathon teams.,Verified,Platform members,Yes,5.0,83,2026-07-21T10:00:00Z
1406,usr-stu-1406,Ankita Singh,student1406@bridgeup.example,Female,3,University of Calcutta,CU,1,2030,BBA,Business Administration,9.44,Product / Business,Build expertise in Product / Business and contribute to impactful technology projects,Agile,Agile;Product Management;Figma;Market Research;Excel;SQL;GCP;Solidity,Embedded Systems Engineer;ML Engineer,1,1,1,5,2,Disaster Management;FinTech,true,Available,Friday and weekends,Any,Kolkata,English;Bengali,https://github.com/bridgeup-demo/ankita-bose-1406,https://www.linkedin.com/in/ankita-bose-1406,1st year Business Administration student interested in Disaster Management and collaborative hackathon teams.,Verified,Platform members,Yes,5.0,71,2026-08-28T10:00:00Z
1407,usr-stu-1407,Subhajit Bhattacharya,student1407@bridgeup.example,Male,3,University of Calcutta,CU,1,2030,B.Tech,Computer Science and Engineering,7.55,Software Engineering,Build expertise in Software Engineering and contribute to impactful technology projects,Algorithms,Algorithms;Data Structures;C++;Java;System Design;Linux;Kotlin,Data Scientist;Full Stack Developer,1,0,0,1,0,Healthcare;AI for Social Good,false,Available,Friday and weekends,Any,Kolkata,English;Bengali;Odia,https://github.com/bridgeup-demo/subhajit-saha-1407,https://www.linkedin.com/in/subhajit-saha-1407,1st year Computer Science and Engineering student interested in Healthcare and collaborative hackathon teams.,Verified,Platform members,Yes,4.4,70,2026-06-17T10:00:00Z
1408,usr-stu-1408,Riya Dey,student1408@bridgeup.example,Female,3,University of Calcutta,CU,1,2030,B.Tech,Information Technology,7.21,Web / Cloud,Build expertise in Web / Cloud and contribute to impactful technology projects,Docker,Docker;PostgreSQL;AWS;Node.js;TypeScript;React;GraphQL;Scikit-learn;Cybersecurity;Next.js,Researcher;Pitch and Presentation Lead,3,1,1,5,3,EdTech;AI for Social Good,true,Available,Weekends,In-person,Kolkata,English;Bengali,https://github.com/bridgeup-demo/riya-sen-1408,https://www.linkedin.com/in/riya-sen-1408,1st year Information Technology student interested in EdTech and collaborative hackathon teams.,Verified,Platform members,Yes,4.6,80,2026-05-12T10:00:00Z
1409,usr-stu-1409,Anirban Paul,student1409@bridgeup.example,Male,3,University of Calcutta,CU,1,2030,B.Tech,Electrical Engineering,8.03,Hardware / Energy,Build expertise in Hardware / Energy and contribute to impactful technology projects,Circuit Design,Circuit Design;Power Systems;MATLAB;AutoCAD;IoT;Control Systems;Django;Azure;Flutter;Solidity,Researcher;Data Scientist,5,4,0,2,2,Agriculture;Cybersecurity,true,Available,Flexible,In-person,Kolkata,English;Hindi;Bengali,https://github.com/bridgeup-demo/anirban-ghosh-1409,https://www.linkedin.com/in/anirban-ghosh-1409,1st year Electrical Engineering student interested in Agriculture and collaborative hackathon teams.,Verified,Platform members,Yes,4.9,81,2026-06-11T10:00:00Z
1410,usr-stu-1410,Arpita Pal,student1410@bridgeup.example,Female,3,University of Calcutta,CU,1,2030,B.Tech,CSE (AI and ML),9.77,AI / Machine Learning,Build expertise in AI / Machine Learning and contribute to impactful technology projects,Computer Vision,Computer Vision;Python;NLP;Pandas;Deep Learning;GCP;GraphQL;Next.js,ML Engineer;Cloud/DevOps Engineer,7,2,0,7,2,Open Innovation;Disaster Management,true,Available,Friday and weekends,Any,Kolkata,English;Hindi;Tamil,https://github.com/bridgeup-demo/arpita-nandi-1410,https://www.linkedin.com/in/arpita-nandi-1410,1st year CSE (AI and ML) student interested in Open Innovation and collaborative hackathon teams.,Verified,Platform members,Yes,4.2,90,2026-03-20T10:00:00Z
1411,usr-stu-1411,Milan Paul,student1411@bridgeup.example,Non-binary,3,University of Calcutta,CU,2,2029,B.Tech,Computer Science and Engineering,6.92,Software Engineering,Build expertise in Software Engineering and contribute to impactful technology projects,System Design,System Design;C++;Git;Python;Algorithms;Java;Redis;Blockchain,Full Stack Developer;ML Engineer,6,1,1,7,0,EdTech;Agriculture,true,Available,Weekday evenings,Hybrid,Kolkata,English;Hindi,https://github.com/bridgeup-demo/milan-sarkar-1411,https://www.linkedin.com/in/milan-sarkar-1411,2nd year Computer Science and Engineering student interested in EdTech and collaborative hackathon teams.,Verified,Platform members,Yes,3.9,92,2026-09-16T10:00:00Z
1412,usr-stu-1412,Kunal Sarkar,student1412@bridgeup.example,Male,3,University of Calcutta,CU,1,2030,B.Tech,Information Technology,6.80,Web / Cloud,Build expertise in Web / Cloud and contribute to impactful technology projects,JavaScript,JavaScript;Node.js;Express;AWS;React;UI/UX;Blockchain,UI/UX Designer;Frontend Developer,2,1,1,2,0,Smart Cities;Sustainability,false,Available,Weekends,Hybrid,Kolkata,English;Bengali;Odia,https://github.com/bridgeup-demo/kunal-mukherjee-1412,https://www.linkedin.com/in/kunal-mukherjee-1412,1st year Information Technology student interested in Smart Cities and collaborative hackathon teams.,Verified,Platform members,Yes,4.6,83,2026-06-26T10:00:00Z
1413,usr-stu-1413,Poulomi Paul,student1413@bridgeup.example,Female,3,University of Calcutta,CU,4,2027,BBA,Business Administration,8.15,Product / Business,Build expertise in Product / Business and contribute to impactful technology projects,Communication,Communication;Agile;Product Management;Figma;GCP;OpenCV,Embedded Systems Engineer;Cybersecurity Engineer,1,1,1,7,1,Robotics;Agriculture,true,Available,Weekend mornings,Remote,Kolkata,English;Hindi;Bengali,https://github.com/bridgeup-demo/poulomi-roy-1413,https://www.linkedin.com/in/poulomi-roy-1413,4th year Business Administration student interested in Robotics and collaborative hackathon teams.,Verified,Platform members,Yes,4.4,95,2026-06-06T10:00:00Z
1414,usr-stu-1414,Priyanka Mukherjee,student1414@bridgeup.example,Female,3,University of Calcutta,CU,2,2029,B.Tech,CSE (AI and ML),8.03,AI / Machine Learning,Build expertise in AI / Machine Learning and contribute to impactful technology projects,Computer Vision,Computer Vision;Deep Learning;Python;Pandas;Machine Learning;LangChain;GraphQL,Product Manager;Researcher,7,1,0,4,4,Agriculture;Cybersecurity,true,Available,Flexible,In-person,Kolkata,English;Hindi;Tamil,https://github.com/bridgeup-demo/priyanka-kar-1414,https://www.linkedin.com/in/priyanka-kar-1414,2nd year CSE (AI and ML) student interested in Agriculture and collaborative hackathon teams.,Verified,Platform members,Yes,4.4,80,2026-07-15T10:00:00Z
1415,usr-stu-1415,Madhurima Guha,student1415@bridgeup.example,Female,3,University of Calcutta,CU,4,2027,B.Tech,CSE (IoT),9.06,IoT / Embedded Systems,Build expertise in IoT / Embedded Systems and contribute to impactful technology projects,PCB Design,PCB Design;C;ESP32;Embedded Systems;GraphQL;Firebase;OpenCV;Solidity,Cloud/DevOps Engineer;Mobile App Developer,1,1,0,6,2,FinTech;Agriculture,true,Available,Weekend mornings,In-person,Kolkata,English;Hindi,https://github.com/bridgeup-demo/madhurima-chakraborty-1415,https://www.linkedin.com/in/madhurima-chakraborty-1415,4th year CSE (IoT) student interested in FinTech and collaborative hackathon teams.,Verified,Platform members,Yes,3.6,87,2026-04-04T10:00:00Z
1416,usr-stu-1416,Ayan Roy,student1416@bridgeup.example,Male,3,University of Calcutta,CU,1,2030,B.Sc.,Data Science,9.00,Data Science,Build expertise in Data Science and contribute to impactful technology projects,Pandas,Pandas;Python;Statistics;Tableau;Django;Spring Boot,Cloud/DevOps Engineer;Backend Developer,2,0,0,0,0,Sustainability;Robotics,false,Available,Flexible,Hybrid,Kolkata,English;Hindi;Bengali,https://github.com/bridgeup-demo/ayan-basu-1416,https://www.linkedin.com/in/ayan-basu-1416,1st year Data Science student interested in Sustainability and collaborative hackathon teams.,Verified,Platform members,Yes,4.6,97,2026-03-09T10:00:00Z
1417,usr-stu-1417,Sneha Roy,student1417@bridgeup.example,Female,3,University of Calcutta,CU,2,2029,B.Tech,Electrical Engineering,7.69,Hardware / Energy,Build expertise in Hardware / Energy and contribute to impactful technology projects,AutoCAD,AutoCAD;Control Systems;MATLAB;IoT;Renewable Energy;Circuit Design;Blockchain;Rust,ML Engineer;Researcher,6,3,2,3,3,FinTech;Disaster Management,true,Available,Friday and weekends,In-person,Kolkata,English;Hindi;Tamil,https://github.com/bridgeup-demo/sneha-bhattacharya-1417,https://www.linkedin.com/in/sneha-bhattacharya-1417,2nd year Electrical Engineering student interested in FinTech and collaborative hackathon teams.,Verified,Platform members,Yes,4.7,99,2026-03-15T10:00:00Z
1418,usr-stu-1418,Ayan Bose,student1418@bridgeup.example,Male,3,University of Calcutta,CU,4,2027,B.Sc.,Data Science,8.30,Data Science,Build expertise in Data Science and contribute to impactful technology projects,SQL,SQL;Power BI;Python;Statistics;Machine Learning;NumPy;Generative AI;OpenCV;LangChain,UI/UX Designer;Cloud/DevOps Engineer,0,0,0,7,6,Healthcare;Open Innovation,true,Available,Weekends,Remote,Kolkata,English;Bengali,https://github.com/bridgeup-demo/ayan-pal-1418,https://www.linkedin.com/in/ayan-pal-1418,4th year Data Science student interested in Healthcare and collaborative hackathon teams.,Verified,Platform members,Yes,4.9,94,2026-06-26T10:00:00Z
1419,usr-stu-1419,Roshni Banerjee,student1419@bridgeup.example,Female,3,University of Calcutta,CU,2,2029,B.Tech,Electrical Engineering,8.50,Hardware / Energy,Build expertise in Hardware / Energy and contribute to impactful technology projects,IoT,IoT;Python;Circuit Design;AutoCAD;Power Systems;MATLAB;Figma;Rust;Linux;GCP,Robotics Engineer;Business Analyst,5,1,0,5,3,Open Innovation;Sustainability,true,Available,Weekend mornings,Any,Kolkata,English;Bengali;Odia,https://github.com/bridgeup-demo/roshni-karmakar-1419,https://www.linkedin.com/in/roshni-karmakar-1419,2nd year Electrical Engineering student interested in Open Innovation and collaborative hackathon teams.,Verified,Platform members,Yes,4.5,92,2026-08-14T10:00:00Z
1420,usr-stu-1420,Avery Sarkar,student1420@bridgeup.example,Prefer not to say,3,University of Calcutta,CU,1,2030,B.Tech,Computer Science and Engineering,8.42,Software Engineering,Build expertise in Software Engineering and contribute to impactful technology projects,SQL,SQL;C++;Java;Algorithms;Python;Kotlin;Figma,Product Manager;Cybersecurity Engineer,4,0,0,1,1,Healthcare;Disaster Management,true,Available,Weekday evenings,Hybrid,Kolkata,English;Hindi;Bengali,https://github.com/bridgeup-demo/avery-singh-1420,https://www.linkedin.com/in/avery-singh-1420,1st year Computer Science and Engineering student interested in Healthcare and collaborative hackathon teams.,Verified,Platform members,Yes,4.2,85,2026-06-27T10:00:00Z
1421,usr-stu-1421,Rohan Guha,student1421@bridgeup.example,Male,3,University of Calcutta,CU,1,2030,B.Tech,Computer Science and Engineering,8.47,Software Engineering,Build expertise in Software Engineering and contribute to impactful technology projects,Java,Java;System Design;Algorithms;Python;SQL;Git;FastAPI;Swift,Robotics Engineer;Embedded Systems Engineer,5,2,0,4,4,FinTech;Sustainability,true,Available,Friday and weekends,Hybrid,Kolkata,English;Hindi,https://github.com/bridgeup-demo/rohan-saha-1421,https://www.linkedin.com/in/rohan-saha-1421,1st year Computer Science and Engineering student interested in FinTech and collaborative hackathon teams.,Verified,Platform members,Yes,4.7,85,2026-03-11T10:00:00Z
1422,usr-stu-1422,Aarav Dey,student1422@bridgeup.example,Male,3,University of Calcutta,CU,3,2028,B.Tech,Electronics and Communication Engineering,7.68,Embedded / Robotics,Build expertise in Embedded / Robotics and contribute to impactful technology projects,C,C;Arduino;Signal Processing;Robotics;Embedded Systems;ROS;FastAPI;Kubernetes;Flutter;Solidity,ML Engineer;Cybersecurity Engineer,5,4,0,6,3,Healthcare;Disaster Management,true,Available,Weekday evenings,In-person,Kolkata,English;Hindi;Bengali,https://github.com/bridgeup-demo/aarav-sen-1422,https://www.linkedin.com/in/aarav-sen-1422,3rd year Electronics and Communication Engineering student interested in Healthcare and collaborative hackathon teams.,Verified,Platform members,Yes,4.4,94,2026-02-27T10:00:00Z
1423,usr-stu-1423,Anirban Majumdar,student1423@bridgeup.example,Male,3,University of Calcutta,CU,2,2029,B.Tech,CSE (AI and ML),7.00,AI / Machine Learning,Build expertise in AI / Machine Learning and contribute to impactful technology projects,NLP,NLP;Machine Learning;Computer Vision;Python;Swift;Blockchain;Go;Spring Boot,Cloud/DevOps Engineer;Mobile App Developer,1,1,1,8,2,IoT;Healthcare,true,Available,Friday and weekends,In-person,Kolkata,English;Hindi;Tamil,https://github.com/bridgeup-demo/anirban-paul-1423,https://www.linkedin.com/in/anirban-paul-1423,2nd year CSE (AI and ML) student interested in IoT and collaborative hackathon teams.,Verified,Platform members,Yes,4.2,81,2026-01-06T10:00:00Z
1424,usr-stu-1424,Ishaan Mitra,student1424@bridgeup.example,Male,3,University of Calcutta,CU,4,2027,B.Tech,CSE (AI and ML),8.36,AI / Machine Learning,Build expertise in AI / Machine Learning and contribute to impactful technology projects,PyTorch,PyTorch;Pandas;NLP;TensorFlow;Deep Learning;Computer Vision;Kotlin;Flutter;Firebase,UI/UX Designer;Pitch and Presentation Lead,8,2,2,8,8,Sustainability;Healthcare,true,Available,Weekend mornings,Remote,Kolkata,English;Hindi;Tamil,https://github.com/bridgeup-demo/ishaan-chatterjee-1424,https://www.linkedin.com/in/ishaan-chatterjee-1424,4th year CSE (AI and ML) student interested in Sustainability and collaborative hackathon teams.,Verified,Platform members,Yes,4.0,74,2026-07-22T10:00:00Z
1425,usr-stu-1425,Arpita Pal,student1425@bridgeup.example,Female,3,University of Calcutta,CU,3,2028,B.Tech,CSE (IoT),9.45,IoT / Embedded Systems,Build expertise in IoT / Embedded Systems and contribute to impactful technology projects,C,C;C++;Embedded Systems;IoT;MQTT;Azure;Firebase,Embedded Systems Engineer;ML Engineer,2,2,0,3,2,FinTech;Healthcare,false,Available,Weekends,In-person,Kolkata,English;Hindi;Tamil,https://github.com/bridgeup-demo/arpita-mitra-1425,https://www.linkedin.com/in/arpita-mitra-1425,3rd year CSE (IoT) student interested in FinTech and collaborative hackathon teams.,Verified,Platform members,Yes,3.8,87,2026-07-17T10:00:00Z
1426,usr-stu-1426,Utsav Majumdar,student1426@bridgeup.example,Male,3,University of Calcutta,CU,1,2030,B.Tech,CSE (AI and ML),9.60,AI / Machine Learning,Build expertise in AI / Machine Learning and contribute to impactful technology projects,Pandas,Pandas;Machine Learning;TensorFlow;Python;NLP;Cybersecurity;Rust;Kotlin,Backend Developer;Business Analyst,8,4,2,0,0,FinTech;Open Innovation,true,Available,Friday and weekends,Remote,Kolkata,English;Bengali,https://github.com/bridgeup-demo/utsav-nandi-1426,https://www.linkedin.com/in/utsav-nandi-1426,1st year CSE (AI and ML) student interested in FinTech and collaborative hackathon teams.,Verified,Platform members,Yes,4.0,77,2026-07-18T10:00:00Z
1427,usr-stu-1427,Rohan Das,student1427@bridgeup.example,Male,3,University of Calcutta,CU,2,2029,B.Tech,Computer Science and Engineering,8.92,Software Engineering,Build expertise in Software Engineering and contribute to impactful technology projects,C++,C++;Algorithms;Data Structures;Git;SQL;Java;Swift;Flutter,ML Engineer;Product Manager,0,0,0,4,3,EdTech;Robotics,false,Available,Friday and weekends,Hybrid,Kolkata,English;Hindi;Tamil,https://github.com/bridgeup-demo/rohan-sen-1427,https://www.linkedin.com/in/rohan-sen-1427,2nd year Computer Science and Engineering student interested in EdTech and collaborative hackathon teams.,Verified,Platform members,Yes,4.5,97,2026-03-22T10:00:00Z
1428,usr-stu-1428,Debayan Paul,student1428@bridgeup.example,Male,3,University of Calcutta,CU,3,2028,B.Tech,Electrical Engineering,7.28,Hardware / Energy,Build expertise in Hardware / Energy and contribute to impactful technology projects,AutoCAD,AutoCAD;IoT;Circuit Design;Power Systems;Django;UI/UX;Redis,Frontend Developer;Business Analyst,5,4,2,8,6,Robotics;Agriculture,true,Available,Weekend mornings,Remote,Kolkata,English;Hindi;Tamil,https://github.com/bridgeup-demo/debayan-nandi-1428,https://www.linkedin.com/in/debayan-nandi-1428,3rd year Electrical Engineering student interested in Robotics and collaborative hackathon teams.,Verified,Platform members,Yes,4.4,99,2026-08-10T10:00:00Z
1429,usr-stu-1429,Srija Lahiri,student1429@bridgeup.example,Female,3,University of Calcutta,CU,3,2028,B.Tech,Electronics and Communication Engineering,9.21,Embedded / Robotics,Build expertise in Embedded / Robotics and contribute to impactful technology projects,C,C;Verilog;MATLAB;Arduino;Embedded Systems;Robotics;Figma;Spring Boot;LangChain;UI/UX,Mobile App Developer;Embedded Systems Engineer,8,1,1,4,0,Healthcare;Sustainability,true,Available,Weekends,In-person,Kolkata,English;Hindi;Tamil,https://github.com/bridgeup-demo/srija-kar-1429,https://www.linkedin.com/in/srija-kar-1429,3rd year Electronics and Communication Engineering student interested in Healthcare and collaborative hackathon teams.,Verified,Platform members,Yes,4.7,88,2026-03-20T10:00:00Z
1430,usr-stu-1430,Dev Karmakar,student1430@bridgeup.example,Male,3,University of Calcutta,CU,3,2028,B.Tech,Information Technology,8.43,Web / Cloud,Build expertise in Web / Cloud and contribute to impactful technology projects,TypeScript,TypeScript;PostgreSQL;JavaScript;Node.js;React;FastAPI;Next.js,ML Engineer;Robotics Engineer,7,3,0,2,1,EdTech;Accessibility,true,Available,Flexible,In-person,Kolkata,English;Hindi;Tamil,https://github.com/bridgeup-demo/dev-paul-1430,https://www.linkedin.com/in/dev-paul-1430,3rd year Information Technology student interested in EdTech and collaborative hackathon teams.,Verified,Platform members,Yes,4.0,80,2026-07-26T10:00:00Z
1431,usr-stu-1431,Roshni Pal,student1431@bridgeup.example,Female,3,University of Calcutta,CU,3,2028,B.Tech,Electronics and Communication Engineering,6.74,Embedded / Robotics,Build expertise in Embedded / Robotics and contribute to impactful technology projects,Arduino,Arduino;MATLAB;C;Verilog;Firebase;Scikit-learn,UI/UX Designer;Cloud/DevOps Engineer,1,1,0,7,5,FinTech;IoT,true,Available,Weekends,In-person,Kolkata,English;Hindi,https://github.com/bridgeup-demo/roshni-sarkar-1431,https://www.linkedin.com/in/roshni-sarkar-1431,3rd year Electronics and Communication Engineering student interested in FinTech and collaborative hackathon teams.,Verified,Platform members,Yes,3.9,98,2026-04-17T10:00:00Z
1432,usr-stu-1432,Tania Karmakar,student1432@bridgeup.example,Female,3,University of Calcutta,CU,3,2028,B.Tech,Electronics and Communication Engineering,6.84,Embedded / Robotics,Build expertise in Embedded / Robotics and contribute to impactful technology projects,MATLAB,MATLAB;C;ROS;Robotics;Verilog;Signal Processing;Redis;Solidity,Frontend Developer;UI/UX Designer,4,4,0,5,0,Open Innovation;Healthcare,true,Available,Weekday evenings,Hybrid,Kolkata,English;Hindi;Tamil,https://github.com/bridgeup-demo/tania-majumdar-1432,https://www.linkedin.com/in/tania-majumdar-1432,3rd year Electronics and Communication Engineering student interested in Open Innovation and collaborative hackathon teams.,Verified,Platform members,Yes,4.3,71,2026-05-26T10:00:00Z
1433,usr-stu-1433,Anirban Nandi,student1433@bridgeup.example,Male,3,University of Calcutta,CU,2,2029,B.Tech,Information Technology,9.34,Web / Cloud,Build expertise in Web / Cloud and contribute to impactful technology projects,Express,Express;TypeScript;Docker;AWS;React;PostgreSQL;Next.js;OpenCV,ML Engineer;Data Scientist,7,2,1,2,0,Robotics;Cybersecurity,true,Available,Flexible,In-person,Kolkata,English;Bengali,https://github.com/bridgeup-demo/anirban-mukherjee-1433,https://www.linkedin.com/in/anirban-mukherjee-1433,2nd year Information Technology student interested in Robotics and collaborative hackathon teams.,Verified,Platform members,Yes,3.6,86,2026-05-20T10:00:00Z
1434,usr-stu-1434,Arjun Bhattacharya,student1434@bridgeup.example,Male,3,University of Calcutta,CU,2,2029,B.Tech,Information Technology,7.68,Web / Cloud,Build expertise in Web / Cloud and contribute to impactful technology projects,TypeScript,TypeScript;Docker;Express;PostgreSQL;Blockchain;GraphQL;Go,Business Analyst;Backend Developer,6,2,0,7,7,Agriculture;Accessibility,true,Available,Weekends,In-person,Kolkata,English;Bengali;Odia,https://github.com/bridgeup-demo/arjun-kar-1434,https://www.linkedin.com/in/arjun-kar-1434,2nd year Information Technology student interested in Agriculture and collaborative hackathon teams.,Verified,Platform members,Yes,4.0,73,2026-06-08T10:00:00Z
1435,usr-stu-1435,Megha Dhar,student1435@bridgeup.example,Female,3,University of Calcutta,CU,3,2028,BBA,Business Administration,7.13,Product / Business,Build expertise in Product / Business and contribute to impactful technology projects,Business Analysis,Business Analysis;SQL;Agile;Product Management;UI/UX;Solidity;Django,ML Engineer;Embedded Systems Engineer,7,4,2,7,1,Robotics;Disaster Management,true,Available,Weekend mornings,Remote,Kolkata,English;Hindi;Bengali,https://github.com/bridgeup-demo/megha-basu-1435,https://www.linkedin.com/in/megha-basu-1435,3rd year Business Administration student interested in Robotics and collaborative hackathon teams.,Verified,Platform members,Yes,4.2,91,2026-09-13T10:00:00Z
1436,usr-stu-1436,Tania Kar,student1436@bridgeup.example,Female,3,University of Calcutta,CU,4,2027,BBA,Business Administration,9.37,Product / Business,Build expertise in Product / Business and contribute to impactful technology projects,Product Management,Product Management;Agile;Excel;Market Research;Communication;SQL;Next.js;OpenCV,Embedded Systems Engineer;ML Engineer,7,0,0,7,1,IoT;Open Innovation,true,Available,Friday and weekends,Hybrid,Kolkata,English;Hindi,https://github.com/bridgeup-demo/tania-kar-1436,https://www.linkedin.com/in/tania-kar-1436,4th year Business Administration student interested in IoT and collaborative hackathon teams.,Verified,Platform members,Yes,4.1,84,2026-04-02T10:00:00Z
1437,usr-stu-1437,Aditi Dhar,student1437@bridgeup.example,Female,3,University of Calcutta,CU,3,2028,B.Tech,CSE (AI and ML),8.36,AI / Machine Learning,Build expertise in AI / Machine Learning and contribute to impactful technology projects,Pandas,Pandas;PyTorch;Computer Vision;NLP;Deep Learning;Django;Cybersecurity;GraphQL;Kotlin,Cybersecurity Engineer;Embedded Systems Engineer,3,3,1,2,1,Smart Cities;Open Innovation,false,Available,Weekend mornings,Any,Kolkata,English;Hindi,https://github.com/bridgeup-demo/aditi-pal-1437,https://www.linkedin.com/in/aditi-pal-1437,3rd year CSE (AI and ML) student interested in Smart Cities and collaborative hackathon teams.,Verified,Platform members,Yes,4.5,78,2026-02-17T10:00:00Z
1438,usr-stu-1438,Neel Banerjee,student1438@bridgeup.example,Male,3,University of Calcutta,CU,1,2030,B.Tech,Computer Science and Engineering,7.42,Software Engineering,Build expertise in Software Engineering and contribute to impactful technology projects,System Design,System Design;SQL;C++;Git;Flutter;MongoDB;Cybersecurity,UI/UX Designer;Pitch and Presentation Lead,7,0,0,6,2,Cybersecurity;Healthcare,true,Available,Weekday evenings,Any,Kolkata,English;Bengali,https://github.com/bridgeup-demo/neel-mukherjee-1438,https://www.linkedin.com/in/neel-mukherjee-1438,1st year Computer Science and Engineering student interested in Cybersecurity and collaborative hackathon teams.,Verified,Platform members,Yes,4.3,80,2026-06-24T10:00:00Z
1439,usr-stu-1439,Rumi Bose,student1439@bridgeup.example,Non-binary,3,University of Calcutta,CU,4,2027,B.Tech,Electronics and Communication Engineering,7.77,Embedded / Robotics,Build expertise in Embedded / Robotics and contribute to impactful technology projects,Verilog,Verilog;MATLAB;Embedded Systems;Robotics;ROS;Signal Processing;FastAPI;OpenCV,Full Stack Developer;Product Manager,7,0,0,7,4,Smart Cities;Web3,true,Available,Weekday evenings,In-person,Kolkata,English;Hindi,https://github.com/bridgeup-demo/rumi-pal-1439,https://www.linkedin.com/in/rumi-pal-1439,4th year Electronics and Communication Engineering student interested in Smart Cities and collaborative hackathon teams.,Verified,Platform members,Yes,4.9,100,2026-02-28T10:00:00Z
1440,usr-stu-1440,Ananya Guha,student1440@bridgeup.example,Female,3,University of Calcutta,CU,3,2028,B.Tech,Electronics and Communication Engineering,7.28,Embedded / Robotics,Build expertise in Embedded / Robotics and contribute to impactful technology projects,Arduino,Arduino;Robotics;C;Embedded Systems;Verilog;Swift;Blockchain;REST APIs,Pitch and Presentation Lead;Robotics Engineer,5,1,1,6,4,AI for Social Good;Accessibility,true,Available,Weekend mornings,Remote,Kolkata,English;Hindi;Tamil,https://github.com/bridgeup-demo/ananya-karmakar-1440,https://www.linkedin.com/in/ananya-karmakar-1440,3rd year Electronics and Communication Engineering student interested in AI for Social Good and collaborative hackathon teams.,Verified,Platform members,Yes,4.9,99,2026-06-24T10:00:00Z
1441,usr-stu-1441,Roshni Mitra,student1441@bridgeup.example,Female,3,University of Calcutta,CU,2,2029,B.Tech,CSE (IoT),8.86,IoT / Embedded Systems,Build expertise in IoT / Embedded Systems and contribute to impactful technology projects,Arduino,Arduino;ESP32;MQTT;PCB Design;Spring Boot;Kotlin;Cybersecurity;Generative AI,Data Scientist;Backend Developer,6,1,0,7,3,AI for Social Good;FinTech,true,Available,Friday and weekends,Any,Kolkata,English;Bengali;Odia,https://github.com/bridgeup-demo/roshni-bose-1441,https://www.linkedin.com/in/roshni-bose-1441,2nd year CSE (IoT) student interested in AI for Social Good and collaborative hackathon teams.,Verified,Platform members,Yes,4.1,83,2026-05-28T10:00:00Z
1442,usr-stu-1442,Ankita Lahiri,student1442@bridgeup.example,Female,3,University of Calcutta,CU,4,2027,B.Tech,CSE (IoT),8.88,IoT / Embedded Systems,Build expertise in IoT / Embedded Systems and contribute to impactful technology projects,ESP32,ESP32;Embedded Systems;PCB Design;C;C++;UI/UX;Django;Azure,Business Analyst;Frontend Developer,6,3,2,6,2,Cybersecurity;Smart Cities,true,Available,Weekends,Any,Kolkata,English;Hindi;Bengali,https://github.com/bridgeup-demo/ankita-dhar-1442,https://www.linkedin.com/in/ankita-dhar-1442,4th year CSE (IoT) student interested in Cybersecurity and collaborative hackathon teams.,Verified,Platform members,Yes,4.4,74,2026-04-20T10:00:00Z
1443,usr-stu-1443,Tania Ghosh,student1443@bridgeup.example,Female,3,University of Calcutta,CU,3,2028,B.Sc.,Data Science,6.59,Data Science,Build expertise in Data Science and contribute to impactful technology projects,NumPy,NumPy;Pandas;SQL;Machine Learning;Power BI;Cybersecurity;Next.js;Rust,Mobile App Developer;Cloud/DevOps Engineer,3,3,2,2,2,Disaster Management;Agriculture,false,Available,Weekend mornings,Hybrid,Kolkata,English;Hindi,https://github.com/bridgeup-demo/tania-sarkar-1443,https://www.linkedin.com/in/tania-sarkar-1443,3rd year Data Science student interested in Disaster Management and collaborative hackathon teams.,Verified,Platform members,Yes,4.4,78,2026-05-13T10:00:00Z
1444,usr-stu-1444,Rohan Roy,student1444@bridgeup.example,Male,3,University of Calcutta,CU,1,2030,BBA,Business Administration,9.11,Product / Business,Build expertise in Product / Business and contribute to impactful technology projects,Business Analysis,Business Analysis;Figma;Product Management;Communication;Excel;Linux;Azure,Robotics Engineer;Cloud/DevOps Engineer,7,1,0,0,0,FinTech;Healthcare,true,Available,Weekends,In-person,Kolkata,English;Bengali,https://github.com/bridgeup-demo/rohan-mukherjee-1444,https://www.linkedin.com/in/rohan-mukherjee-1444,1st year Business Administration student interested in FinTech and collaborative hackathon teams.,Verified,Platform members,Yes,4.3,89,2026-04-12T10:00:00Z
1445,usr-stu-1445,Rohan Mitra,student1445@bridgeup.example,Male,3,University of Calcutta,CU,1,2030,BBA,Business Administration,8.90,Product / Business,Build expertise in Product / Business and contribute to impactful technology projects,Market Research,Market Research;Figma;Business Analysis;Communication;SQL;Kubernetes;Linux,Backend Developer;Robotics Engineer,4,0,0,7,1,Smart Cities;Web3,true,Available,Weekday evenings,Hybrid,Kolkata,English;Bengali;Odia,https://github.com/bridgeup-demo/rohan-guha-1445,https://www.linkedin.com/in/rohan-guha-1445,1st year Business Administration student interested in Smart Cities and collaborative hackathon teams.,Verified,Platform members,Yes,4.8,82,2026-04-13T10:00:00Z
1446,usr-stu-1446,Suvam Nandi,student1446@bridgeup.example,Male,3,University of Calcutta,CU,3,2028,B.Tech,Electrical Engineering,6.73,Hardware / Energy,Build expertise in Hardware / Energy and contribute to impactful technology projects,MATLAB,MATLAB;Python;Renewable Energy;Control Systems;Power Systems;Circuit Design;Figma;Solidity,Business Analyst;Full Stack Developer,5,4,2,3,1,AI for Social Good;Sustainability,true,Available,Weekday evenings,Hybrid,Kolkata,English;Bengali,https://github.com/bridgeup-demo/suvam-dhar-1446,https://www.linkedin.com/in/suvam-dhar-1446,3rd year Electrical Engineering student interested in AI for Social Good and collaborative hackathon teams.,Verified,Platform members,Yes,5.0,90,2026-06-02T10:00:00Z
1447,usr-stu-1447,Aryan Guha,student1447@bridgeup.example,Male,3,University of Calcutta,CU,1,2030,BBA,Business Administration,9.72,Product / Business,Build expertise in Product / Business and contribute to impactful technology projects,Figma,Figma;Market Research;Excel;Business Analysis;Agile;Kotlin;Solidity;Next.js,Robotics Engineer;Full Stack Developer,3,3,0,6,4,FinTech;IoT,true,Available,Flexible,Any,Kolkata,English;Hindi,https://github.com/bridgeup-demo/aryan-sarkar-1447,https://www.linkedin.com/in/aryan-sarkar-1447,1st year Business Administration student interested in FinTech and collaborative hackathon teams.,Verified,Platform members,Yes,4.5,74,2026-06-09T10:00:00Z
1448,usr-stu-1448,Priyanka Banerjee,student1448@bridgeup.example,Female,3,University of Calcutta,CU,1,2030,B.Tech,Computer Science and Engineering,7.41,Software Engineering,Build expertise in Software Engineering and contribute to impactful technology projects,Git,Git;SQL;System Design;Java;Python;UI/UX;Generative AI;Blockchain,Cybersecurity Engineer;Researcher,3,3,2,1,0,Cybersecurity;IoT,false,Available,Weekend mornings,Remote,Kolkata,English;Hindi;Tamil,https://github.com/bridgeup-demo/priyanka-paul-1448,https://www.linkedin.com/in/priyanka-paul-1448,1st year Computer Science and Engineering student interested in Cybersecurity and collaborative hackathon teams.,Verified,Platform members,Yes,4.5,79,2026-09-07T10:00:00Z
1449,usr-stu-1449,Megha Guha,student1449@bridgeup.example,Female,3,University of Calcutta,CU,2,2029,BBA,Business Administration,8.53,Product / Business,Build expertise in Product / Business and contribute to impactful technology projects,Figma,Figma;SQL;Business Analysis;Market Research;Excel;Go;Cybersecurity;Django,Data Scientist;Embedded Systems Engineer,7,1,0,2,1,Agriculture;AI for Social Good,true,Available,Friday and weekends,Any,Kolkata,English;Bengali;Odia,https://github.com/bridgeup-demo/megha-dhar-1449,https://www.linkedin.com/in/megha-dhar-1449,2nd year Business Administration student interested in Agriculture and collaborative hackathon teams.,Verified,Platform members,Yes,3.6,76,2026-09-18T10:00:00Z
1450,usr-stu-1450,Sohini Ghosh,student1450@bridgeup.example,Female,3,University of Calcutta,CU,3,2028,B.Tech,Electrical Engineering,6.87,Hardware / Energy,Build expertise in Hardware / Energy and contribute to impactful technology projects,Control Systems,Control Systems;AutoCAD;MATLAB;Power Systems;Circuit Design;Azure;GCP;Next.js,Robotics Engineer;Cybersecurity Engineer,2,0,0,5,2,IoT;Web3,true,Available,Weekday evenings,Any,Kolkata,English;Hindi;Bengali,https://github.com/bridgeup-demo/sohini-sarkar-1450,https://www.linkedin.com/in/sohini-sarkar-1450,3rd year Electrical Engineering student interested in IoT and collaborative hackathon teams.,Verified,Platform members,Yes,4.5,73,2026-01-06T10:00:00Z
1451,usr-stu-1451,Kunal Sarkar,student1451@bridgeup.example,Male,4,IIT Kharagpur,IITKGP,2,2029,B.Tech,Electrical Engineering,7.69,Hardware / Energy,Build expertise in Hardware / Energy and contribute to impactful technology projects,Circuit Design,Circuit Design;MATLAB;Python;Renewable Energy;IoT;Control Systems;Solidity;LangChain;GraphQL;Kotlin,ML Engineer;Embedded Systems Engineer,7,0,0,1,0,FinTech;Accessibility,true,Available,Friday and weekends,Remote,Kolkata,English;Bengali;Odia,https://github.com/bridgeup-demo/kunal-bose-1451,https://www.linkedin.com/in/kunal-bose-1451,2nd year Electrical Engineering student interested in FinTech and collaborative hackathon teams.,Verified,Platform members,Yes,3.6,97,2026-03-19T10:00:00Z
1452,usr-stu-1452,Aditya Dey,student1452@bridgeup.example,Male,4,IIT Kharagpur,IITKGP,2,2029,B.Tech,CSE (AI and ML),9.66,AI / Machine Learning,Build expertise in AI / Machine Learning and contribute to impactful technology projects,Deep Learning,Deep Learning;PyTorch;Machine Learning;Python;TensorFlow;GCP;MongoDB,Business Analyst;Pitch and Presentation Lead,8,1,0,4,4,AI for Social Good;Robotics,true,Available,Flexible,In-person,Kolkata,English;Bengali,https://github.com/bridgeup-demo/aditya-saha-1452,https://www.linkedin.com/in/aditya-saha-1452,2nd year CSE (AI and ML) student interested in AI for Social Good and collaborative hackathon teams.,Verified,Platform members,Yes,4.6,80,2026-04-10T10:00:00Z
1453,usr-stu-1453,Ahona Sen,student1453@bridgeup.example,Female,4,IIT Kharagpur,IITKGP,1,2030,BBA,Business Administration,6.80,Product / Business,Build expertise in Product / Business and contribute to impactful technology projects,Business Analysis,Business Analysis;Figma;Market Research;Agile;Communication;Generative AI;REST APIs;Next.js;Redis,Full Stack Developer;Cybersecurity Engineer,8,0,0,6,3,Cybersecurity;Agriculture,true,Available,Weekend mornings,In-person,Kolkata,English;Bengali;Odia,https://github.com/bridgeup-demo/ahona-banerjee-1453,https://www.linkedin.com/in/ahona-banerjee-1453,1st year Business Administration student interested in Cybersecurity and collaborative hackathon teams.,Verified,Platform members,Yes,4.4,90,2026-07-04T10:00:00Z
1454,usr-stu-1454,Sanjana Dhar,student1454@bridgeup.example,Female,4,IIT Kharagpur,IITKGP,4,2027,B.Sc.,Data Science,7.01,Data Science,Build expertise in Data Science and contribute to impactful technology projects,Power BI,Power BI;Pandas;NumPy;SQL;Tableau;Statistics;OpenCV;GraphQL,Data Scientist;Researcher,1,0,0,3,1,Web3;Smart Cities,false,Available,Weekday evenings,Remote,Kolkata,English;Bengali,https://github.com/bridgeup-demo/sanjana-roy-1454,https://www.linkedin.com/in/sanjana-roy-1454,4th year Data Science student interested in Web3 and collaborative hackathon teams.,Verified,Platform members,Yes,4.4,90,2026-09-25T10:00:00Z
1455,usr-stu-1455,Srija Sen,student1455@bridgeup.example,Female,4,IIT Kharagpur,IITKGP,1,2030,B.Tech,CSE (IoT),9.02,IoT / Embedded Systems,Build expertise in IoT / Embedded Systems and contribute to impactful technology projects,PCB Design,PCB Design;C++;MQTT;Arduino;Embedded Systems;Rust;Cybersecurity,Full Stack Developer;Cloud/DevOps Engineer,6,4,0,3,2,Open Innovation;EdTech,true,Available,Friday and weekends,Hybrid,Kolkata,English;Bengali;Odia,https://github.com/bridgeup-demo/srija-guha-1455,https://www.linkedin.com/in/srija-guha-1455,1st year CSE (IoT) student interested in Open Innovation and collaborative hackathon teams.,Verified,Platform members,Yes,3.9,84,2026-01-17T10:00:00Z
1456,usr-stu-1456,Kunal Mitra,student1456@bridgeup.example,Male,4,IIT Kharagpur,IITKGP,1,2030,B.Tech,Electronics and Communication Engineering,9.33,Embedded / Robotics,Build expertise in Embedded / Robotics and contribute to impactful technology projects,Arduino,Arduino;ROS;C;Signal Processing;REST APIs;GCP,Robotics Engineer;Frontend Developer,6,2,1,5,4,FinTech;Open Innovation,true,Available,Weekday evenings,In-person,Kolkata,English;Hindi;Tamil,https://github.com/bridgeup-demo/kunal-saha-1456,https://www.linkedin.com/in/kunal-saha-1456,1st year Electronics and Communication Engineering student interested in FinTech and collaborative hackathon teams.,Verified,Platform members,Yes,4.2,91,2026-05-04T10:00:00Z
1457,usr-stu-1457,Ritwik Chatterjee,student1457@bridgeup.example,Male,4,IIT Kharagpur,IITKGP,3,2028,B.Tech,Electrical Engineering,8.14,Hardware / Energy,Build expertise in Hardware / Energy and contribute to impactful technology projects,Power Systems,Power Systems;IoT;Control Systems;AutoCAD;MATLAB;OpenCV;Firebase;UI/UX,Mobile App Developer;Robotics Engineer,6,2,2,8,0,Healthcare;Accessibility,true,Available,Weekend mornings,Any,Kolkata,English;Bengali,https://github.com/bridgeup-demo/ritwik-chakraborty-1457,https://www.linkedin.com/in/ritwik-chakraborty-1457,3rd year Electrical Engineering student interested in Healthcare and collaborative hackathon teams.,Verified,Platform members,Yes,5.0,87,2026-07-23T10:00:00Z
1458,usr-stu-1458,Ankita Roy,student1458@bridgeup.example,Female,4,IIT Kharagpur,IITKGP,1,2030,B.Sc.,Data Science,7.04,Data Science,Build expertise in Data Science and contribute to impactful technology projects,NumPy,NumPy;Statistics;Python;Machine Learning;Pandas;Kubernetes;MongoDB,UI/UX Designer;Full Stack Developer,4,3,0,7,7,Web3;FinTech,true,Available,Weekend mornings,In-person,Kolkata,English;Bengali,https://github.com/bridgeup-demo/ankita-majumdar-1458,https://www.linkedin.com/in/ankita-majumdar-1458,1st year Data Science student interested in Web3 and collaborative hackathon teams.,Verified,Platform members,Yes,4.6,96,2026-09-10T10:00:00Z
1459,usr-stu-1459,Megha Pal,student1459@bridgeup.example,Female,4,IIT Kharagpur,IITKGP,1,2030,B.Tech,Electronics and Communication Engineering,9.37,Embedded / Robotics,Build expertise in Embedded / Robotics and contribute to impactful technology projects,Verilog,Verilog;MATLAB;Signal Processing;Embedded Systems;Swift;Azure,Frontend Developer;Mobile App Developer,8,3,1,5,0,Open Innovation;Smart Cities,true,Available,Friday and weekends,Remote,Kolkata,English;Hindi;Tamil,https://github.com/bridgeup-demo/megha-roy-1459,https://www.linkedin.com/in/megha-roy-1459,1st year Electronics and Communication Engineering student interested in Open Innovation and collaborative hackathon teams.,Verified,Platform members,Yes,3.9,88,2026-08-11T10:00:00Z
1460,usr-stu-1460,Daksh Guha,student1460@bridgeup.example,Non-binary,4,IIT Kharagpur,IITKGP,3,2028,B.Tech,Information Technology,9.27,Web / Cloud,Build expertise in Web / Cloud and contribute to impactful technology projects,TypeScript,TypeScript;Docker;Express;PostgreSQL;OpenCV;Django,Cybersecurity Engineer;Mobile App Developer,4,1,0,2,0,Open Innovation;Healthcare,true,Available,Friday and weekends,Hybrid,Kolkata,English;Hindi;Bengali,https://github.com/bridgeup-demo/daksh-bose-1460,https://www.linkedin.com/in/daksh-bose-1460,3rd year Information Technology student interested in Open Innovation and collaborative hackathon teams.,Verified,Platform members,Yes,5.0,72,2026-01-18T10:00:00Z
1461,usr-stu-1461,Koyel Saha,student1461@bridgeup.example,Female,4,IIT Kharagpur,IITKGP,2,2029,BBA,Business Administration,8.33,Product / Business,Build expertise in Product / Business and contribute to impactful technology projects,SQL,SQL;Business Analysis;Communication;Figma;Market Research;Firebase;Next.js;Rust;Solidity,Pitch and Presentation Lead;Full Stack Developer,0,0,0,1,1,AI for Social Good;Sustainability,false,Available,Weekday evenings,Any,Kolkata,English;Hindi;Bengali,https://github.com/bridgeup-demo/koyel-dey-1461,https://www.linkedin.com/in/koyel-dey-1461,2nd year Business Administration student interested in AI for Social Good and collaborative hackathon teams.,Verified,Platform members,Yes,,84,2026-04-01T10:00:00Z
1462,usr-stu-1462,Priyanka Guha,student1462@bridgeup.example,Female,4,IIT Kharagpur,IITKGP,2,2029,B.Tech,Computer Science and Engineering,9.56,Software Engineering,Build expertise in Software Engineering and contribute to impactful technology projects,Algorithms,Algorithms;Git;Python;System Design;Next.js;REST APIs;GraphQL,Backend Developer;Full Stack Developer,3,3,0,2,2,Smart Cities;Agriculture,false,Available,Flexible,Any,Kolkata,English;Bengali;Odia,https://github.com/bridgeup-demo/priyanka-saha-1462,https://www.linkedin.com/in/priyanka-saha-1462,2nd year Computer Science and Engineering student interested in Smart Cities and collaborative hackathon teams.,Verified,Platform members,Yes,5.0,90,2026-07-02T10:00:00Z
1463,usr-stu-1463,Soumyadeep Lahiri,student1463@bridgeup.example,Male,4,IIT Kharagpur,IITKGP,1,2030,B.Tech,CSE (AI and ML),7.79,AI / Machine Learning,Build expertise in AI / Machine Learning and contribute to impactful technology projects,TensorFlow,TensorFlow;Python;Pandas;NLP;Scikit-learn;OpenCV,Embedded Systems Engineer;Product Manager,8,0,0,5,1,Sustainability;Smart Cities,true,Available,Weekday evenings,Any,Kolkata,English;Bengali;Odia,https://github.com/bridgeup-demo/soumyadeep-pal-1463,https://www.linkedin.com/in/soumyadeep-pal-1463,1st year CSE (AI and ML) student interested in Sustainability and collaborative hackathon teams.,Verified,Platform members,Yes,4.2,94,2026-06-25T10:00:00Z
1464,usr-stu-1464,Sneha Banerjee,student1464@bridgeup.example,Female,4,IIT Kharagpur,IITKGP,4,2027,B.Tech,Information Technology,6.84,Web / Cloud,Build expertise in Web / Cloud and contribute to impactful technology projects,AWS,AWS;PostgreSQL;React;Express;JavaScript;Azure;Spring Boot;Kotlin;Firebase,Data Scientist;Cybersecurity Engineer,5,3,2,3,0,Web3;Disaster Management,true,Available,Flexible,In-person,Kolkata,English;Hindi,https://github.com/bridgeup-demo/sneha-bose-1464,https://www.linkedin.com/in/sneha-bose-1464,4th year Information Technology student interested in Web3 and collaborative hackathon teams.,Verified,Platform members,Yes,4.2,92,2026-08-20T10:00:00Z
1465,usr-stu-1465,Trisha Paul,student1465@bridgeup.example,Female,4,IIT Kharagpur,IITKGP,4,2027,B.Tech,CSE (IoT),7.57,IoT / Embedded Systems,Build expertise in IoT / Embedded Systems and contribute to impactful technology projects,C++,C++;Arduino;MQTT;Embedded Systems;ESP32;Go;Swift,Data Scientist;Frontend Developer,3,0,0,5,3,FinTech;AI for Social Good,true,Available,Weekend mornings,Any,Kolkata,English;Bengali,https://github.com/bridgeup-demo/trisha-mitra-1465,https://www.linkedin.com/in/trisha-mitra-1465,4th year CSE (IoT) student interested in FinTech and collaborative hackathon teams.,Verified,Platform members,Yes,4.1,93,2026-01-23T10:00:00Z
1466,usr-stu-1466,Sagnik Karmakar,student1466@bridgeup.example,Male,4,IIT Kharagpur,IITKGP,4,2027,B.Tech,CSE (AI and ML),8.52,AI / Machine Learning,Build expertise in AI / Machine Learning and contribute to impactful technology projects,Computer Vision,Computer Vision;Machine Learning;Deep Learning;NLP;Solidity;Blockchain,Researcher;Data Scientist,1,0,0,5,1,Disaster Management;Open Innovation,true,Available,Friday and weekends,In-person,Kolkata,English;Bengali,https://github.com/bridgeup-demo/sagnik-ghosh-1466,https://www.linkedin.com/in/sagnik-ghosh-1466,4th year CSE (AI and ML) student interested in Disaster Management and collaborative hackathon teams.,Verified,Platform members,Yes,4.0,76,2026-01-20T10:00:00Z
1467,usr-stu-1467,Dev Das,student1467@bridgeup.example,Male,4,IIT Kharagpur,IITKGP,3,2028,B.Tech,Information Technology,9.65,Web / Cloud,Build expertise in Web / Cloud and contribute to impactful technology projects,Node.js,Node.js;AWS;Express;TypeScript;JavaScript;PostgreSQL;Generative AI;Solidity;Linux,Data Scientist;Backend Developer,6,2,2,3,2,Accessibility;Cybersecurity,true,Available,Weekends,Hybrid,Kolkata,English;Hindi;Tamil,https://github.com/bridgeup-demo/dev-bhattacharya-1467,https://www.linkedin.com/in/dev-bhattacharya-1467,3rd year Information Technology student interested in Accessibility and collaborative hackathon teams.,Verified,Platform members,Yes,4.3,71,2026-09-10T10:00:00Z
1468,usr-stu-1468,Ahona Das,student1468@bridgeup.example,Female,4,IIT Kharagpur,IITKGP,1,2030,B.Tech,Computer Science and Engineering,9.30,Software Engineering,Build expertise in Software Engineering and contribute to impactful technology projects,SQL,SQL;System Design;C++;Java;Algorithms;Git;Kubernetes;Django;Rust,Business Analyst;Cloud/DevOps Engineer,5,2,2,5,0,Smart Cities;EdTech,true,Available,Friday and weekends,Remote,Kolkata,English;Hindi;Bengali,https://github.com/bridgeup-demo/ahona-saha-1468,https://www.linkedin.com/in/ahona-saha-1468,1st year Computer Science and Engineering student interested in Smart Cities and collaborative hackathon teams.,Verified,Platform members,Yes,4.2,79,2026-08-20T10:00:00Z
1469,usr-stu-1469,Shreya Nandi,student1469@bridgeup.example,Female,4,IIT Kharagpur,IITKGP,3,2028,B.Tech,Computer Science and Engineering,7.21,Software Engineering,Build expertise in Software Engineering and contribute to impactful technology projects,Data Structures,Data Structures;Algorithms;Python;Java;System Design;MongoDB;Kubernetes;Generative AI;REST APIs,Product Manager;Cybersecurity Engineer,6,2,0,5,1,Accessibility;Sustainability,true,Available,Friday and weekends,Any,Kolkata,English;Bengali;Odia,https://github.com/bridgeup-demo/shreya-dey-1469,https://www.linkedin.com/in/shreya-dey-1469,3rd year Computer Science and Engineering student interested in Accessibility and collaborative hackathon teams.,Verified,Platform members,Yes,4.0,95,2026-01-28T10:00:00Z
1470,usr-stu-1470,Utsav Guha,student1470@bridgeup.example,Male,4,IIT Kharagpur,IITKGP,1,2030,B.Tech,Electronics and Communication Engineering,7.37,Embedded / Robotics,Build expertise in Embedded / Robotics and contribute to impactful technology projects,Robotics,Robotics;Embedded Systems;C;Signal Processing;GraphQL;Kubernetes;Figma,Full Stack Developer;ML Engineer,8,1,0,6,4,IoT;EdTech,true,Available,Flexible,In-person,Kolkata,English;Hindi;Bengali,https://github.com/bridgeup-demo/utsav-paul-1470,https://www.linkedin.com/in/utsav-paul-1470,1st year Electronics and Communication Engineering student interested in IoT and collaborative hackathon teams.,Verified,Platform members,Yes,4.7,78,2026-07-08T10:00:00Z
1471,usr-stu-1471,Rahul Pal,student1471@bridgeup.example,Male,4,IIT Kharagpur,IITKGP,4,2027,BBA,Business Administration,9.17,Product / Business,Build expertise in Product / Business and contribute to impactful technology projects,Business Analysis,Business Analysis;SQL;Market Research;Product Management;Figma;Agile;Kubernetes;Kotlin;Next.js;Django,UI/UX Designer;Product Manager,4,4,0,6,2,Open Innovation;Web3,true,Available,Weekend mornings,Any,Kolkata,English;Bengali,https://github.com/bridgeup-demo/rahul-guha-1471,https://www.linkedin.com/in/rahul-guha-1471,4th year Business Administration student interested in Open Innovation and collaborative hackathon teams.,Verified,Platform members,Yes,4.7,77,2026-06-07T10:00:00Z
1472,usr-stu-1472,Sagnik Guha,student1472@bridgeup.example,Male,4,IIT Kharagpur,IITKGP,1,2030,B.Tech,CSE (AI and ML),6.83,AI / Machine Learning,Build expertise in AI / Machine Learning and contribute to impactful technology projects,PyTorch,PyTorch;Machine Learning;Python;NLP;TensorFlow;Computer Vision;GraphQL;Kubernetes,Mobile App Developer;Data Scientist,5,4,0,5,3,EdTech;Web3,true,Available,Weekends,Any,Kolkata,English;Bengali;Odia,https://github.com/bridgeup-demo/sagnik-ghosh-1472,https://www.linkedin.com/in/sagnik-ghosh-1472,1st year CSE (AI and ML) student interested in EdTech and collaborative hackathon teams.,Verified,Platform members,Yes,4.8,85,2026-09-20T10:00:00Z
1473,usr-stu-1473,Ayan Lahiri,student1473@bridgeup.example,Male,4,IIT Kharagpur,IITKGP,2,2029,B.Tech,CSE (IoT),8.72,IoT / Embedded Systems,Build expertise in IoT / Embedded Systems and contribute to impactful technology projects,C++,C++;C;MQTT;Embedded Systems;PCB Design;Swift;GraphQL;Cybersecurity,Pitch and Presentation Lead;ML Engineer,6,3,0,2,1,Open Innovation;Smart Cities,true,Available,Weekday evenings,Remote,Kolkata,English;Bengali,https://github.com/bridgeup-demo/ayan-dhar-1473,https://www.linkedin.com/in/ayan-dhar-1473,2nd year CSE (IoT) student interested in Open Innovation and collaborative hackathon teams.,Verified,Platform members,Yes,3.8,78,2026-06-09T10:00:00Z
1474,usr-stu-1474,Sanjana Kar,student1474@bridgeup.example,Female,4,IIT Kharagpur,IITKGP,1,2030,B.Tech,Electrical Engineering,7.35,Hardware / Energy,Build expertise in Hardware / Energy and contribute to impactful technology projects,Control Systems,Control Systems;MATLAB;IoT;Power Systems;Renewable Energy;Azure;Rust;GraphQL;Spring Boot,Pitch and Presentation Lead;Business Analyst,8,0,0,7,2,Cybersecurity;Web3,true,Available,Flexible,Remote,Kolkata,English;Hindi,https://github.com/bridgeup-demo/sanjana-roy-1474,https://www.linkedin.com/in/sanjana-roy-1474,1st year Electrical Engineering student interested in Cybersecurity and collaborative hackathon teams.,Verified,Platform members,Yes,4.2,70,2026-06-07T10:00:00Z
1475,usr-stu-1475,Subhajit Mukherjee,student1475@bridgeup.example,Male,4,IIT Kharagpur,IITKGP,1,2030,B.Tech,Computer Science and Engineering,6.63,Software Engineering,Build expertise in Software Engineering and contribute to impactful technology projects,Java,Java;SQL;Data Structures;C++;Figma;Azure,Pitch and Presentation Lead;Robotics Engineer,0,0,0,4,0,Smart Cities;Open Innovation,false,Available,Weekend mornings,In-person,Kolkata,English;Hindi;Bengali,https://github.com/bridgeup-demo/subhajit-mitra-1475,https://www.linkedin.com/in/subhajit-mitra-1475,1st year Computer Science and Engineering student interested in Smart Cities and collaborative hackathon teams.,Verified,Platform members,Yes,3.9,85,2026-09-18T10:00:00Z
1476,usr-stu-1476,Srija Bose,student1476@bridgeup.example,Female,4,IIT Kharagpur,IITKGP,1,2030,B.Tech,CSE (IoT),9.49,IoT / Embedded Systems,Build expertise in IoT / Embedded Systems and contribute to impactful technology projects,IoT,IoT;MQTT;Embedded Systems;C;Blockchain;LangChain;Figma,Business Analyst;Frontend Developer,3,2,0,3,3,EdTech;Sustainability,false,Available,Friday and weekends,Hybrid,Kolkata,English;Bengali;Odia,https://github.com/bridgeup-demo/srija-karmakar-1476,https://www.linkedin.com/in/srija-karmakar-1476,1st year CSE (IoT) student interested in EdTech and collaborative hackathon teams.,Verified,Platform members,Yes,4.6,99,2026-07-05T10:00:00Z
1477,usr-stu-1477,Ahona Chatterjee,student1477@bridgeup.example,Female,4,IIT Kharagpur,IITKGP,4,2027,B.Tech,Information Technology,6.59,Web / Cloud,Build expertise in Web / Cloud and contribute to impactful technology projects,PostgreSQL,PostgreSQL;Express;Docker;AWS;Node.js;Cybersecurity;Kubernetes;Azure,UI/UX Designer;Business Analyst,3,2,2,9,0,Web3;Smart Cities,true,Available,Weekend mornings,Remote,Kolkata,English;Bengali;Odia,https://github.com/bridgeup-demo/ahona-roy-1477,https://www.linkedin.com/in/ahona-roy-1477,4th year Information Technology student interested in Web3 and collaborative hackathon teams.,Verified,Platform members,Yes,3.5,75,2026-04-02T10:00:00Z
1478,usr-stu-1478,Debayan Guha,student1478@bridgeup.example,Male,4,IIT Kharagpur,IITKGP,1,2030,B.Sc.,Data Science,9.50,Data Science,Build expertise in Data Science and contribute to impactful technology projects,Power BI,Power BI;Statistics;Python;SQL;Pandas;Generative AI;Azure,Backend Developer;Frontend Developer,3,2,0,1,1,AI for Social Good;Sustainability,false,Available,Weekends,Any,Kolkata,English;Hindi,https://github.com/bridgeup-demo/debayan-roy-1478,https://www.linkedin.com/in/debayan-roy-1478,1st year Data Science student interested in AI for Social Good and collaborative hackathon teams.,Verified,Platform members,Yes,3.7,78,2026-08-14T10:00:00Z
1479,usr-stu-1479,Sanjana Chakraborty,student1479@bridgeup.example,Female,4,IIT Kharagpur,IITKGP,4,2027,B.Tech,Electrical Engineering,8.08,Hardware / Energy,Build expertise in Hardware / Energy and contribute to impactful technology projects,IoT,IoT;MATLAB;AutoCAD;Power Systems;Python;Control Systems;Cybersecurity;OpenCV;Redis,Cybersecurity Engineer;Backend Developer,5,4,0,6,2,Healthcare;Cybersecurity,true,Available,Weekday evenings,Any,Kolkata,English;Bengali;Odia,https://github.com/bridgeup-demo/sanjana-chatterjee-1479,https://www.linkedin.com/in/sanjana-chatterjee-1479,4th year Electrical Engineering student interested in Healthcare and collaborative hackathon teams.,Verified,Platform members,Yes,4.7,88,2026-09-23T10:00:00Z
1480,usr-stu-1480,Roshni Singh,student1480@bridgeup.example,Female,4,IIT Kharagpur,IITKGP,2,2029,B.Tech,CSE (IoT),7.01,IoT / Embedded Systems,Build expertise in IoT / Embedded Systems and contribute to impactful technology projects,MQTT,MQTT;ESP32;C;Arduino;IoT;LangChain;Firebase,Pitch and Presentation Lead;Cloud/DevOps Engineer,7,4,0,3,0,AI for Social Good;FinTech,true,Available,Weekends,Remote,Kolkata,English;Bengali;Odia,https://github.com/bridgeup-demo/roshni-mitra-1480,https://www.linkedin.com/in/roshni-mitra-1480,2nd year CSE (IoT) student interested in AI for Social Good and collaborative hackathon teams.,Verified,Platform members,Yes,4.5,77,2026-02-14T10:00:00Z
1481,usr-stu-1481,Roshni Majumdar,student1481@bridgeup.example,Female,4,IIT Kharagpur,IITKGP,3,2028,B.Sc.,Data Science,6.50,Data Science,Build expertise in Data Science and contribute to impactful technology projects,Pandas,Pandas;Power BI;Machine Learning;Python;Scikit-learn;Solidity;Swift;Generative AI,ML Engineer;Business Analyst,3,1,0,6,5,Web3;Healthcare,true,Available,Weekends,In-person,Kolkata,English;Bengali,https://github.com/bridgeup-demo/roshni-chatterjee-1481,https://www.linkedin.com/in/roshni-chatterjee-1481,3rd year Data Science student interested in Web3 and collaborative hackathon teams.,Verified,Platform members,Yes,4.1,79,2026-09-09T10:00:00Z
1482,usr-stu-1482,Samar Chatterjee,student1482@bridgeup.example,Prefer not to say,4,IIT Kharagpur,IITKGP,1,2030,B.Tech,Electrical Engineering,8.79,Hardware / Energy,Build expertise in Hardware / Energy and contribute to impactful technology projects,AutoCAD,AutoCAD;Circuit Design;MATLAB;Python;Control Systems;Power Systems;Blockchain;OpenCV;Go,Mobile App Developer;UI/UX Designer,6,3,0,2,1,Accessibility;Open Innovation,true,Available,Weekday evenings,Any,Kolkata,English;Hindi,https://github.com/bridgeup-demo/samar-lahiri-1482,https://www.linkedin.com/in/samar-lahiri-1482,1st year Electrical Engineering student interested in Accessibility and collaborative hackathon teams.,Verified,Platform members,Yes,4.6,73,2026-01-19T10:00:00Z
1483,usr-stu-1483,Esha Sen,student1483@bridgeup.example,Female,4,IIT Kharagpur,IITKGP,3,2028,B.Sc.,Data Science,7.94,Data Science,Build expertise in Data Science and contribute to impactful technology projects,SQL,SQL;Tableau;Python;Pandas;Firebase;OpenCV;Blockchain,Pitch and Presentation Lead;Mobile App Developer,4,1,0,6,2,IoT;Cybersecurity,true,Available,Friday and weekends,In-person,Kolkata,English;Bengali,https://github.com/bridgeup-demo/esha-chatterjee-1483,https://www.linkedin.com/in/esha-chatterjee-1483,3rd year Data Science student interested in IoT and collaborative hackathon teams.,Verified,Platform members,Yes,3.9,88,2026-03-08T10:00:00Z
1484,usr-stu-1484,Arpita Chakraborty,student1484@bridgeup.example,Female,4,IIT Kharagpur,IITKGP,3,2028,BBA,Business Administration,7.25,Product / Business,Build expertise in Product / Business and contribute to impactful technology projects,Product Management,Product Management;Excel;Figma;Market Research;Agile;Go;GCP;Cybersecurity;GraphQL,Data Scientist;Mobile App Developer,8,2,2,5,0,Web3;Disaster Management,true,Available,Weekend mornings,In-person,Kolkata,English;Hindi;Tamil,https://github.com/bridgeup-demo/arpita-das-1484,https://www.linkedin.com/in/arpita-das-1484,3rd year Business Administration student interested in Web3 and collaborative hackathon teams.,Verified,Platform members,Yes,3.5,70,2026-09-05T10:00:00Z
1485,usr-stu-1485,Aryan Roy,student1485@bridgeup.example,Male,4,IIT Kharagpur,IITKGP,1,2030,B.Tech,Electrical Engineering,9.23,Hardware / Energy,Build expertise in Hardware / Energy and contribute to impactful technology projects,IoT,IoT;Python;Control Systems;Renewable Energy;Next.js;Blockchain;LangChain;Solidity,ML Engineer;Pitch and Presentation Lead,4,0,0,4,4,AI for Social Good;Smart Cities,true,Available,Flexible,Remote,Kolkata,English;Bengali;Odia,https://github.com/bridgeup-demo/aryan-majumdar-1485,https://www.linkedin.com/in/aryan-majumdar-1485,1st year Electrical Engineering student interested in AI for Social Good and collaborative hackathon teams.,Verified,Platform members,Yes,4.1,81,2026-01-02T10:00:00Z
1486,usr-stu-1486,Abhishek Banerjee,student1486@bridgeup.example,Male,4,IIT Kharagpur,IITKGP,2,2029,BBA,Business Administration,7.08,Product / Business,Build expertise in Product / Business and contribute to impactful technology projects,Excel,Excel;Communication;Business Analysis;SQL;Kubernetes;GraphQL;Scikit-learn,Backend Developer;Product Manager,4,0,0,3,1,EdTech;Agriculture,true,Available,Weekends,Any,Kolkata,English;Hindi,https://github.com/bridgeup-demo/abhishek-dey-1486,https://www.linkedin.com/in/abhishek-dey-1486,2nd year Business Administration student interested in EdTech and collaborative hackathon teams.,Verified,Platform members,Yes,4.0,87,2026-03-17T10:00:00Z
1487,usr-stu-1487,Arjun Roy,student1487@bridgeup.example,Male,4,IIT Kharagpur,IITKGP,1,2030,B.Tech,Electronics and Communication Engineering,9.70,Embedded / Robotics,Build expertise in Embedded / Robotics and contribute to impactful technology projects,Robotics,Robotics;Arduino;ROS;C;MATLAB;Cybersecurity;Blockchain;Linux,Cybersecurity Engineer;ML Engineer,6,2,0,2,1,Robotics;Open Innovation,true,Available,Weekend mornings,In-person,Kolkata,English;Hindi;Tamil,https://github.com/bridgeup-demo/arjun-chakraborty-1487,https://www.linkedin.com/in/arjun-chakraborty-1487,1st year Electronics and Communication Engineering student interested in Robotics and collaborative hackathon teams.,Verified,Platform members,Yes,3.9,82,2026-06-24T10:00:00Z
1488,usr-stu-1488,Ayan Mukherjee,student1488@bridgeup.example,Male,4,IIT Kharagpur,IITKGP,1,2030,B.Tech,Information Technology,8.27,Web / Cloud,Build expertise in Web / Cloud and contribute to impactful technology projects,JavaScript,JavaScript;Node.js;Express;Docker;AWS;React;Firebase;Kotlin,Backend Developer;Data Scientist,4,2,0,6,5,Robotics;Healthcare,true,Available,Weekday evenings,Remote,Kolkata,English;Hindi,https://github.com/bridgeup-demo/ayan-dey-1488,https://www.linkedin.com/in/ayan-dey-1488,1st year Information Technology student interested in Robotics and collaborative hackathon teams.,Verified,Platform members,Yes,4.9,74,2026-05-11T10:00:00Z
1489,usr-stu-1489,Trisha Saha,student1489@bridgeup.example,Female,4,IIT Kharagpur,IITKGP,1,2030,B.Tech,CSE (IoT),7.67,IoT / Embedded Systems,Build expertise in IoT / Embedded Systems and contribute to impactful technology projects,Arduino,Arduino;Embedded Systems;IoT;C;ESP32;C++;Scikit-learn;Firebase;Kotlin;FastAPI,Researcher;UI/UX Designer,8,4,0,6,4,Sustainability;Agriculture,true,Available,Friday and weekends,Remote,Kolkata,English;Hindi;Bengali,https://github.com/bridgeup-demo/trisha-sarkar-1489,https://www.linkedin.com/in/trisha-sarkar-1489,1st year CSE (IoT) student interested in Sustainability and collaborative hackathon teams.,Verified,Platform members,Yes,3.7,100,2026-08-26T10:00:00Z
1490,usr-stu-1490,Esha Paul,student1490@bridgeup.example,Female,4,IIT Kharagpur,IITKGP,4,2027,B.Tech,CSE (AI and ML),7.60,AI / Machine Learning,Build expertise in AI / Machine Learning and contribute to impactful technology projects,Computer Vision,Computer Vision;NLP;Python;Deep Learning;TensorFlow;Generative AI;FastAPI;LangChain,Pitch and Presentation Lead;Frontend Developer,6,1,0,5,3,Disaster Management;Agriculture,true,Available,Weekend mornings,Hybrid,Kolkata,English;Bengali,https://github.com/bridgeup-demo/esha-dey-1490,https://www.linkedin.com/in/esha-dey-1490,4th year CSE (AI and ML) student interested in Disaster Management and collaborative hackathon teams.,Verified,Platform members,Yes,3.9,99,2026-09-04T10:00:00Z
1491,usr-stu-1491,Neel Chatterjee,student1491@bridgeup.example,Male,4,IIT Kharagpur,IITKGP,1,2030,B.Tech,Information Technology,8.24,Web / Cloud,Build expertise in Web / Cloud and contribute to impactful technology projects,Express,Express;JavaScript;React;Node.js;Azure;Redis,Pitch and Presentation Lead;Robotics Engineer,1,1,1,6,4,Open Innovation;Sustainability,true,Available,Weekends,Hybrid,Kolkata,English;Hindi;Bengali,https://github.com/bridgeup-demo/neel-bose-1491,https://www.linkedin.com/in/neel-bose-1491,1st year Information Technology student interested in Open Innovation and collaborative hackathon teams.,Verified,Platform members,Yes,4.0,96,2026-09-08T10:00:00Z
1492,usr-stu-1492,Arjun Guha,student1492@bridgeup.example,Male,4,IIT Kharagpur,IITKGP,1,2030,B.Sc.,Data Science,8.18,Data Science,Build expertise in Data Science and contribute to impactful technology projects,Tableau,Tableau;Python;Power BI;Statistics;SQL;Machine Learning;OpenCV;Solidity;Firebase;Flutter,Researcher;Embedded Systems Engineer,5,4,0,7,6,IoT;EdTech,true,Available,Weekend mornings,Remote,Kolkata,English;Hindi,https://github.com/bridgeup-demo/arjun-bhattacharya-1492,https://www.linkedin.com/in/arjun-bhattacharya-1492,1st year Data Science student interested in IoT and collaborative hackathon teams.,Verified,Platform members,Yes,4.3,94,2026-01-09T10:00:00Z
1493,usr-stu-1493,Trisha Nandi,student1493@bridgeup.example,Female,4,IIT Kharagpur,IITKGP,2,2029,B.Tech,CSE (IoT),8.40,IoT / Embedded Systems,Build expertise in IoT / Embedded Systems and contribute to impactful technology projects,PCB Design,PCB Design;C++;MQTT;Embedded Systems;C;Arduino;Scikit-learn;GCP;LangChain,Cloud/DevOps Engineer;ML Engineer,8,0,0,5,5,FinTech;Disaster Management,true,Available,Weekday evenings,In-person,Kolkata,English;Hindi;Bengali,https://github.com/bridgeup-demo/trisha-mukherjee-1493,https://www.linkedin.com/in/trisha-mukherjee-1493,2nd year CSE (IoT) student interested in FinTech and collaborative hackathon teams.,Verified,Platform members,Yes,3.8,77,2026-07-02T10:00:00Z
1494,usr-stu-1494,Madhurima Kar,student1494@bridgeup.example,Female,4,IIT Kharagpur,IITKGP,2,2029,B.Tech,CSE (IoT),9.43,IoT / Embedded Systems,Build expertise in IoT / Embedded Systems and contribute to impactful technology projects,Embedded Systems,Embedded Systems;C++;PCB Design;Arduino;C;Figma;Flutter;GCP,Cloud/DevOps Engineer;Mobile App Developer,5,1,0,7,5,Robotics;Agriculture,true,Available,Flexible,Any,Kolkata,English;Bengali;Odia,https://github.com/bridgeup-demo/madhurima-lahiri-1494,https://www.linkedin.com/in/madhurima-lahiri-1494,2nd year CSE (IoT) student interested in Robotics and collaborative hackathon teams.,Verified,Platform members,Yes,4.8,88,2026-05-24T10:00:00Z
1495,usr-stu-1495,Sneha Sarkar,student1495@bridgeup.example,Female,4,IIT Kharagpur,IITKGP,4,2027,B.Sc.,Data Science,7.45,Data Science,Build expertise in Data Science and contribute to impactful technology projects,Pandas,Pandas;Machine Learning;Python;Power BI;SQL;Figma;Blockchain,Business Analyst;ML Engineer,8,0,0,4,3,Cybersecurity;Disaster Management,true,Available,Weekday evenings,Remote,Kolkata,English;Bengali;Odia,https://github.com/bridgeup-demo/sneha-guha-1495,https://www.linkedin.com/in/sneha-guha-1495,4th year Data Science student interested in Cybersecurity and collaborative hackathon teams.,Verified,Platform members,Yes,4.4,84,2026-08-26T10:00:00Z
1496,usr-stu-1496,Dev Dey,student1496@bridgeup.example,Male,4,IIT Kharagpur,IITKGP,3,2028,B.Tech,Electronics and Communication Engineering,9.27,Embedded / Robotics,Build expertise in Embedded / Robotics and contribute to impactful technology projects,Signal Processing,Signal Processing;Robotics;Verilog;Embedded Systems;MATLAB;C;MongoDB;Generative AI;Go;Next.js,Backend Developer;ML Engineer,7,3,0,4,0,Web3;EdTech,true,Available,Weekends,Any,Kolkata,English;Hindi;Tamil,https://github.com/bridgeup-demo/dev-roy-1496,https://www.linkedin.com/in/dev-roy-1496,3rd year Electronics and Communication Engineering student interested in Web3 and collaborative hackathon teams.,Verified,Platform members,Yes,3.6,100,2026-03-26T10:00:00Z
1497,usr-stu-1497,Diya Chakraborty,student1497@bridgeup.example,Female,4,IIT Kharagpur,IITKGP,2,2029,B.Tech,Information Technology,7.56,Web / Cloud,Build expertise in Web / Cloud and contribute to impactful technology projects,PostgreSQL,PostgreSQL;React;Node.js;JavaScript;AWS;Docker;Swift;Figma,UI/UX Designer;Full Stack Developer,0,0,0,6,5,Healthcare;Smart Cities,true,Available,Weekday evenings,Hybrid,Kolkata,English;Hindi,https://github.com/bridgeup-demo/diya-bhattacharya-1497,https://www.linkedin.com/in/diya-bhattacharya-1497,2nd year Information Technology student interested in Healthcare and collaborative hackathon teams.,Verified,Platform members,Yes,4.1,77,2026-01-03T10:00:00Z
1498,usr-stu-1498,Srija Dhar,student1498@bridgeup.example,Female,4,IIT Kharagpur,IITKGP,1,2030,B.Tech,CSE (AI and ML),7.54,AI / Machine Learning,Build expertise in AI / Machine Learning and contribute to impactful technology projects,Python,Python;TensorFlow;Machine Learning;Computer Vision;GCP;Go;Django;Next.js,Frontend Developer;Embedded Systems Engineer,4,3,1,6,0,Web3;FinTech,true,Available,Friday and weekends,In-person,Kolkata,English;Hindi;Bengali,https://github.com/bridgeup-demo/srija-dey-1498,https://www.linkedin.com/in/srija-dey-1498,1st year CSE (AI and ML) student interested in Web3 and collaborative hackathon teams.,Verified,Platform members,Yes,4.9,70,2026-02-27T10:00:00Z
1499,usr-stu-1499,Madhurima Saha,student1499@bridgeup.example,Female,4,IIT Kharagpur,IITKGP,2,2029,B.Tech,Computer Science and Engineering,9.66,Software Engineering,Build expertise in Software Engineering and contribute to impactful technology projects,Algorithms,Algorithms;Java;Git;Data Structures;SQL;MongoDB;Generative AI,ML Engineer;Cybersecurity Engineer,5,2,0,2,0,Robotics;Smart Cities,true,Available,Weekends,In-person,Kolkata,English;Bengali;Odia,https://github.com/bridgeup-demo/madhurima-mitra-1499,https://www.linkedin.com/in/madhurima-mitra-1499,2nd year Computer Science and Engineering student interested in Robotics and collaborative hackathon teams.,Verified,Platform members,Yes,4.4,98,2026-05-21T10:00:00Z
1500,usr-stu-1500,Poulomi Dhar,student1500@bridgeup.example,Female,4,IIT Kharagpur,IITKGP,2,2029,B.Tech,Electrical Engineering,6.78,Hardware / Energy,Build expertise in Hardware / Energy and contribute to impactful technology projects,Renewable Energy,Renewable Energy;MATLAB;IoT;Python;AutoCAD;Figma;MongoDB;Blockchain,Robotics Engineer;Product Manager,2,0,0,4,3,Cybersecurity;FinTech,false,Available,Friday and weekends,Any,Kolkata,English;Hindi,https://github.com/bridgeup-demo/poulomi-dhar-1500,https://www.linkedin.com/in/poulomi-dhar-1500,2nd year Electrical Engineering student interested in Cybersecurity and collaborative hackathon teams.,Verified,Platform members,Yes,3.7,74,2026-05-01T10:00:00Z
1501,usr-stu-1501,Aditya Bhattacharya,student1501@bridgeup.example,Male,4,IIT Kharagpur,IITKGP,3,2028,B.Tech,Information Technology,9.64,Web / Cloud,Build expertise in Web / Cloud and contribute to impactful technology projects,PostgreSQL,PostgreSQL;Docker;TypeScript;React;Next.js;Blockchain;Linux;Kubernetes,Product Manager;Cybersecurity Engineer,8,0,0,9,0,Agriculture;IoT,true,Available,Friday and weekends,Remote,Kolkata,English;Bengali,https://github.com/bridgeup-demo/aditya-chakraborty-1501,https://www.linkedin.com/in/aditya-chakraborty-1501,3rd year Information Technology student interested in Agriculture and collaborative hackathon teams.,Verified,Platform members,Yes,4.9,100,2026-08-12T10:00:00Z
1502,usr-stu-1502,Sanjana Das,student1502@bridgeup.example,Female,4,IIT Kharagpur,IITKGP,1,2030,B.Tech,CSE (AI and ML),8.34,AI / Machine Learning,Build expertise in AI / Machine Learning and contribute to impactful technology projects,TensorFlow,TensorFlow;Python;PyTorch;NLP;Go;Kubernetes,Business Analyst;UI/UX Designer,5,4,2,0,0,Web3;AI for Social Good,true,Available,Weekend mornings,In-person,Kolkata,English;Hindi;Tamil,https://github.com/bridgeup-demo/sanjana-chatterjee-1502,https://www.linkedin.com/in/sanjana-chatterjee-1502,1st year CSE (AI and ML) student interested in Web3 and collaborative hackathon teams.,Verified,Platform members,Yes,4.1,89,2026-07-07T10:00:00Z
1503,usr-stu-1503,Sayan Das,student1503@bridgeup.example,Male,4,IIT Kharagpur,IITKGP,3,2028,B.Tech,CSE (AI and ML),8.16,AI / Machine Learning,Build expertise in AI / Machine Learning and contribute to impactful technology projects,TensorFlow,TensorFlow;Python;Computer Vision;Deep Learning;Pandas;PyTorch;GCP;Redis;Cybersecurity,Embedded Systems Engineer;Product Manager,7,1,1,3,2,Healthcare;Web3,true,Available,Flexible,Hybrid,Kolkata,English;Bengali,https://github.com/bridgeup-demo/sayan-nandi-1503,https://www.linkedin.com/in/sayan-nandi-1503,3rd year CSE (AI and ML) student interested in Healthcare and collaborative hackathon teams.,Verified,Platform members,Yes,4.2,75,2026-06-17T10:00:00Z
1504,usr-stu-1504,Aritra Bhattacharya,student1504@bridgeup.example,Male,4,IIT Kharagpur,IITKGP,2,2029,B.Tech,Computer Science and Engineering,9.68,Software Engineering,Build expertise in Software Engineering and contribute to impactful technology projects,Git,Git;Data Structures;System Design;SQL;Cybersecurity;Figma,Backend Developer;Pitch and Presentation Lead,5,2,0,2,0,Healthcare;Accessibility,true,Available,Flexible,Hybrid,Kolkata,English;Hindi;Tamil,https://github.com/bridgeup-demo/aritra-karmakar-1504,https://www.linkedin.com/in/aritra-karmakar-1504,2nd year Computer Science and Engineering student interested in Healthcare and collaborative hackathon teams.,Verified,Platform members,Yes,4.5,77,2026-02-16T10:00:00Z
1505,usr-stu-1505,Priyanka Guha,student1505@bridgeup.example,Female,4,IIT Kharagpur,IITKGP,3,2028,B.Tech,Electronics and Communication Engineering,6.51,Embedded / Robotics,Build expertise in Embedded / Robotics and contribute to impactful technology projects,MATLAB,MATLAB;Arduino;Robotics;Embedded Systems;UI/UX;Rust;LangChain;Firebase,Robotics Engineer;Mobile App Developer,5,0,0,6,5,Healthcare;Open Innovation,true,Available,Flexible,In-person,Kolkata,English;Hindi,https://github.com/bridgeup-demo/priyanka-roy-1505,https://www.linkedin.com/in/priyanka-roy-1505,3rd year Electronics and Communication Engineering student interested in Healthcare and collaborative hackathon teams.,Verified,Platform members,Yes,4.3,95,2026-06-06T10:00:00Z
1506,usr-stu-1506,Ankita Pal,student1506@bridgeup.example,Female,4,IIT Kharagpur,IITKGP,3,2028,B.Tech,CSE (IoT),9.11,IoT / Embedded Systems,Build expertise in IoT / Embedded Systems and contribute to impactful technology projects,Embedded Systems,Embedded Systems;IoT;PCB Design;C++;ESP32;MQTT;Redis;Go,Full Stack Developer;Pitch and Presentation Lead,2,1,1,7,4,Open Innovation;Sustainability,true,Available,Friday and weekends,Remote,Kolkata,English;Hindi,https://github.com/bridgeup-demo/ankita-dey-1506,https://www.linkedin.com/in/ankita-dey-1506,3rd year CSE (IoT) student interested in Open Innovation and collaborative hackathon teams.,Verified,Platform members,Yes,4.9,97,2026-04-01T10:00:00Z
1507,usr-stu-1507,Ishaan Sarkar,student1507@bridgeup.example,Male,4,IIT Kharagpur,IITKGP,4,2027,B.Tech,Electronics and Communication Engineering,6.86,Embedded / Robotics,Build expertise in Embedded / Robotics and contribute to impactful technology projects,Verilog,Verilog;C;Embedded Systems;ROS;MATLAB;Arduino;Generative AI;Scikit-learn;Flutter;Go,Business Analyst;Product Manager,8,1,1,6,0,Disaster Management;EdTech,true,Available,Flexible,In-person,Kolkata,English;Bengali;Odia,https://github.com/bridgeup-demo/ishaan-sarkar-1507,https://www.linkedin.com/in/ishaan-sarkar-1507,4th year Electronics and Communication Engineering student interested in Disaster Management and collaborative hackathon teams.,Verified,Platform members,Yes,4.7,94,2026-05-12T10:00:00Z
1508,usr-stu-1508,Aarav Chatterjee,student1508@bridgeup.example,Male,4,IIT Kharagpur,IITKGP,4,2027,B.Tech,CSE (AI and ML),7.06,AI / Machine Learning,Build expertise in AI / Machine Learning and contribute to impactful technology projects,TensorFlow,TensorFlow;NLP;Deep Learning;Machine Learning;Azure;Spring Boot;Next.js;Flutter,Cloud/DevOps Engineer;Product Manager,6,3,0,7,2,AI for Social Good;Healthcare,true,Available,Weekday evenings,Hybrid,Kolkata,English;Hindi;Tamil,https://github.com/bridgeup-demo/aarav-chakraborty-1508,https://www.linkedin.com/in/aarav-chakraborty-1508,4th year CSE (AI and ML) student interested in AI for Social Good and collaborative hackathon teams.,Verified,Platform members,Yes,4.2,75,2026-03-27T10:00:00Z
1509,usr-stu-1509,Ari Chakraborty,student1509@bridgeup.example,Non-binary,4,IIT Kharagpur,IITKGP,2,2029,B.Tech,CSE (AI and ML),6.91,AI / Machine Learning,Build expertise in AI / Machine Learning and contribute to impactful technology projects,Python,Python;Deep Learning;Pandas;NLP;Computer Vision;PyTorch;Scikit-learn;FastAPI;Spring Boot,Frontend Developer;Cybersecurity Engineer,8,4,0,5,0,IoT;Open Innovation,true,Available,Weekends,Remote,Kolkata,English;Hindi;Bengali,https://github.com/bridgeup-demo/ari-banerjee-1509,https://www.linkedin.com/in/ari-banerjee-1509,2nd year CSE (AI and ML) student interested in IoT and collaborative hackathon teams.,Verified,Platform members,Yes,4.5,86,2026-06-26T10:00:00Z
1510,usr-stu-1510,Megha Banerjee,student1510@bridgeup.example,Female,4,IIT Kharagpur,IITKGP,1,2030,BBA,Business Administration,8.63,Product / Business,Build expertise in Product / Business and contribute to impactful technology projects,Agile,Agile;Communication;Product Management;Excel;Market Research;Figma;LangChain;Linux,Data Scientist;Cybersecurity Engineer,3,1,1,0,0,FinTech;IoT,false,Available,Flexible,In-person,Kolkata,English;Bengali;Odia,https://github.com/bridgeup-demo/megha-sarkar-1510,https://www.linkedin.com/in/megha-sarkar-1510,1st year Business Administration student interested in FinTech and collaborative hackathon teams.,Verified,Platform members,Yes,3.8,89,2026-06-15T10:00:00Z
1511,usr-stu-1511,Tanmay Nandi,student1511@bridgeup.example,Male,4,IIT Kharagpur,IITKGP,2,2029,B.Tech,CSE (IoT),8.79,IoT / Embedded Systems,Build expertise in IoT / Embedded Systems and contribute to impactful technology projects,ESP32,ESP32;Embedded Systems;Arduino;IoT;MQTT;C;REST APIs;Flutter,Mobile App Developer;Full Stack Developer,0,0,0,6,5,Open Innovation;Accessibility,true,Available,Weekend mornings,Hybrid,Kolkata,English;Bengali;Odia,https://github.com/bridgeup-demo/tanmay-saha-1511,https://www.linkedin.com/in/tanmay-saha-1511,2nd year CSE (IoT) student interested in Open Innovation and collaborative hackathon teams.,Verified,Platform members,Yes,3.6,72,2026-03-04T10:00:00Z
1512,usr-stu-1512,Esha Sen,student1512@bridgeup.example,Female,4,IIT Kharagpur,IITKGP,1,2030,B.Sc.,Data Science,9.23,Data Science,Build expertise in Data Science and contribute to impactful technology projects,Tableau,Tableau;NumPy;Machine Learning;Statistics;Python;GraphQL;MongoDB;Solidity;Blockchain,Embedded Systems Engineer;Frontend Developer,6,4,0,3,2,Smart Cities;EdTech,true,Available,Weekend mornings,Any,Kolkata,English;Bengali,https://github.com/bridgeup-demo/esha-dhar-1512,https://www.linkedin.com/in/esha-dhar-1512,1st year Data Science student interested in Smart Cities and collaborative hackathon teams.,Verified,Platform members,Yes,4.9,98,2026-08-10T10:00:00Z
1513,usr-stu-1513,Ishaan Saha,student1513@bridgeup.example,Male,4,IIT Kharagpur,IITKGP,4,2027,B.Tech,CSE (IoT),9.59,IoT / Embedded Systems,Build expertise in IoT / Embedded Systems and contribute to impactful technology projects,PCB Design,PCB Design;IoT;C++;MQTT;Flutter;Spring Boot,Backend Developer;Data Scientist,6,1,0,9,8,Agriculture;Accessibility,true,Available,Friday and weekends,Hybrid,Kolkata,English;Bengali;Odia,https://github.com/bridgeup-demo/ishaan-bose-1513,https://www.linkedin.com/in/ishaan-bose-1513,4th year CSE (IoT) student interested in Agriculture and collaborative hackathon teams.,Verified,Platform members,Yes,4.3,86,2026-03-04T10:00:00Z
1514,usr-stu-1514,Koyel Guha,student1514@bridgeup.example,Female,4,IIT Kharagpur,IITKGP,3,2028,B.Tech,CSE (AI and ML),9.55,AI / Machine Learning,Build expertise in AI / Machine Learning and contribute to impactful technology projects,Pandas,Pandas;TensorFlow;Deep Learning;NLP;Redis;Solidity;LangChain,Data Scientist;Cybersecurity Engineer,2,0,0,5,4,FinTech;Accessibility,true,Available,Weekends,Hybrid,Kolkata,English;Hindi;Bengali,https://github.com/bridgeup-demo/koyel-bhattacharya-1514,https://www.linkedin.com/in/koyel-bhattacharya-1514,3rd year CSE (AI and ML) student interested in FinTech and collaborative hackathon teams.,Verified,Platform members,Yes,4.7,99,2026-08-07T10:00:00Z
1515,usr-stu-1515,Tania Pal,student1515@bridgeup.example,Female,4,IIT Kharagpur,IITKGP,2,2029,B.Tech,Information Technology,8.67,Web / Cloud,Build expertise in Web / Cloud and contribute to impactful technology projects,Express,Express;JavaScript;PostgreSQL;Node.js;React;Azure;Solidity;Django,ML Engineer;UI/UX Designer,7,4,0,6,2,Accessibility;AI for Social Good,true,Available,Weekday evenings,Hybrid,Kolkata,English;Hindi;Bengali,https://github.com/bridgeup-demo/tania-dey-1515,https://www.linkedin.com/in/tania-dey-1515,2nd year Information Technology student interested in Accessibility and collaborative hackathon teams.,Verified,Platform members,Yes,4.6,73,2026-04-10T10:00:00Z
1516,usr-stu-1516,Suvam Banerjee,student1516@bridgeup.example,Male,4,IIT Kharagpur,IITKGP,4,2027,B.Tech,Electronics and Communication Engineering,6.93,Embedded / Robotics,Build expertise in Embedded / Robotics and contribute to impactful technology projects,Signal Processing,Signal Processing;Verilog;ROS;Robotics;Embedded Systems;C;GraphQL;Blockchain,Cybersecurity Engineer;ML Engineer,8,1,1,6,6,AI for Social Good;Smart Cities,true,Available,Friday and weekends,In-person,Kolkata,English;Bengali,https://github.com/bridgeup-demo/suvam-dhar-1516,https://www.linkedin.com/in/suvam-dhar-1516,4th year Electronics and Communication Engineering student interested in AI for Social Good and collaborative hackathon teams.,Verified,Platform members,Yes,3.7,75,2026-04-25T10:00:00Z
1517,usr-stu-1517,Poulomi Singh,student1517@bridgeup.example,Female,4,IIT Kharagpur,IITKGP,3,2028,B.Tech,Electronics and Communication Engineering,7.69,Embedded / Robotics,Build expertise in Embedded / Robotics and contribute to impactful technology projects,MATLAB,MATLAB;Signal Processing;C;Verilog;Redis;Cybersecurity;Django;Figma,Embedded Systems Engineer;Backend Developer,8,4,0,7,1,Accessibility;Agriculture,true,Available,Weekday evenings,Hybrid,Kolkata,English;Hindi;Tamil,https://github.com/bridgeup-demo/poulomi-chatterjee-1517,https://www.linkedin.com/in/poulomi-chatterjee-1517,3rd year Electronics and Communication Engineering student interested in Accessibility and collaborative hackathon teams.,Verified,Platform members,Yes,4.5,82,2026-07-10T10:00:00Z
1518,usr-stu-1518,Dev Dhar,student1518@bridgeup.example,Male,4,IIT Kharagpur,IITKGP,1,2030,B.Tech,CSE (AI and ML),9.76,AI / Machine Learning,Build expertise in AI / Machine Learning and contribute to impactful technology projects,Computer Vision,Computer Vision;Machine Learning;Pandas;TensorFlow;Deep Learning;Swift;OpenCV;LangChain;Go,Mobile App Developer;Embedded Systems Engineer,0,0,0,6,6,AI for Social Good;EdTech,true,Available,Flexible,Any,Kolkata,English;Bengali,https://github.com/bridgeup-demo/dev-kar-1518,https://www.linkedin.com/in/dev-kar-1518,1st year CSE (AI and ML) student interested in AI for Social Good and collaborative hackathon teams.,Verified,Platform members,Yes,4.1,91,2026-06-18T10:00:00Z
1519,usr-stu-1519,Utsav Sarkar,student1519@bridgeup.example,Male,4,IIT Kharagpur,IITKGP,3,2028,B.Tech,Electrical Engineering,9.59,Hardware / Energy,Build expertise in Hardware / Energy and contribute to impactful technology projects,AutoCAD,AutoCAD;MATLAB;Power Systems;Circuit Design;Control Systems;Renewable Energy;Rust;Redis,Mobile App Developer;Pitch and Presentation Lead,6,0,0,9,7,Disaster Management;IoT,true,Available,Weekends,Hybrid,Kolkata,English;Bengali;Odia,https://github.com/bridgeup-demo/utsav-mukherjee-1519,https://www.linkedin.com/in/utsav-mukherjee-1519,3rd year Electrical Engineering student interested in Disaster Management and collaborative hackathon teams.,Verified,Platform members,Yes,4.5,73,2026-06-23T10:00:00Z
1520,usr-stu-1520,Shivam Dey,student1520@bridgeup.example,Male,4,IIT Kharagpur,IITKGP,2,2029,B.Tech,CSE (AI and ML),8.97,AI / Machine Learning,Build expertise in AI / Machine Learning and contribute to impactful technology projects,Python,Python;Machine Learning;Pandas;TensorFlow;PyTorch;Kubernetes;Cybersecurity;Next.js,Frontend Developer;UI/UX Designer,8,1,1,8,1,Cybersecurity;Agriculture,true,Available,Weekend mornings,Remote,Kolkata,English;Hindi;Tamil,https://github.com/bridgeup-demo/shivam-roy-1520,https://www.linkedin.com/in/shivam-roy-1520,2nd year CSE (AI and ML) student interested in Cybersecurity and collaborative hackathon teams.,Verified,Platform members,Yes,4.5,70,2026-03-25T10:00:00Z
1521,usr-stu-1521,Ananya Majumdar,student1521@bridgeup.example,Female,4,IIT Kharagpur,IITKGP,2,2029,B.Tech,CSE (IoT),9.25,IoT / Embedded Systems,Build expertise in IoT / Embedded Systems and contribute to impactful technology projects,ESP32,ESP32;Arduino;C++;MQTT;PCB Design;C;Kubernetes;Django;OpenCV;Kotlin,Embedded Systems Engineer;UI/UX Designer,1,0,0,4,1,Web3;FinTech,false,Available,Weekend mornings,Remote,Kolkata,English;Hindi;Bengali,https://github.com/bridgeup-demo/ananya-saha-1521,https://www.linkedin.com/in/ananya-saha-1521,2nd year CSE (IoT) student interested in Web3 and collaborative hackathon teams.,Verified,Platform members,Yes,3.7,76,2026-05-25T10:00:00Z
1522,usr-stu-1522,Tania Paul,student1522@bridgeup.example,Female,4,IIT Kharagpur,IITKGP,3,2028,B.Tech,Electronics and Communication Engineering,9.53,Embedded / Robotics,Build expertise in Embedded / Robotics and contribute to impactful technology projects,Embedded Systems,Embedded Systems;MATLAB;C;Verilog;Arduino;Signal Processing;Figma;OpenCV,Mobile App Developer;Data Scientist,3,1,1,9,1,IoT;EdTech,true,Available,Flexible,Remote,Kolkata,English;Hindi;Bengali,https://github.com/bridgeup-demo/tania-paul-1522,https://www.linkedin.com/in/tania-paul-1522,3rd year Electronics and Communication Engineering student interested in IoT and collaborative hackathon teams.,Verified,Platform members,Yes,3.9,74,2026-03-22T10:00:00Z
1523,usr-stu-1523,Sohini Karmakar,student1523@bridgeup.example,Female,4,IIT Kharagpur,IITKGP,3,2028,B.Tech,Information Technology,9.23,Web / Cloud,Build expertise in Web / Cloud and contribute to impactful technology projects,Node.js,Node.js;PostgreSQL;JavaScript;React;Docker;Blockchain;Django;Next.js;Generative AI,Business Analyst;Data Scientist,5,1,0,6,1,Web3;Disaster Management,true,Available,Flexible,Any,Kolkata,English;Hindi,https://github.com/bridgeup-demo/sohini-chakraborty-1523,https://www.linkedin.com/in/sohini-chakraborty-1523,3rd year Information Technology student interested in Web3 and collaborative hackathon teams.,Verified,Platform members,Yes,4.3,70,2026-07-25T10:00:00Z
1524,usr-stu-1524,Ishita Banerjee,student1524@bridgeup.example,Female,4,IIT Kharagpur,IITKGP,1,2030,B.Tech,CSE (AI and ML),6.78,AI / Machine Learning,Build expertise in AI / Machine Learning and contribute to impactful technology projects,PyTorch,PyTorch;NLP;Machine Learning;Python;Cybersecurity;Redis;Kotlin,Researcher;Full Stack Developer,6,3,0,0,0,Disaster Management;Smart Cities,true,Available,Weekday evenings,Hybrid,Kolkata,English;Hindi,https://github.com/bridgeup-demo/ishita-bhattacharya-1524,https://www.linkedin.com/in/ishita-bhattacharya-1524,1st year CSE (AI and ML) student interested in Disaster Management and collaborative hackathon teams.,Verified,Platform members,Yes,4.4,93,2026-09-01T10:00:00Z
1525,usr-stu-1525,Sanjana Chatterjee,student1525@bridgeup.example,Female,4,IIT Kharagpur,IITKGP,1,2030,B.Tech,Computer Science and Engineering,6.91,Software Engineering,Build expertise in Software Engineering and contribute to impactful technology projects,System Design,System Design;Git;Python;Java;Generative AI;Azure;Figma,Pitch and Presentation Lead;Researcher,8,4,0,6,2,Robotics;FinTech,true,Available,Friday and weekends,Any,Kolkata,English;Hindi,https://github.com/bridgeup-demo/sanjana-basu-1525,https://www.linkedin.com/in/sanjana-basu-1525,1st year Computer Science and Engineering student interested in Robotics and collaborative hackathon teams.,Verified,Platform members,Yes,4.1,81,2026-09-03T10:00:00Z
1526,usr-stu-1526,Swastika Guha,student1526@bridgeup.example,Female,4,IIT Kharagpur,IITKGP,3,2028,B.Tech,CSE (AI and ML),7.18,AI / Machine Learning,Build expertise in AI / Machine Learning and contribute to impactful technology projects,Machine Learning,Machine Learning;Pandas;Deep Learning;PyTorch;TensorFlow;Solidity;FastAPI,Pitch and Presentation Lead;Business Analyst,5,0,0,6,1,EdTech;Accessibility,true,Available,Weekday evenings,In-person,Kolkata,English;Hindi;Bengali,https://github.com/bridgeup-demo/swastika-dhar-1526,https://www.linkedin.com/in/swastika-dhar-1526,3rd year CSE (AI and ML) student interested in EdTech and collaborative hackathon teams.,Verified,Platform members,Yes,4.9,79,2026-09-09T10:00:00Z
1527,usr-stu-1527,Rian Sarkar,student1527@bridgeup.example,Non-binary,4,IIT Kharagpur,IITKGP,2,2029,B.Tech,Electronics and Communication Engineering,7.17,Embedded / Robotics,Build expertise in Embedded / Robotics and contribute to impactful technology projects,Verilog,Verilog;Arduino;Embedded Systems;ROS;GCP;Blockchain;Firebase,Embedded Systems Engineer;Data Scientist,8,0,0,2,0,Open Innovation;Sustainability,true,Available,Flexible,Any,Kolkata,English;Bengali,https://github.com/bridgeup-demo/rian-bose-1527,https://www.linkedin.com/in/rian-bose-1527,2nd year Electronics and Communication Engineering student interested in Open Innovation and collaborative hackathon teams.,Verified,Platform members,Yes,4.5,70,2026-06-23T10:00:00Z
1528,usr-stu-1528,Trisha Mitra,student1528@bridgeup.example,Female,4,IIT Kharagpur,IITKGP,4,2027,B.Tech,Information Technology,8.90,Web / Cloud,Build expertise in Web / Cloud and contribute to impactful technology projects,React,React;AWS;TypeScript;Docker;Node.js;Linux;Redis;FastAPI;Cybersecurity,Researcher;ML Engineer,7,0,0,3,1,Healthcare;Open Innovation,true,Available,Weekday evenings,Remote,Kolkata,English;Bengali,https://github.com/bridgeup-demo/trisha-lahiri-1528,https://www.linkedin.com/in/trisha-lahiri-1528,4th year Information Technology student interested in Healthcare and collaborative hackathon teams.,Verified,Platform members,Yes,4.4,70,2026-03-03T10:00:00Z
1529,usr-stu-1529,Neha Sarkar,student1529@bridgeup.example,Female,4,IIT Kharagpur,IITKGP,3,2028,B.Tech,CSE (AI and ML),6.60,AI / Machine Learning,Build expertise in AI / Machine Learning and contribute to impactful technology projects,PyTorch,PyTorch;Computer Vision;Deep Learning;TensorFlow;Python;Pandas;GraphQL;Swift;REST APIs,Researcher;ML Engineer,8,0,0,2,1,IoT;EdTech,true,Available,Friday and weekends,Hybrid,Kolkata,English;Bengali,https://github.com/bridgeup-demo/neha-mitra-1529,https://www.linkedin.com/in/neha-mitra-1529,3rd year CSE (AI and ML) student interested in IoT and collaborative hackathon teams.,Verified,Platform members,Yes,3.7,85,2026-09-15T10:00:00Z
1530,usr-stu-1530,Neha Dey,student1530@bridgeup.example,Female,4,IIT Kharagpur,IITKGP,4,2027,B.Tech,Electronics and Communication Engineering,8.86,Embedded / Robotics,Build expertise in Embedded / Robotics and contribute to impactful technology projects,Verilog,Verilog;MATLAB;Robotics;ROS;Generative AI;GCP;Next.js;Rust,Robotics Engineer;Full Stack Developer,6,3,0,6,2,Healthcare;AI for Social Good,true,Available,Weekend mornings,In-person,Kolkata,English;Bengali;Odia,https://github.com/bridgeup-demo/neha-mukherjee-1530,https://www.linkedin.com/in/neha-mukherjee-1530,4th year Electronics and Communication Engineering student interested in Healthcare and collaborative hackathon teams.,Verified,Platform members,Yes,4.9,72,2026-07-15T10:00:00Z
1531,usr-stu-1531,Avery Chatterjee,student1531@bridgeup.example,Prefer not to say,4,IIT Kharagpur,IITKGP,1,2030,B.Tech,Electrical Engineering,8.04,Hardware / Energy,Build expertise in Hardware / Energy and contribute to impactful technology projects,AutoCAD,AutoCAD;Control Systems;Python;Power Systems;Kotlin;OpenCV;UI/UX;GraphQL,Embedded Systems Engineer;Data Scientist,3,1,1,0,0,Robotics;Accessibility,false,Available,Friday and weekends,Remote,Kolkata,English;Hindi,https://github.com/bridgeup-demo/avery-mitra-1531,https://www.linkedin.com/in/avery-mitra-1531,1st year Electrical Engineering student interested in Robotics and collaborative hackathon teams.,Verified,Platform members,Yes,4.0,84,2026-01-06T10:00:00Z
1532,usr-stu-1532,Sneha Basu,student1532@bridgeup.example,Female,4,IIT Kharagpur,IITKGP,2,2029,B.Sc.,Data Science,9.29,Data Science,Build expertise in Data Science and contribute to impactful technology projects,NumPy,NumPy;Python;Pandas;SQL;UI/UX;Kubernetes;GCP;MongoDB,Backend Developer;Data Scientist,1,1,0,8,0,Disaster Management;Robotics,true,Available,Weekday evenings,Any,Kolkata,English;Hindi;Tamil,https://github.com/bridgeup-demo/sneha-paul-1532,https://www.linkedin.com/in/sneha-paul-1532,2nd year Data Science student interested in Disaster Management and collaborative hackathon teams.,Verified,Platform members,Yes,3.9,71,2026-03-08T10:00:00Z
1533,usr-stu-1533,Arjun Chakraborty,student1533@bridgeup.example,Male,4,IIT Kharagpur,IITKGP,2,2029,B.Tech,Electrical Engineering,8.19,Hardware / Energy,Build expertise in Hardware / Energy and contribute to impactful technology projects,Power Systems,Power Systems;Circuit Design;Renewable Energy;IoT;Redis;Linux;FastAPI,Researcher;Cloud/DevOps Engineer,5,1,0,2,1,Smart Cities;Disaster Management,true,Available,Flexible,Hybrid,Kolkata,English;Hindi;Tamil,https://github.com/bridgeup-demo/arjun-bose-1533,https://www.linkedin.com/in/arjun-bose-1533,2nd year Electrical Engineering student interested in Smart Cities and collaborative hackathon teams.,Verified,Platform members,Yes,4.0,93,2026-04-25T10:00:00Z
1534,usr-stu-1534,Ayan Sarkar,student1534@bridgeup.example,Male,4,IIT Kharagpur,IITKGP,3,2028,B.Sc.,Data Science,7.12,Data Science,Build expertise in Data Science and contribute to impactful technology projects,NumPy,NumPy;Tableau;Machine Learning;SQL;Power BI;GCP;Linux,Full Stack Developer;Product Manager,2,1,0,7,2,FinTech;AI for Social Good,true,Available,Weekend mornings,Any,Kolkata,English;Hindi;Tamil,https://github.com/bridgeup-demo/ayan-das-1534,https://www.linkedin.com/in/ayan-das-1534,3rd year Data Science student interested in FinTech and collaborative hackathon teams.,Verified,Platform members,Yes,4.7,77,2026-09-19T10:00:00Z
1535,usr-stu-1535,Roshni Basu,student1535@bridgeup.example,Female,4,IIT Kharagpur,IITKGP,1,2030,B.Tech,Computer Science and Engineering,7.19,Software Engineering,Build expertise in Software Engineering and contribute to impactful technology projects,Algorithms,Algorithms;Python;System Design;Java;GCP;Swift;Rust;Firebase,Product Manager;Business Analyst,2,2,2,3,1,Sustainability;Robotics,false,Available,Weekend mornings,Remote,Kolkata,English;Bengali;Odia,https://github.com/bridgeup-demo/roshni-banerjee-1535,https://www.linkedin.com/in/roshni-banerjee-1535,1st year Computer Science and Engineering student interested in Sustainability and collaborative hackathon teams.,Verified,Platform members,Yes,4.8,72,2026-03-21T10:00:00Z
1536,usr-stu-1536,Sayan Dey,student1536@bridgeup.example,Male,4,IIT Kharagpur,IITKGP,2,2029,B.Tech,CSE (IoT),8.05,IoT / Embedded Systems,Build expertise in IoT / Embedded Systems and contribute to impactful technology projects,PCB Design,PCB Design;C;Arduino;IoT;UI/UX;Figma;Flutter;LangChain,Business Analyst;Researcher,8,0,0,8,4,FinTech;Disaster Management,true,Available,Flexible,Any,Kolkata,English;Hindi;Tamil,https://github.com/bridgeup-demo/sayan-singh-1536,https://www.linkedin.com/in/sayan-singh-1536,2nd year CSE (IoT) student interested in FinTech and collaborative hackathon teams.,Verified,Platform members,Yes,4.8,78,2026-03-04T10:00:00Z
1537,usr-stu-1537,Milan Ghosh,student1537@bridgeup.example,Non-binary,4,IIT Kharagpur,IITKGP,1,2030,BBA,Business Administration,7.12,Product / Business,Build expertise in Product / Business and contribute to impactful technology projects,Agile,Agile;Communication;Market Research;Business Analysis;Kotlin;GCP;LangChain,Full Stack Developer;Cloud/DevOps Engineer,7,4,0,4,2,Agriculture;EdTech,true,Available,Friday and weekends,Hybrid,Kolkata,English;Hindi;Bengali,https://github.com/bridgeup-demo/milan-sen-1537,https://www.linkedin.com/in/milan-sen-1537,1st year Business Administration student interested in Agriculture and collaborative hackathon teams.,Verified,Platform members,Yes,3.9,83,2026-06-23T10:00:00Z
1538,usr-stu-1538,Ishita Singh,student1538@bridgeup.example,Female,4,IIT Kharagpur,IITKGP,3,2028,B.Tech,Information Technology,6.62,Web / Cloud,Build expertise in Web / Cloud and contribute to impactful technology projects,Node.js,Node.js;Express;JavaScript;React;TypeScript;Firebase;GraphQL;Next.js;Swift,ML Engineer;Backend Developer,3,2,0,8,3,IoT;AI for Social Good,true,Available,Flexible,In-person,Kolkata,English;Bengali,https://github.com/bridgeup-demo/ishita-paul-1538,https://www.linkedin.com/in/ishita-paul-1538,3rd year Information Technology student interested in IoT and collaborative hackathon teams.,Verified,Platform members,Yes,4.5,80,2026-07-14T10:00:00Z
1539,usr-stu-1539,Subhajit Chakraborty,student1539@bridgeup.example,Male,4,IIT Kharagpur,IITKGP,2,2029,B.Tech,Computer Science and Engineering,8.14,Software Engineering,Build expertise in Software Engineering and contribute to impactful technology projects,Java,Java;SQL;C++;Python;Git;System Design;Linux;Scikit-learn;Solidity;Cybersecurity,Backend Developer;Robotics Engineer,7,3,0,8,0,Healthcare;Sustainability,true,Available,Friday and weekends,Any,Kolkata,English;Hindi,https://github.com/bridgeup-demo/subhajit-basu-1539,https://www.linkedin.com/in/subhajit-basu-1539,2nd year Computer Science and Engineering student interested in Healthcare and collaborative hackathon teams.,Verified,Platform members,Yes,4.6,80,2026-08-08T10:00:00Z
1540,usr-stu-1540,Dev Saha,student1540@bridgeup.example,Male,4,IIT Kharagpur,IITKGP,1,2030,BBA,Business Administration,6.62,Product / Business,Build expertise in Product / Business and contribute to impactful technology projects,Figma,Figma;Business Analysis;Communication;Product Management;Spring Boot;UI/UX,Mobile App Developer;ML Engineer,3,0,0,0,0,Smart Cities;Sustainability,false,Available,Flexible,Any,Kolkata,English;Bengali,https://github.com/bridgeup-demo/dev-dey-1540,https://www.linkedin.com/in/dev-dey-1540,1st year Business Administration student interested in Smart Cities and collaborative hackathon teams.,Verified,Platform members,Yes,4.2,83,2026-04-26T10:00:00Z
1541,usr-stu-1541,Shreya Nandi,student1541@bridgeup.example,Female,4,IIT Kharagpur,IITKGP,1,2030,B.Tech,CSE (IoT),9.79,IoT / Embedded Systems,Build expertise in IoT / Embedded Systems and contribute to impactful technology projects,C++,C++;MQTT;C;Arduino;IoT;Kubernetes;Flutter;Blockchain,Cloud/DevOps Engineer;Data Scientist,4,4,0,7,2,EdTech;Disaster Management,true,Available,Weekday evenings,Hybrid,Kolkata,English;Hindi;Tamil,https://github.com/bridgeup-demo/shreya-mitra-1541,https://www.linkedin.com/in/shreya-mitra-1541,1st year CSE (IoT) student interested in EdTech and collaborative hackathon teams.,Verified,Platform members,Yes,3.5,100,2026-02-22T10:00:00Z
1542,usr-stu-1542,Ritwik Bhattacharya,student1542@bridgeup.example,Male,4,IIT Kharagpur,IITKGP,2,2029,BBA,Business Administration,7.79,Product / Business,Build expertise in Product / Business and contribute to impactful technology projects,Business Analysis,Business Analysis;Market Research;Communication;Agile;OpenCV;Scikit-learn;Kubernetes,UI/UX Designer;Data Scientist,8,4,0,4,3,Cybersecurity;Disaster Management,true,Available,Friday and weekends,In-person,Kolkata,English;Bengali,https://github.com/bridgeup-demo/ritwik-mitra-1542,https://www.linkedin.com/in/ritwik-mitra-1542,2nd year Business Administration student interested in Cybersecurity and collaborative hackathon teams.,Verified,Platform members,Yes,4.9,87,2026-01-13T10:00:00Z
1543,usr-stu-1543,Koyel Roy,student1543@bridgeup.example,Female,4,IIT Kharagpur,IITKGP,3,2028,B.Tech,CSE (IoT),7.47,IoT / Embedded Systems,Build expertise in IoT / Embedded Systems and contribute to impactful technology projects,IoT,IoT;PCB Design;C++;Arduino;ESP32;Embedded Systems;Generative AI;Azure,UI/UX Designer;Mobile App Developer,4,2,0,8,5,Smart Cities;FinTech,true,Available,Weekend mornings,Hybrid,Kolkata,English;Hindi;Bengali,https://github.com/bridgeup-demo/koyel-guha-1543,https://www.linkedin.com/in/koyel-guha-1543,3rd year CSE (IoT) student interested in Smart Cities and collaborative hackathon teams.,Verified,Platform members,Yes,3.8,87,2026-06-19T10:00:00Z
1544,usr-stu-1544,Dev Karmakar,student1544@bridgeup.example,Male,4,IIT Kharagpur,IITKGP,3,2028,B.Tech,Information Technology,7.04,Web / Cloud,Build expertise in Web / Cloud and contribute to impactful technology projects,AWS,AWS;React;Docker;PostgreSQL;Express;OpenCV;Redis;Kotlin;Generative AI,Pitch and Presentation Lead;Backend Developer,4,4,0,4,3,Disaster Management;Agriculture,true,Available,Flexible,Remote,Kolkata,English;Bengali,https://github.com/bridgeup-demo/dev-bose-1544,https://www.linkedin.com/in/dev-bose-1544,3rd year Information Technology student interested in Disaster Management and collaborative hackathon teams.,Verified,Platform members,Yes,4.8,80,2026-03-03T10:00:00Z
1545,usr-stu-1545,Neha Kar,student1545@bridgeup.example,Female,4,IIT Kharagpur,IITKGP,3,2028,B.Tech,CSE (IoT),8.13,IoT / Embedded Systems,Build expertise in IoT / Embedded Systems and contribute to impactful technology projects,Embedded Systems,Embedded Systems;PCB Design;C;MQTT;C++;Go;UI/UX,Pitch and Presentation Lead;Embedded Systems Engineer,4,4,2,2,1,Robotics;IoT,true,Available,Flexible,Hybrid,Kolkata,English;Hindi;Tamil,https://github.com/bridgeup-demo/neha-roy-1545,https://www.linkedin.com/in/neha-roy-1545,3rd year CSE (IoT) student interested in Robotics and collaborative hackathon teams.,Verified,Platform members,Yes,3.7,97,2026-04-08T10:00:00Z
1546,usr-stu-1546,Debayan Paul,student1546@bridgeup.example,Male,4,IIT Kharagpur,IITKGP,4,2027,B.Tech,CSE (IoT),7.87,IoT / Embedded Systems,Build expertise in IoT / Embedded Systems and contribute to impactful technology projects,Embedded Systems,Embedded Systems;MQTT;Arduino;C;FastAPI;Linux;GCP,Mobile App Developer;Data Scientist,2,0,0,5,1,EdTech;Disaster Management,true,Available,Weekend mornings,Any,Kolkata,English;Bengali;Odia,https://github.com/bridgeup-demo/debayan-paul-1546,https://www.linkedin.com/in/debayan-paul-1546,4th year CSE (IoT) student interested in EdTech and collaborative hackathon teams.,Verified,Platform members,Yes,4.7,70,2026-07-19T10:00:00Z
1547,usr-stu-1547,Shivam Mukherjee,student1547@bridgeup.example,Male,4,IIT Kharagpur,IITKGP,2,2029,BBA,Business Administration,6.96,Product / Business,Build expertise in Product / Business and contribute to impactful technology projects,Business Analysis,Business Analysis;Figma;Communication;Excel;Generative AI;Flutter,Embedded Systems Engineer;Pitch and Presentation Lead,8,4,0,6,6,Cybersecurity;AI for Social Good,true,Available,Friday and weekends,In-person,Kolkata,English;Hindi;Bengali,https://github.com/bridgeup-demo/shivam-saha-1547,https://www.linkedin.com/in/shivam-saha-1547,2nd year Business Administration student interested in Cybersecurity and collaborative hackathon teams.,Verified,Platform members,Yes,3.5,83,2026-06-16T10:00:00Z
1548,usr-stu-1548,Sneha Karmakar,student1548@bridgeup.example,Female,4,IIT Kharagpur,IITKGP,4,2027,B.Tech,CSE (AI and ML),9.21,AI / Machine Learning,Build expertise in AI / Machine Learning and contribute to impactful technology projects,Python,Python;TensorFlow;Machine Learning;Pandas;Computer Vision;Azure;Django;REST APIs,Full Stack Developer;Cybersecurity Engineer,6,1,0,5,2,Web3;Sustainability,true,Available,Friday and weekends,Hybrid,Kolkata,English;Hindi;Tamil,https://github.com/bridgeup-demo/sneha-mukherjee-1548,https://www.linkedin.com/in/sneha-mukherjee-1548,4th year CSE (AI and ML) student interested in Web3 and collaborative hackathon teams.,Verified,Platform members,Yes,3.5,98,2026-01-20T10:00:00Z
1549,usr-stu-1549,Utsav Guha,student1549@bridgeup.example,Male,4,IIT Kharagpur,IITKGP,1,2030,B.Tech,Electronics and Communication Engineering,8.92,Embedded / Robotics,Build expertise in Embedded / Robotics and contribute to impactful technology projects,Arduino,Arduino;Verilog;ROS;Robotics;UI/UX;OpenCV;Figma;Blockchain,Cloud/DevOps Engineer;Pitch and Presentation Lead,1,0,0,5,4,Web3;Smart Cities,true,Available,Friday and weekends,Remote,Kolkata,English;Bengali,https://github.com/bridgeup-demo/utsav-pal-1549,https://www.linkedin.com/in/utsav-pal-1549,1st year Electronics and Communication Engineering student interested in Web3 and collaborative hackathon teams.,Verified,Platform members,Yes,4.1,94,2026-05-16T10:00:00Z
1550,usr-stu-1550,Aryan Mitra,student1550@bridgeup.example,Male,4,IIT Kharagpur,IITKGP,1,2030,B.Tech,Computer Science and Engineering,8.15,Software Engineering,Build expertise in Software Engineering and contribute to impactful technology projects,Data Structures,Data Structures;SQL;C++;Java;System Design;GCP;Django;Rust,Mobile App Developer;Data Scientist,7,2,0,3,1,Open Innovation;Robotics,true,Available,Weekends,Any,Kolkata,English;Bengali,https://github.com/bridgeup-demo/aryan-kar-1550,https://www.linkedin.com/in/aryan-kar-1550,1st year Computer Science and Engineering student interested in Open Innovation and collaborative hackathon teams.,Verified,Platform members,Yes,4.2,87,2026-05-28T10:00:00Z
1551,usr-stu-1551,Pratyay Mukherjee,student1551@bridgeup.example,Male,5,NIT Durgapur,NITDGP,1,2030,B.Tech,Electronics and Communication Engineering,7.03,Embedded / Robotics,Build expertise in Embedded / Robotics and contribute to impactful technology projects,Embedded Systems,Embedded Systems;Verilog;MATLAB;ROS;Arduino;Firebase;Generative AI;Rust;Kubernetes,Embedded Systems Engineer;Product Manager,2,2,0,5,3,Smart Cities;Disaster Management,true,Available,Weekends,Any,Kolkata,English;Bengali,https://github.com/bridgeup-demo/pratyay-bose-1551,https://www.linkedin.com/in/pratyay-bose-1551,1st year Electronics and Communication Engineering student interested in Smart Cities and collaborative hackathon teams.,Verified,Platform members,Yes,4.3,74,2026-04-13T10:00:00Z
1552,usr-stu-1552,Arjun Roy,student1552@bridgeup.example,Male,5,NIT Durgapur,NITDGP,3,2028,B.Tech,CSE (AI and ML),9.44,AI / Machine Learning,Build expertise in AI / Machine Learning and contribute to impactful technology projects,TensorFlow,TensorFlow;Deep Learning;Pandas;Machine Learning;PyTorch;Computer Vision;Firebase;Generative AI;Flutter,Cybersecurity Engineer;Product Manager,5,3,0,6,4,IoT;Agriculture,true,Available,Weekends,In-person,Kolkata,English;Bengali;Odia,https://github.com/bridgeup-demo/arjun-dey-1552,https://www.linkedin.com/in/arjun-dey-1552,3rd year CSE (AI and ML) student interested in IoT and collaborative hackathon teams.,Verified,Platform members,Yes,3.6,96,2026-03-24T10:00:00Z
1553,usr-stu-1553,Neha Pal,student1553@bridgeup.example,Female,5,NIT Durgapur,NITDGP,4,2027,B.Tech,CSE (AI and ML),9.47,AI / Machine Learning,Build expertise in AI / Machine Learning and contribute to impactful technology projects,Deep Learning,Deep Learning;Machine Learning;TensorFlow;PyTorch;Firebase;Generative AI;Figma;Swift,Mobile App Developer;Cloud/DevOps Engineer,7,3,2,4,0,FinTech;IoT,true,Available,Weekend mornings,Any,Kolkata,English;Hindi;Bengali,https://github.com/bridgeup-demo/neha-bhattacharya-1553,https://www.linkedin.com/in/neha-bhattacharya-1553,4th year CSE (AI and ML) student interested in FinTech and collaborative hackathon teams.,Verified,Platform members,Yes,4.7,90,2026-09-22T10:00:00Z
1554,usr-stu-1554,Aditya Dey,student1554@bridgeup.example,Male,5,NIT Durgapur,NITDGP,4,2027,B.Sc.,Data Science,7.97,Data Science,Build expertise in Data Science and contribute to impactful technology projects,SQL,SQL;Machine Learning;NumPy;Tableau;Pandas;Power BI;Redis;Kubernetes;REST APIs,Full Stack Developer;Mobile App Developer,3,1,0,9,8,Agriculture;Healthcare,true,Available,Flexible,Hybrid,Kolkata,English;Hindi;Tamil,https://github.com/bridgeup-demo/aditya-roy-1554,https://www.linkedin.com/in/aditya-roy-1554,4th year Data Science student interested in Agriculture and collaborative hackathon teams.,Verified,Platform members,Yes,4.8,83,2026-03-18T10:00:00Z
1555,usr-stu-1555,Ishita Lahiri,student1555@bridgeup.example,Female,5,NIT Durgapur,NITDGP,3,2028,B.Tech,Information Technology,8.74,Web / Cloud,Build expertise in Web / Cloud and contribute to impactful technology projects,Node.js,Node.js;React;Docker;Express;JavaScript;AWS;Cybersecurity;Azure;Figma,Cloud/DevOps Engineer;Mobile App Developer,1,1,1,8,2,EdTech;FinTech,true,Available,Weekends,Any,Kolkata,English;Bengali,https://github.com/bridgeup-demo/ishita-ghosh-1555,https://www.linkedin.com/in/ishita-ghosh-1555,3rd year Information Technology student interested in EdTech and collaborative hackathon teams.,Verified,Platform members,Yes,4.3,94,2026-08-01T10:00:00Z
1556,usr-stu-1556,Aditi Sen,student1556@bridgeup.example,Female,5,NIT Durgapur,NITDGP,1,2030,B.Sc.,Data Science,7.14,Data Science,Build expertise in Data Science and contribute to impactful technology projects,Machine Learning,Machine Learning;Power BI;SQL;Python;Statistics;Tableau;Blockchain;Figma;Solidity;UI/UX,UI/UX Designer;Data Scientist,4,4,0,0,0,IoT;FinTech,true,Available,Weekend mornings,Remote,Kolkata,English;Hindi,https://github.com/bridgeup-demo/aditi-nandi-1556,https://www.linkedin.com/in/aditi-nandi-1556,1st year Data Science student interested in IoT and collaborative hackathon teams.,Verified,Platform members,Yes,3.9,100,2026-03-10T10:00:00Z
1557,usr-stu-1557,Arpita Ghosh,student1557@bridgeup.example,Female,5,NIT Durgapur,NITDGP,1,2030,B.Tech,CSE (IoT),7.76,IoT / Embedded Systems,Build expertise in IoT / Embedded Systems and contribute to impactful technology projects,C,C;Arduino;MQTT;C++;Flutter;GraphQL;Figma;Solidity,Cloud/DevOps Engineer;Cybersecurity Engineer,4,1,0,4,4,Agriculture;Disaster Management,true,Available,Weekday evenings,Any,Kolkata,English;Hindi;Bengali,https://github.com/bridgeup-demo/arpita-chatterjee-1557,https://www.linkedin.com/in/arpita-chatterjee-1557,1st year CSE (IoT) student interested in Agriculture and collaborative hackathon teams.,Verified,Platform members,Yes,3.7,76,2026-08-08T10:00:00Z
1558,usr-stu-1558,Aditi Mitra,student1558@bridgeup.example,Female,5,NIT Durgapur,NITDGP,3,2028,B.Tech,Computer Science and Engineering,9.12,Software Engineering,Build expertise in Software Engineering and contribute to impactful technology projects,Data Structures,Data Structures;System Design;Python;Java;Algorithms;SQL;GraphQL;Blockchain;LangChain,Pitch and Presentation Lead;Full Stack Developer,8,3,1,5,2,IoT;Open Innovation,true,Available,Friday and weekends,Hybrid,Kolkata,English;Bengali,https://github.com/bridgeup-demo/aditi-dhar-1558,https://www.linkedin.com/in/aditi-dhar-1558,3rd year Computer Science and Engineering student interested in IoT and collaborative hackathon teams.,Verified,Platform members,Yes,4.9,89,2026-09-27T10:00:00Z
1559,usr-stu-1559,Shreya Roy,student1559@bridgeup.example,Female,5,NIT Durgapur,NITDGP,2,2029,B.Sc.,Data Science,7.08,Data Science,Build expertise in Data Science and contribute to impactful technology projects,Power BI,Power BI;Statistics;Machine Learning;SQL;LangChain;Solidity;Django;Go,Pitch and Presentation Lead;Full Stack Developer,7,4,0,3,0,Robotics;AI for Social Good,true,Available,Weekday evenings,Remote,Kolkata,English;Hindi,https://github.com/bridgeup-demo/shreya-saha-1559,https://www.linkedin.com/in/shreya-saha-1559,2nd year Data Science student interested in Robotics and collaborative hackathon teams.,Verified,Platform members,Yes,3.5,73,2026-09-26T10:00:00Z
1560,usr-stu-1560,Sagnik Sarkar,student1560@bridgeup.example,Male,5,NIT Durgapur,NITDGP,4,2027,B.Tech,Computer Science and Engineering,8.08,Software Engineering,Build expertise in Software Engineering and contribute to impactful technology projects,Data Structures,Data Structures;Algorithms;SQL;Java;Redis;Figma,Pitch and Presentation Lead;Frontend Developer,4,4,0,7,2,AI for Social Good;IoT,true,Available,Flexible,In-person,Kolkata,English;Hindi;Tamil,https://github.com/bridgeup-demo/sagnik-basu-1560,https://www.linkedin.com/in/sagnik-basu-1560,4th year Computer Science and Engineering student interested in AI for Social Good and collaborative hackathon teams.,Verified,Platform members,Yes,4.3,71,2026-05-20T10:00:00Z
1561,usr-stu-1561,Ishaan Dey,student1561@bridgeup.example,Male,5,NIT Durgapur,NITDGP,3,2028,BBA,Business Administration,7.75,Product / Business,Build expertise in Product / Business and contribute to impactful technology projects,SQL,SQL;Agile;Product Management;Figma;Communication;Business Analysis;Spring Boot;Redis;Linux;MongoDB,Product Manager;Mobile App Developer,5,4,0,2,2,Web3;Open Innovation,true,Available,Friday and weekends,Hybrid,Kolkata,English;Hindi;Tamil,https://github.com/bridgeup-demo/ishaan-singh-1561,https://www.linkedin.com/in/ishaan-singh-1561,3rd year Business Administration student interested in Web3 and collaborative hackathon teams.,Verified,Platform members,Yes,4.4,75,2026-06-21T10:00:00Z
1562,usr-stu-1562,Aryan Ghosh,student1562@bridgeup.example,Male,5,NIT Durgapur,NITDGP,1,2030,B.Tech,CSE (AI and ML),7.41,AI / Machine Learning,Build expertise in AI / Machine Learning and contribute to impactful technology projects,Python,Python;Computer Vision;NLP;Deep Learning;Scikit-learn;Go,Business Analyst;Researcher,5,3,2,2,0,EdTech;Sustainability,true,Available,Weekend mornings,Remote,Kolkata,English;Hindi,https://github.com/bridgeup-demo/aryan-guha-1562,https://www.linkedin.com/in/aryan-guha-1562,1st year CSE (AI and ML) student interested in EdTech and collaborative hackathon teams.,Verified,Platform members,Yes,4.7,94,2026-03-22T10:00:00Z
1563,usr-stu-1563,Arpita Majumdar,student1563@bridgeup.example,Female,5,NIT Durgapur,NITDGP,3,2028,B.Tech,Electrical Engineering,9.52,Hardware / Energy,Build expertise in Hardware / Energy and contribute to impactful technology projects,AutoCAD,AutoCAD;IoT;MATLAB;Circuit Design;GraphQL;Azure;UI/UX,Backend Developer;Frontend Developer,4,0,0,3,1,FinTech;Smart Cities,true,Available,Flexible,Hybrid,Kolkata,English;Bengali,https://github.com/bridgeup-demo/arpita-kar-1563,https://www.linkedin.com/in/arpita-kar-1563,3rd year Electrical Engineering student interested in FinTech and collaborative hackathon teams.,Verified,Platform members,Yes,5.0,89,2026-06-10T10:00:00Z
1564,usr-stu-1564,Utsav Basu,student1564@bridgeup.example,Male,5,NIT Durgapur,NITDGP,1,2030,B.Tech,Information Technology,9.07,Web / Cloud,Build expertise in Web / Cloud and contribute to impactful technology projects,Node.js,Node.js;TypeScript;JavaScript;React;Express;Kotlin;LangChain,Embedded Systems Engineer;Robotics Engineer,3,2,0,7,7,Healthcare;Smart Cities,true,Available,Weekend mornings,Remote,Kolkata,English;Bengali;Odia,https://github.com/bridgeup-demo/utsav-das-1564,https://www.linkedin.com/in/utsav-das-1564,1st year Information Technology student interested in Healthcare and collaborative hackathon teams.,Verified,Platform members,Yes,4.1,70,2026-02-11T10:00:00Z
1565,usr-stu-1565,Roshni Banerjee,student1565@bridgeup.example,Female,5,NIT Durgapur,NITDGP,4,2027,B.Tech,Computer Science and Engineering,7.83,Software Engineering,Build expertise in Software Engineering and contribute to impactful technology projects,System Design,System Design;Python;C++;Data Structures;SQL;Git;FastAPI;Solidity;UI/UX,Cloud/DevOps Engineer;Cybersecurity Engineer,8,4,2,8,7,AI for Social Good;Healthcare,true,Available,Weekday evenings,Any,Kolkata,English;Bengali,https://github.com/bridgeup-demo/roshni-mukherjee-1565,https://www.linkedin.com/in/roshni-mukherjee-1565,4th year Computer Science and Engineering student interested in AI for Social Good and collaborative hackathon teams.,Verified,Platform members,Yes,4.6,75,2026-05-23T10:00:00Z
1566,usr-stu-1566,Arpita Banerjee,student1566@bridgeup.example,Female,5,NIT Durgapur,NITDGP,2,2029,B.Tech,Electrical Engineering,9.79,Hardware / Energy,Build expertise in Hardware / Energy and contribute to impactful technology projects,Python,Python;AutoCAD;IoT;Renewable Energy;Control Systems;Power Systems;FastAPI;GCP,Full Stack Developer;Business Analyst,7,2,0,7,6,Sustainability;Open Innovation,true,Available,Flexible,Remote,Kolkata,English;Bengali,https://github.com/bridgeup-demo/arpita-sen-1566,https://www.linkedin.com/in/arpita-sen-1566,2nd year Electrical Engineering student interested in Sustainability and collaborative hackathon teams.,Verified,Platform members,Yes,3.9,70,2026-08-07T10:00:00Z
1567,usr-stu-1567,Sneha Bhattacharya,student1567@bridgeup.example,Female,5,NIT Durgapur,NITDGP,2,2029,B.Tech,Electronics and Communication Engineering,9.43,Embedded / Robotics,Build expertise in Embedded / Robotics and contribute to impactful technology projects,ROS,ROS;Signal Processing;C;Arduino;GraphQL;OpenCV;Next.js;Django,UI/UX Designer;Researcher,4,0,0,6,3,Sustainability;Web3,true,Available,Friday and weekends,Remote,Kolkata,English;Hindi;Bengali,https://github.com/bridgeup-demo/sneha-mitra-1567,https://www.linkedin.com/in/sneha-mitra-1567,2nd year Electronics and Communication Engineering student interested in Sustainability and collaborative hackathon teams.,Verified,Platform members,Yes,3.6,84,2026-03-26T10:00:00Z
1568,usr-stu-1568,Sanjana Kar,student1568@bridgeup.example,Female,5,NIT Durgapur,NITDGP,2,2029,B.Tech,CSE (IoT),6.62,IoT / Embedded Systems,Build expertise in IoT / Embedded Systems and contribute to impactful technology projects,Embedded Systems,Embedded Systems;MQTT;IoT;ESP32;PCB Design;C;Redis;REST APIs;Go,Business Analyst;UI/UX Designer,1,1,0,7,5,AI for Social Good;Cybersecurity,true,Available,Friday and weekends,Remote,Kolkata,English;Hindi;Bengali,https://github.com/bridgeup-demo/sanjana-bose-1568,https://www.linkedin.com/in/sanjana-bose-1568,2nd year CSE (IoT) student interested in AI for Social Good and collaborative hackathon teams.,Verified,Platform members,Yes,4.6,100,2026-03-26T10:00:00Z
1569,usr-stu-1569,Kiran Banerjee,student1569@bridgeup.example,Non-binary,5,NIT Durgapur,NITDGP,2,2029,B.Tech,Electrical Engineering,7.23,Hardware / Energy,Build expertise in Hardware / Energy and contribute to impactful technology projects,Control Systems,Control Systems;Renewable Energy;MATLAB;IoT;OpenCV;Blockchain;Next.js,Business Analyst;Researcher,7,4,1,6,1,Sustainability;IoT,true,Available,Flexible,Remote,Kolkata,English;Hindi;Tamil,https://github.com/bridgeup-demo/kiran-saha-1569,https://www.linkedin.com/in/kiran-saha-1569,2nd year Electrical Engineering student interested in Sustainability and collaborative hackathon teams.,Verified,Platform members,Yes,4.5,90,2026-09-10T10:00:00Z
1570,usr-stu-1570,Arpita Nandi,student1570@bridgeup.example,Female,5,NIT Durgapur,NITDGP,1,2030,B.Tech,Electrical Engineering,8.96,Hardware / Energy,Build expertise in Hardware / Energy and contribute to impactful technology projects,Renewable Energy,Renewable Energy;Power Systems;MATLAB;IoT;AutoCAD;Control Systems;FastAPI;Cybersecurity;Linux;Solidity,Cybersecurity Engineer;Full Stack Developer,7,4,0,2,1,Open Innovation;EdTech,true,Available,Flexible,Remote,Kolkata,English;Hindi;Tamil,https://github.com/bridgeup-demo/arpita-pal-1570,https://www.linkedin.com/in/arpita-pal-1570,1st year Electrical Engineering student interested in Open Innovation and collaborative hackathon teams.,Verified,Platform members,Yes,3.8,80,2026-08-26T10:00:00Z
1571,usr-stu-1571,Noor Dey,student1571@bridgeup.example,Prefer not to say,5,NIT Durgapur,NITDGP,3,2028,B.Tech,Information Technology,8.55,Web / Cloud,Build expertise in Web / Cloud and contribute to impactful technology projects,TypeScript,TypeScript;Docker;PostgreSQL;Node.js;JavaScript;React;Kotlin;Generative AI;Spring Boot,ML Engineer;Product Manager,3,3,0,8,1,EdTech;Healthcare,true,Available,Weekends,Hybrid,Kolkata,English;Bengali,https://github.com/bridgeup-demo/noor-basu-1571,https://www.linkedin.com/in/noor-basu-1571,3rd year Information Technology student interested in EdTech and collaborative hackathon teams.,Verified,Platform members,Yes,4.2,71,2026-06-25T10:00:00Z
1572,usr-stu-1572,Soumyadeep Lahiri,student1572@bridgeup.example,Male,5,NIT Durgapur,NITDGP,1,2030,B.Tech,Electronics and Communication Engineering,7.90,Embedded / Robotics,Build expertise in Embedded / Robotics and contribute to impactful technology projects,Signal Processing,Signal Processing;MATLAB;ROS;Embedded Systems;C;Arduino;FastAPI;REST APIs;Next.js;Generative AI,Full Stack Developer;Frontend Developer,2,2,0,2,0,Open Innovation;Accessibility,false,Available,Friday and weekends,Remote,Kolkata,English;Bengali;Odia,https://github.com/bridgeup-demo/soumyadeep-saha-1572,https://www.linkedin.com/in/soumyadeep-saha-1572,1st year Electronics and Communication Engineering student interested in Open Innovation and collaborative hackathon teams.,Verified,Platform members,Yes,4.5,91,2026-07-11T10:00:00Z
1573,usr-stu-1573,Riya Mitra,student1573@bridgeup.example,Female,5,NIT Durgapur,NITDGP,2,2029,BBA,Business Administration,8.61,Product / Business,Build expertise in Product / Business and contribute to impactful technology projects,Agile,Agile;Market Research;Communication;Figma;Excel;SQL;Scikit-learn;Solidity;Azure;GCP,Frontend Developer;Cloud/DevOps Engineer,0,0,0,3,2,Robotics;EdTech,false,Available,Weekends,Hybrid,Kolkata,English;Bengali,https://github.com/bridgeup-demo/riya-chakraborty-1573,https://www.linkedin.com/in/riya-chakraborty-1573,2nd year Business Administration student interested in Robotics and collaborative hackathon teams.,Verified,Platform members,Yes,4.0,82,2026-04-12T10:00:00Z
1574,usr-stu-1574,Trisha Mukherjee,student1574@bridgeup.example,Female,5,NIT Durgapur,NITDGP,4,2027,B.Tech,CSE (IoT),6.75,IoT / Embedded Systems,Build expertise in IoT / Embedded Systems and contribute to impactful technology projects,IoT,IoT;ESP32;C++;PCB Design;Firebase;Linux,Robotics Engineer;ML Engineer,2,0,0,4,2,IoT;FinTech,false,Available,Friday and weekends,Remote,Kolkata,English;Bengali;Odia,https://github.com/bridgeup-demo/trisha-karmakar-1574,https://www.linkedin.com/in/trisha-karmakar-1574,4th year CSE (IoT) student interested in IoT and collaborative hackathon teams.,Verified,Platform members,Yes,4.6,95,2026-08-20T10:00:00Z
1575,usr-stu-1575,Rahul Bhattacharya,student1575@bridgeup.example,Male,5,NIT Durgapur,NITDGP,3,2028,B.Sc.,Data Science,9.23,Data Science,Build expertise in Data Science and contribute to impactful technology projects,Pandas,Pandas;Tableau;NumPy;Statistics;Python;SQL;OpenCV;Firebase,Pitch and Presentation Lead;Mobile App Developer,4,4,1,8,2,Healthcare;Web3,true,Available,Flexible,Any,Kolkata,English;Hindi;Bengali,https://github.com/bridgeup-demo/rahul-bhattacharya-1575,https://www.linkedin.com/in/rahul-bhattacharya-1575,3rd year Data Science student interested in Healthcare and collaborative hackathon teams.,Verified,Platform members,Yes,4.3,70,2026-01-21T10:00:00Z
1576,usr-stu-1576,Aditi Basu,student1576@bridgeup.example,Female,5,NIT Durgapur,NITDGP,1,2030,B.Tech,Electronics and Communication Engineering,9.21,Embedded / Robotics,Build expertise in Embedded / Robotics and contribute to impactful technology projects,Signal Processing,Signal Processing;Arduino;Robotics;ROS;C;Firebase;Kotlin;FastAPI;UI/UX,Cloud/DevOps Engineer;Full Stack Developer,5,0,0,5,2,FinTech;IoT,true,Available,Friday and weekends,In-person,Kolkata,English;Hindi,https://github.com/bridgeup-demo/aditi-nandi-1576,https://www.linkedin.com/in/aditi-nandi-1576,1st year Electronics and Communication Engineering student interested in FinTech and collaborative hackathon teams.,Verified,Platform members,Yes,3.8,100,2026-03-09T10:00:00Z
1577,usr-stu-1577,Srija Majumdar,student1577@bridgeup.example,Female,5,NIT Durgapur,NITDGP,4,2027,B.Tech,CSE (AI and ML),6.59,AI / Machine Learning,Build expertise in AI / Machine Learning and contribute to impactful technology projects,Pandas,Pandas;Python;Deep Learning;Machine Learning;NLP;Redis;Linux;OpenCV,Robotics Engineer;Product Manager,5,1,0,3,0,Smart Cities;Disaster Management,true,Available,Weekend mornings,Hybrid,Kolkata,English;Bengali;Odia,https://github.com/bridgeup-demo/srija-karmakar-1577,https://www.linkedin.com/in/srija-karmakar-1577,4th year CSE (AI and ML) student interested in Smart Cities and collaborative hackathon teams.,Verified,Platform members,Yes,3.5,95,2026-07-21T10:00:00Z
1578,usr-stu-1578,Riya Chakraborty,student1578@bridgeup.example,Female,5,NIT Durgapur,NITDGP,4,2027,B.Sc.,Data Science,8.15,Data Science,Build expertise in Data Science and contribute to impactful technology projects,Power BI,Power BI;Tableau;SQL;NumPy;Python;Go;Figma;UI/UX,Cybersecurity Engineer;Researcher,8,0,0,8,7,IoT;Cybersecurity,true,Available,Friday and weekends,Any,Kolkata,English;Bengali;Odia,https://github.com/bridgeup-demo/riya-basu-1578,https://www.linkedin.com/in/riya-basu-1578,4th year Data Science student interested in IoT and collaborative hackathon teams.,Verified,Platform members,Yes,4.6,100,2026-07-12T10:00:00Z
1579,usr-stu-1579,Aritra Roy,student1579@bridgeup.example,Male,5,NIT Durgapur,NITDGP,4,2027,B.Tech,CSE (IoT),9.53,IoT / Embedded Systems,Build expertise in IoT / Embedded Systems and contribute to impactful technology projects,C++,C++;MQTT;ESP32;PCB Design;IoT;Embedded Systems;Kubernetes;LangChain;Cybersecurity,Business Analyst;Cloud/DevOps Engineer,1,0,0,3,0,Robotics;IoT,false,Available,Weekends,In-person,Kolkata,English;Bengali;Odia,https://github.com/bridgeup-demo/aritra-bose-1579,https://www.linkedin.com/in/aritra-bose-1579,4th year CSE (IoT) student interested in Robotics and collaborative hackathon teams.,Verified,Platform members,Yes,4.0,71,2026-09-24T10:00:00Z
1580,usr-stu-1580,Utsav Mukherjee,student1580@bridgeup.example,Male,5,NIT Durgapur,NITDGP,1,2030,B.Tech,Electronics and Communication Engineering,8.81,Embedded / Robotics,Build expertise in Embedded / Robotics and contribute to impactful technology projects,ROS,ROS;Embedded Systems;Verilog;Signal Processing;Robotics;C;MongoDB;Blockchain,Pitch and Presentation Lead;ML Engineer,8,1,0,6,2,Smart Cities;Robotics,true,Available,Friday and weekends,In-person,Kolkata,English;Bengali,https://github.com/bridgeup-demo/utsav-sarkar-1580,https://www.linkedin.com/in/utsav-sarkar-1580,1st year Electronics and Communication Engineering student interested in Smart Cities and collaborative hackathon teams.,Verified,Platform members,Yes,4.0,92,2026-09-28T10:00:00Z
1581,usr-stu-1581,Sanjana Majumdar,student1581@bridgeup.example,Female,5,NIT Durgapur,NITDGP,1,2030,B.Tech,CSE (AI and ML),8.68,AI / Machine Learning,Build expertise in AI / Machine Learning and contribute to impactful technology projects,Python,Python;Machine Learning;TensorFlow;Computer Vision;GraphQL;Redis,Product Manager;Researcher,8,3,1,5,3,AI for Social Good;Web3,true,Available,Friday and weekends,In-person,Kolkata,English;Hindi,https://github.com/bridgeup-demo/sanjana-pal-1581,https://www.linkedin.com/in/sanjana-pal-1581,1st year CSE (AI and ML) student interested in AI for Social Good and collaborative hackathon teams.,Verified,Platform members,Yes,3.6,80,2026-09-15T10:00:00Z
1582,usr-stu-1582,Shivam Paul,student1582@bridgeup.example,Male,5,NIT Durgapur,NITDGP,2,2029,B.Tech,Information Technology,7.72,Web / Cloud,Build expertise in Web / Cloud and contribute to impactful technology projects,TypeScript,TypeScript;Docker;Express;JavaScript;AWS;Rust;Generative AI;Go;Kubernetes,Mobile App Developer;Backend Developer,7,0,0,7,4,IoT;EdTech,true,Available,Friday and weekends,Any,Kolkata,English;Hindi,https://github.com/bridgeup-demo/shivam-nandi-1582,https://www.linkedin.com/in/shivam-nandi-1582,2nd year Information Technology student interested in IoT and collaborative hackathon teams.,Verified,Platform members,Yes,4.5,78,2026-03-10T10:00:00Z
1583,usr-stu-1583,Diya Mitra,student1583@bridgeup.example,Female,5,NIT Durgapur,NITDGP,2,2029,B.Tech,Electronics and Communication Engineering,8.51,Embedded / Robotics,Build expertise in Embedded / Robotics and contribute to impactful technology projects,Robotics,Robotics;Embedded Systems;C;Arduino;ROS;MATLAB;Firebase;OpenCV;Solidity;Kotlin,Product Manager;Business Analyst,7,0,0,7,4,IoT;Agriculture,true,Available,Friday and weekends,Hybrid,Kolkata,English;Hindi;Bengali,https://github.com/bridgeup-demo/diya-das-1583,https://www.linkedin.com/in/diya-das-1583,2nd year Electronics and Communication Engineering student interested in IoT and collaborative hackathon teams.,Verified,Platform members,Yes,4.6,94,2026-07-23T10:00:00Z
1584,usr-stu-1584,Srija Mukherjee,student1584@bridgeup.example,Female,5,NIT Durgapur,NITDGP,1,2030,BBA,Business Administration,8.25,Product / Business,Build expertise in Product / Business and contribute to impactful technology projects,Communication,Communication;Product Management;SQL;Market Research;REST APIs;Figma;Solidity,Frontend Developer;ML Engineer,2,1,1,7,7,Healthcare;IoT,true,Available,Weekends,In-person,Kolkata,English;Hindi;Bengali,https://github.com/bridgeup-demo/srija-dey-1584,https://www.linkedin.com/in/srija-dey-1584,1st year Business Administration student interested in Healthcare and collaborative hackathon teams.,Verified,Platform members,Yes,3.9,97,2026-08-13T10:00:00Z
1585,usr-stu-1585,Aditya Paul,student1585@bridgeup.example,Male,5,NIT Durgapur,NITDGP,3,2028,BBA,Business Administration,9.57,Product / Business,Build expertise in Product / Business and contribute to impactful technology projects,Business Analysis,Business Analysis;Excel;SQL;Agile;Product Management;Communication;Swift;MongoDB,Cloud/DevOps Engineer;Mobile App Developer,8,0,0,4,3,Accessibility;Open Innovation,true,Available,Flexible,Hybrid,Kolkata,English;Hindi;Tamil,https://github.com/bridgeup-demo/aditya-mukherjee-1585,https://www.linkedin.com/in/aditya-mukherjee-1585,3rd year Business Administration student interested in Accessibility and collaborative hackathon teams.,Verified,Platform members,Yes,4.8,93,2026-06-14T10:00:00Z
1586,usr-stu-1586,Anirban Bhattacharya,student1586@bridgeup.example,Male,5,NIT Durgapur,NITDGP,3,2028,B.Tech,Electronics and Communication Engineering,9.48,Embedded / Robotics,Build expertise in Embedded / Robotics and contribute to impactful technology projects,Robotics,Robotics;ROS;Verilog;Signal Processing;Linux;Spring Boot,Frontend Developer;Mobile App Developer,8,2,1,5,2,IoT;Healthcare,true,Available,Weekday evenings,In-person,Kolkata,English;Hindi;Tamil,https://github.com/bridgeup-demo/anirban-bhattacharya-1586,https://www.linkedin.com/in/anirban-bhattacharya-1586,3rd year Electronics and Communication Engineering student interested in IoT and collaborative hackathon teams.,Verified,Platform members,Yes,4.0,77,2026-08-06T10:00:00Z
1587,usr-stu-1587,Ankita Mukherjee,student1587@bridgeup.example,Female,5,NIT Durgapur,NITDGP,4,2027,B.Tech,Electronics and Communication Engineering,7.78,Embedded / Robotics,Build expertise in Embedded / Robotics and contribute to impactful technology projects,ROS,ROS;MATLAB;Signal Processing;Robotics;Kubernetes;Next.js;GraphQL;Scikit-learn,Frontend Developer;Mobile App Developer,5,0,0,9,8,Accessibility;Healthcare,true,Available,Weekday evenings,Remote,Kolkata,English;Hindi;Tamil,https://github.com/bridgeup-demo/ankita-sen-1587,https://www.linkedin.com/in/ankita-sen-1587,4th year Electronics and Communication Engineering student interested in Accessibility and collaborative hackathon teams.,Verified,Platform members,Yes,3.7,73,2026-04-03T10:00:00Z
1588,usr-stu-1588,Tanmay Pal,student1588@bridgeup.example,Male,5,NIT Durgapur,NITDGP,1,2030,B.Tech,Computer Science and Engineering,9.61,Software Engineering,Build expertise in Software Engineering and contribute to impactful technology projects,Python,Python;SQL;Algorithms;Data Structures;C++;Go;Scikit-learn;Cybersecurity;Generative AI,Frontend Developer;Business Analyst,2,1,1,0,0,AI for Social Good;Smart Cities,false,Available,Weekend mornings,Remote,Kolkata,English;Hindi;Bengali,https://github.com/bridgeup-demo/tanmay-roy-1588,https://www.linkedin.com/in/tanmay-roy-1588,1st year Computer Science and Engineering student interested in AI for Social Good and collaborative hackathon teams.,Verified,Platform members,Yes,4.5,96,2026-07-12T10:00:00Z
1589,usr-stu-1589,Ishaan Sarkar,student1589@bridgeup.example,Male,5,NIT Durgapur,NITDGP,1,2030,B.Tech,Electrical Engineering,8.45,Hardware / Energy,Build expertise in Hardware / Energy and contribute to impactful technology projects,Circuit Design,Circuit Design;Python;IoT;Renewable Energy;Blockchain;LangChain;OpenCV;Figma,Mobile App Developer;UI/UX Designer,2,0,0,1,0,FinTech;Sustainability,false,Available,Friday and weekends,In-person,Kolkata,English;Hindi;Tamil,https://github.com/bridgeup-demo/ishaan-guha-1589,https://www.linkedin.com/in/ishaan-guha-1589,1st year Electrical Engineering student interested in FinTech and collaborative hackathon teams.,Verified,Platform members,Yes,4.7,81,2026-03-13T10:00:00Z
1590,usr-stu-1590,Aditi Dhar,student1590@bridgeup.example,Female,5,NIT Durgapur,NITDGP,2,2029,B.Tech,CSE (AI and ML),6.94,AI / Machine Learning,Build expertise in AI / Machine Learning and contribute to impactful technology projects,Python,Python;Deep Learning;Pandas;Computer Vision;NLP;Machine Learning;Swift;Django;LangChain;Linux,Full Stack Developer;Researcher,4,2,0,5,2,Robotics;EdTech,true,Available,Weekday evenings,Any,Kolkata,English;Bengali,https://github.com/bridgeup-demo/aditi-das-1590,https://www.linkedin.com/in/aditi-das-1590,2nd year CSE (AI and ML) student interested in Robotics and collaborative hackathon teams.,Verified,Platform members,Yes,4.1,92,2026-05-06T10:00:00Z
1591,usr-stu-1591,Shreya Ghosh,student1591@bridgeup.example,Female,5,NIT Durgapur,NITDGP,3,2028,B.Tech,Electrical Engineering,7.00,Hardware / Energy,Build expertise in Hardware / Energy and contribute to impactful technology projects,MATLAB,MATLAB;Python;Renewable Energy;Circuit Design;Control Systems;Power Systems;Next.js;FastAPI;GraphQL,ML Engineer;Full Stack Developer,0,0,0,6,6,Sustainability;Agriculture,true,Available,Weekend mornings,Remote,Kolkata,English;Bengali,https://github.com/bridgeup-demo/shreya-guha-1591,https://www.linkedin.com/in/shreya-guha-1591,3rd year Electrical Engineering student interested in Sustainability and collaborative hackathon teams.,Verified,Platform members,Yes,3.9,77,2026-04-21T10:00:00Z
1592,usr-stu-1592,Ananya Nandi,student1592@bridgeup.example,Female,5,NIT Durgapur,NITDGP,2,2029,B.Tech,CSE (IoT),6.69,IoT / Embedded Systems,Build expertise in IoT / Embedded Systems and contribute to impactful technology projects,Arduino,Arduino;C;ESP32;C++;Go;Generative AI,Business Analyst;Product Manager,3,2,0,1,1,FinTech;Disaster Management,false,Available,Flexible,Remote,Kolkata,English;Bengali,https://github.com/bridgeup-demo/ananya-basu-1592,https://www.linkedin.com/in/ananya-basu-1592,2nd year CSE (IoT) student interested in FinTech and collaborative hackathon teams.,Verified,Platform members,Yes,3.7,91,2026-04-14T10:00:00Z
1593,usr-stu-1593,Soumyadeep Ghosh,student1593@bridgeup.example,Male,5,NIT Durgapur,NITDGP,3,2028,B.Tech,CSE (AI and ML),8.93,AI / Machine Learning,Build expertise in AI / Machine Learning and contribute to impactful technology projects,TensorFlow,TensorFlow;NLP;Python;Deep Learning;Blockchain;GraphQL,Backend Developer;Frontend Developer,3,0,0,3,1,Web3;Smart Cities,false,Available,Weekday evenings,Hybrid,Kolkata,English;Hindi;Bengali,https://github.com/bridgeup-demo/soumyadeep-basu-1593,https://www.linkedin.com/in/soumyadeep-basu-1593,3rd year CSE (AI and ML) student interested in Web3 and collaborative hackathon teams.,Verified,Platform members,Yes,4.9,79,2026-04-19T10:00:00Z
1594,usr-stu-1594,Ahona Guha,student1594@bridgeup.example,Female,5,NIT Durgapur,NITDGP,1,2030,B.Tech,Computer Science and Engineering,8.02,Software Engineering,Build expertise in Software Engineering and contribute to impactful technology projects,System Design,System Design;Python;SQL;Java;C++;Algorithms;Redis;Spring Boot,Cybersecurity Engineer;Data Scientist,1,0,0,5,4,Open Innovation;IoT,true,Available,Weekend mornings,Any,Kolkata,English;Bengali,https://github.com/bridgeup-demo/ahona-guha-1594,https://www.linkedin.com/in/ahona-guha-1594,1st year Computer Science and Engineering student interested in Open Innovation and collaborative hackathon teams.,Verified,Platform members,Yes,4.0,78,2026-08-06T10:00:00Z
1595,usr-stu-1595,Srija Banerjee,student1595@bridgeup.example,Female,5,NIT Durgapur,NITDGP,1,2030,B.Tech,CSE (IoT),9.63,IoT / Embedded Systems,Build expertise in IoT / Embedded Systems and contribute to impactful technology projects,PCB Design,PCB Design;MQTT;Arduino;C++;C;IoT;Azure;GraphQL,Backend Developer;Cybersecurity Engineer,7,3,0,1,1,Sustainability;Open Innovation,true,Available,Weekday evenings,Any,Kolkata,English;Bengali;Odia,https://github.com/bridgeup-demo/srija-lahiri-1595,https://www.linkedin.com/in/srija-lahiri-1595,1st year CSE (IoT) student interested in Sustainability and collaborative hackathon teams.,Verified,Platform members,Yes,3.7,92,2026-03-25T10:00:00Z
1596,usr-stu-1596,Ahona Karmakar,student1596@bridgeup.example,Female,5,NIT Durgapur,NITDGP,1,2030,B.Tech,CSE (AI and ML),9.14,AI / Machine Learning,Build expertise in AI / Machine Learning and contribute to impactful technology projects,NLP,NLP;PyTorch;Python;TensorFlow;Kubernetes;Spring Boot;Go;Rust,Business Analyst;Product Manager,7,1,0,7,4,Agriculture;Accessibility,true,Available,Friday and weekends,Remote,Kolkata,English;Hindi;Bengali,https://github.com/bridgeup-demo/ahona-chatterjee-1596,https://www.linkedin.com/in/ahona-chatterjee-1596,1st year CSE (AI and ML) student interested in Agriculture and collaborative hackathon teams.,Verified,Platform members,Yes,3.6,85,2026-04-16T10:00:00Z
1597,usr-stu-1597,Aditya Mitra,student1597@bridgeup.example,Male,5,NIT Durgapur,NITDGP,2,2029,BBA,Business Administration,7.38,Product / Business,Build expertise in Product / Business and contribute to impactful technology projects,Agile,Agile;Business Analysis;Market Research;Product Management;SQL;Figma;UI/UX;Flutter;Kubernetes,Frontend Developer;ML Engineer,3,3,1,4,3,EdTech;Open Innovation,false,Available,Friday and weekends,In-person,Kolkata,English;Hindi;Tamil,https://github.com/bridgeup-demo/aditya-lahiri-1597,https://www.linkedin.com/in/aditya-lahiri-1597,2nd year Business Administration student interested in EdTech and collaborative hackathon teams.,Verified,Platform members,Yes,3.9,100,2026-04-15T10:00:00Z
1598,usr-stu-1598,Priyanka Paul,student1598@bridgeup.example,Female,5,NIT Durgapur,NITDGP,1,2030,B.Tech,CSE (AI and ML),7.59,AI / Machine Learning,Build expertise in AI / Machine Learning and contribute to impactful technology projects,PyTorch,PyTorch;Machine Learning;Computer Vision;Deep Learning;Python;TensorFlow;Rust;Blockchain;Scikit-learn,Frontend Developer;Researcher,2,2,1,3,3,FinTech;Disaster Management,false,Available,Weekends,Any,Kolkata,English;Hindi;Bengali,https://github.com/bridgeup-demo/priyanka-karmakar-1598,https://www.linkedin.com/in/priyanka-karmakar-1598,1st year CSE (AI and ML) student interested in FinTech and collaborative hackathon teams.,Verified,Platform members,Yes,4.4,87,2026-02-14T10:00:00Z
1599,usr-stu-1599,Kunal Kar,student1599@bridgeup.example,Male,5,NIT Durgapur,NITDGP,2,2029,B.Tech,Computer Science and Engineering,7.80,Software Engineering,Build expertise in Software Engineering and contribute to impactful technology projects,Python,Python;SQL;C++;Java;Data Structures;System Design;Django;GCP;REST APIs,Embedded Systems Engineer;Mobile App Developer,8,4,1,8,4,Web3;Open Innovation,true,Available,Weekday evenings,Remote,Kolkata,English;Hindi;Tamil,https://github.com/bridgeup-demo/kunal-dey-1599,https://www.linkedin.com/in/kunal-dey-1599,2nd year Computer Science and Engineering student interested in Web3 and collaborative hackathon teams.,Verified,Platform members,Yes,4.2,84,2026-02-02T10:00:00Z
1600,usr-stu-1600,Ishaan Bose,student1600@bridgeup.example,Male,5,NIT Durgapur,NITDGP,4,2027,B.Sc.,Data Science,8.78,Data Science,Build expertise in Data Science and contribute to impactful technology projects,Statistics,Statistics;Pandas;SQL;NumPy;Python;Swift;UI/UX;Next.js;Kotlin,Backend Developer;Full Stack Developer,4,4,0,6,1,Cybersecurity;Smart Cities,true,Available,Friday and weekends,Any,Kolkata,English;Hindi,https://github.com/bridgeup-demo/ishaan-lahiri-1600,https://www.linkedin.com/in/ishaan-lahiri-1600,4th year Data Science student interested in Cybersecurity and collaborative hackathon teams.,Verified,Platform members,Yes,3.5,82,2026-07-16T10:00:00Z
