alumni_id,name,college_id,current_role,company,career_domain,skills,experience_years,graduation_year,availability,verified,mentor_rating,bio,career_path
1001,Sayan Das,1,AI Research Scientist,Google,AI/ML,Python; Transformers; Machine Learning; Deep Learning; PyTorch; NLP,1,2023,Available,Yes,4.1,"1 years of experience in AI/ML. Currently working as AI Research Scientist at Google. Focus areas include Python, Transformers, Machine Learning. Interested in mentoring students pursuing AI/ML careers.",B.Tech CSE → Software Engineer → AI Research Scientist @ Google
1002,Aditya Banerjee,1,Research Engineer,Google,AI/ML,MLOps; TensorFlow; Deep Learning; Python; PyTorch; Machine Learning,4,2022,Unavailable,Yes,4.0,"4 years of experience in AI/ML. Currently working as Research Engineer at Google. Focus areas include MLOps, TensorFlow, Deep Learning. Interested in mentoring students pursuing AI/ML careers.",B.Tech CSE → Software Engineer → Research Engineer @ Google
1003,Ritwik Mukherjee,1,Machine Learning Engineer,Google,AI/ML,Machine Learning; Python; GCP; TensorFlow,12,2011,Available,Yes,4.1,"12 years of experience in AI/ML. Currently working as Machine Learning Engineer at Google. Focus areas include Machine Learning, Python, GCP. Interested in mentoring students pursuing AI/ML careers.",B.Tech CSE → Software Engineer → Machine Learning Engineer @ Google
1004,Diya Bose,1,Software Engineer,Google,Software Engineering,Java; Data Structures; System Design; Python; C++; Algorithms,10,2014,Available,Yes,4.7,"10 years of experience in Software Engineering. Currently working as Software Engineer at Google. Focus areas include Java, Data Structures, System Design. Interested in mentoring students pursuing Software Engineering careers.",B.Tech CSE → Data Analyst → Software Engineer @ Google
1005,Ishaan Gupta,1,Cybersecurity Engineer,Google,Cybersecurity,Python; Cloud Security; Network Security; Linux,1,2024,Available,Yes,5.0,"1 years of experience in Cybersecurity. Currently working as Cybersecurity Engineer at Google. Focus areas include Python, Cloud Security, Network Security. Interested in mentoring students pursuing Cybersecurity careers.",B.Tech CSE → Junior Engineer → Cybersecurity Engineer @ Google
1006,Krish Bose,1,Applied Scientist,Amazon,AI/ML,AWS; Python; PyTorch; Machine Learning; Statistics; NLP,6,2019,Available,Yes,4.6,"6 years of experience in AI/ML. Currently working as Applied Scientist at Amazon. Focus areas include AWS, Python, PyTorch. Interested in mentoring students pursuing AI/ML careers.",B.Tech CSE → Research Intern → Applied Scientist @ Amazon
1007,Ishita Roy,1,Machine Learning Engineer,Amazon,AI/ML,Machine Learning; Python; AWS; MLOps,15,2010,Available,Yes,4.8,"15 years of experience in AI/ML. Currently working as Machine Learning Engineer at Amazon. Focus areas include Machine Learning, Python, AWS. Interested in mentoring students pursuing AI/ML careers.",B.Tech CSE → Junior Engineer → Machine Learning Engineer @ Amazon
1008,Aditya Banerjee,1,Software Development Engineer,Amazon,Software Engineering,System Design; Data Structures; C++; Algorithms; Java,15,2009,Available,Yes,4.6,"15 years of experience in Software Engineering. Currently working as Software Development Engineer at Amazon. Focus areas include System Design, Data Structures, C++. Interested in mentoring students pursuing Software Engineering careers.",B.Tech CSE → Analyst → Software Development Engineer @ Amazon
1009,Debanjan Patel,1,Data Scientist,Amazon,Data Science,Machine Learning; Statistics; SQL; Python; Tableau; AWS,9,2015,Unavailable,Yes,4.3,"9 years of experience in Data Science. Currently working as Data Scientist at Amazon. Focus areas include Machine Learning, Statistics, SQL. Interested in mentoring students pursuing Data Science careers.",B.Tech CSE → Software Engineer → Data Scientist @ Amazon
1010,Subhajit Das,1,Security Engineer,Amazon,Cybersecurity,Linux; IAM; Network Security; Cloud Security; AWS,3,2022,Limited,Yes,4.5,"3 years of experience in Cybersecurity. Currently working as Security Engineer at Amazon. Focus areas include Linux, IAM, Network Security. Interested in mentoring students pursuing Cybersecurity careers.",B.Tech CSE → Data Analyst → Security Engineer @ Amazon
1011,Subhajit Sharma,1,Research Scientist,Microsoft,AI/ML,NLP; Python; Azure; PyTorch; Transformers; Deep Learning,11,2015,Unavailable,Yes,4.7,"11 years of experience in AI/ML. Currently working as Research Scientist at Microsoft. Focus areas include NLP, Python, Azure. Interested in mentoring students pursuing AI/ML careers.",B.Tech CSE → Software Engineer → Research Scientist @ Microsoft
1012,Debanjan Roy,1,AI Engineer,Microsoft,AI/ML,Machine Learning; MLOps; Azure; Python; TensorFlow; Docker,9,2016,Unavailable,Yes,4.9,"9 years of experience in AI/ML. Currently working as AI Engineer at Microsoft. Focus areas include Machine Learning, MLOps, Azure. Interested in mentoring students pursuing AI/ML careers.",B.Tech CSE → Data Analyst → AI Engineer @ Microsoft
1013,Ritwik Singh,1,Software Engineer,Microsoft,Software Engineering,C#; Azure; Algorithms; System Design,15,2011,Unavailable,Yes,4.2,"15 years of experience in Software Engineering. Currently working as Software Engineer at Microsoft. Focus areas include C#, Azure, Algorithms. Interested in mentoring students pursuing Software Engineering careers.",B.Tech CSE → Software Engineer → Software Engineer @ Microsoft
1014,Rohan Reddy,1,Cloud Engineer,Microsoft,Cloud,Docker; Python; Linux; Kubernetes; Azure; Terraform,2,2024,Limited,Yes,4.8,"2 years of experience in Cloud. Currently working as Cloud Engineer at Microsoft. Focus areas include Docker, Python, Linux. Interested in mentoring students pursuing Cloud careers.",B.Tech CSE → Data Analyst → Cloud Engineer @ Microsoft
1015,Subhajit Mishra,1,Security Analyst,Microsoft,Cybersecurity,Azure; Network Security; Python; Incident Response; Threat Hunting; SIEM,7,2018,Unavailable,Yes,4.7,"7 years of experience in Cybersecurity. Currently working as Security Analyst at Microsoft. Focus areas include Azure, Network Security, Python. Interested in mentoring students pursuing Cybersecurity careers.",B.Tech CSE → Data Analyst → Security Analyst @ Microsoft
1016,Nisha Das,1,AI Research Scientist,Meta,AI/ML,NLP; PyTorch; Transformers; Python; Deep Learning; Computer Vision,4,2021,Available,Yes,4.2,"4 years of experience in AI/ML. Currently working as AI Research Scientist at Meta. Focus areas include NLP, PyTorch, Transformers. Interested in mentoring students pursuing AI/ML careers.",B.Tech CSE → Analyst → AI Research Scientist @ Meta
1017,Aditya Verma,1,Machine Learning Engineer,Meta,AI/ML,MLOps; SQL; PyTorch; Machine Learning; Python,14,2010,Available,Yes,4.4,"14 years of experience in AI/ML. Currently working as Machine Learning Engineer at Meta. Focus areas include MLOps, SQL, PyTorch. Interested in mentoring students pursuing AI/ML careers.",B.Tech CSE → Data Analyst → Machine Learning Engineer @ Meta
1018,Priya Iyer,1,Software Engineer,Meta,Software Engineering,System Design; Data Structures; React; Python,4,2019,Limited,Yes,4.0,"4 years of experience in Software Engineering. Currently working as Software Engineer at Meta. Focus areas include System Design, Data Structures, React. Interested in mentoring students pursuing Software Engineering careers.",B.Tech CSE → Research Intern → Software Engineer @ Meta
1019,Nisha Verma,1,Data Engineer,Meta,Data Engineering,Python; SQL; ETL; Data Warehousing; Kafka,11,2015,Available,Yes,4.3,"11 years of experience in Data Engineering. Currently working as Data Engineer at Meta. Focus areas include Python, SQL, ETL. Interested in mentoring students pursuing Data Engineering careers.",B.Tech CSE → Analyst → Data Engineer @ Meta
1020,Meera Mukherjee,1,Deep Learning Engineer,NVIDIA,AI/ML,Deep Learning; C++; Python; Computer Vision,5,2018,Available,Yes,4.8,"5 years of experience in AI/ML. Currently working as Deep Learning Engineer at NVIDIA. Focus areas include Deep Learning, C++, Python. Interested in mentoring students pursuing AI/ML careers.",B.Tech CSE → Data Analyst → Deep Learning Engineer @ NVIDIA
1021,Anirban Sharma,1,AI Researcher,NVIDIA,AI/ML,PyTorch; Transformers; Python; Deep Learning; Research,2,2023,Available,Yes,4.3,"2 years of experience in AI/ML. Currently working as AI Researcher at NVIDIA. Focus areas include PyTorch, Transformers, Python. Interested in mentoring students pursuing AI/ML careers.",B.Tech CSE → Software Engineer → AI Researcher @ NVIDIA
1022,Ishita Roy,1,GPU Software Engineer,NVIDIA,Software Engineering,Algorithms; Parallel Computing; CUDA; C++; Python; Linux,15,2008,Available,Yes,4.3,"15 years of experience in Software Engineering. Currently working as GPU Software Engineer at NVIDIA. Focus areas include Algorithms, Parallel Computing, CUDA. Interested in mentoring students pursuing Software Engineering careers.",B.Tech CSE → Software Engineer → GPU Software Engineer @ NVIDIA
1023,Priya Patel,1,Cybersecurity Analyst,DRDO,Cybersecurity,SIEM; Threat Analysis; Linux; Python; Network Security,1,2023,Available,Yes,3.9,"1 years of experience in Cybersecurity. Currently working as Cybersecurity Analyst at DRDO. Focus areas include SIEM, Threat Analysis, Linux. Interested in mentoring students pursuing Cybersecurity careers.",B.Tech CSE → Analyst → Cybersecurity Analyst @ DRDO
1024,Aditya Mishra,1,Security Researcher,DRDO,Cybersecurity,Cryptography; Linux; Python; Malware Analysis; Reverse Engineering; Network Security,2,2023,Limited,Yes,3.9,"2 years of experience in Cybersecurity. Currently working as Security Researcher at DRDO. Focus areas include Cryptography, Linux, Python. Interested in mentoring students pursuing Cybersecurity careers.",B.Tech CSE → Data Analyst → Security Researcher @ DRDO
1025,Priya Singh,1,AI Scientist,DRDO,AI/ML,Machine Learning; Computer Vision; Deep Learning; Python; PyTorch,6,2018,Available,Yes,4.6,"6 years of experience in AI/ML. Currently working as AI Scientist at DRDO. Focus areas include Machine Learning, Computer Vision, Deep Learning. Interested in mentoring students pursuing AI/ML careers.",B.Tech CSE → Research Intern → AI Scientist @ DRDO
1026,Ananya Gupta,1,Research Scientist,DRDO,Defence Research,Python; C++; MATLAB; Signal Processing,1,2022,Unavailable,Yes,5.0,"1 years of experience in Defence Research. Currently working as Research Scientist at DRDO. Focus areas include Python, C++, MATLAB. Interested in mentoring students pursuing Defence Research careers.",B.Tech CSE → Junior Engineer → Research Scientist @ DRDO
1027,Reyansh Bose,1,Embedded Systems Engineer,DRDO,Embedded Systems,Microcontrollers; RTOS; Embedded C; Electronics,15,2011,Available,Yes,4.2,"15 years of experience in Embedded Systems. Currently working as Embedded Systems Engineer at DRDO. Focus areas include Microcontrollers, RTOS, Embedded C. Interested in mentoring students pursuing Embedded Systems careers.",B.Tech CSE → Data Analyst → Embedded Systems Engineer @ DRDO
1028,Aarav Patel,1,Scientist/Engineer,ISRO,Space Technology,Systems Engineering; Embedded Systems; Python; Signal Processing,5,2021,Available,Yes,4.1,"5 years of experience in Space Technology. Currently working as Scientist/Engineer at ISRO. Focus areas include Systems Engineering, Embedded Systems, Python. Interested in mentoring students pursuing Space Technology careers.",B.Tech CSE → Junior Engineer → Scientist/Engineer @ ISRO
1029,Tanvi Banerjee,1,Data Scientist,ISRO,Data Science,Statistics; GIS; Remote Sensing; Python; Computer Vision,12,2012,Available,Yes,4.6,"12 years of experience in Data Science. Currently working as Data Scientist at ISRO. Focus areas include Statistics, GIS, Remote Sensing. Interested in mentoring students pursuing Data Science careers.",B.Tech CSE → Research Intern → Data Scientist @ ISRO
1030,Anirban Roy,1,Cybersecurity Engineer,ISRO,Cybersecurity,Python; Network Security; Cryptography; Cloud Security; SIEM; Linux,1,2025,Available,Yes,4.7,"1 years of experience in Cybersecurity. Currently working as Cybersecurity Engineer at ISRO. Focus areas include Python, Network Security, Cryptography. Interested in mentoring students pursuing Cybersecurity careers.",B.Tech CSE → Software Engineer → Cybersecurity Engineer @ ISRO
1031,Aditya Dutta,1,Computer Vision Engineer,ISRO,AI/ML,Remote Sensing; OpenCV; Python; PyTorch,9,2017,Available,Yes,4.5,"9 years of experience in AI/ML. Currently working as Computer Vision Engineer at ISRO. Focus areas include Remote Sensing, OpenCV, Python. Interested in mentoring students pursuing AI/ML careers.",B.Tech CSE → Junior Engineer → Computer Vision Engineer @ ISRO
1032,Tanmoy Verma,1,Software Engineer,TCS,Software Engineering,Java; SQL; REST APIs; Git; AWS; Spring Boot,15,2009,Available,Yes,4.6,"15 years of experience in Software Engineering. Currently working as Software Engineer at TCS. Focus areas include Java, SQL, REST APIs. Interested in mentoring students pursuing Software Engineering careers.",B.Tech CSE → Analyst → Software Engineer @ TCS
1033,Abhishek Mukherjee,1,Data Scientist,TCS,Data Science,Pandas; SQL; Machine Learning; Python; Statistics,15,2008,Available,Yes,4.0,"15 years of experience in Data Science. Currently working as Data Scientist at TCS. Focus areas include Pandas, SQL, Machine Learning. Interested in mentoring students pursuing Data Science careers.",B.Tech CSE → Research Intern → Data Scientist @ TCS
1034,Subhajit Verma,1,Cloud Engineer,TCS,Cloud,Docker; Linux; Azure; AWS; Terraform,14,2009,Available,Yes,4.0,"14 years of experience in Cloud. Currently working as Cloud Engineer at TCS. Focus areas include Docker, Linux, Azure. Interested in mentoring students pursuing Cloud careers.",B.Tech CSE → Analyst → Cloud Engineer @ TCS
1035,Ishita Ghosh,1,Cybersecurity Analyst,TCS,Cybersecurity,Python; SOC; Linux; SIEM; Incident Response; Network Security,5,2021,Available,Yes,4.2,"5 years of experience in Cybersecurity. Currently working as Cybersecurity Analyst at TCS. Focus areas include Python, SOC, Linux. Interested in mentoring students pursuing Cybersecurity careers.",B.Tech CSE → Analyst → Cybersecurity Analyst @ TCS
1036,Priya Roy,1,Technology Analyst,Infosys,Software Engineering,SQL; REST APIs; Java; Python; Cloud; Git,1,2025,Unavailable,Yes,4.3,"1 years of experience in Software Engineering. Currently working as Technology Analyst at Infosys. Focus areas include SQL, REST APIs, Java. Interested in mentoring students pursuing Software Engineering careers.",B.Tech CSE → Software Engineer → Technology Analyst @ Infosys
1037,Soumyajit Mehta,1,AI Engineer,Infosys,AI/ML,TensorFlow; SQL; Azure; NLP; Python; Machine Learning,1,2024,Available,Yes,4.3,"1 years of experience in AI/ML. Currently working as AI Engineer at Infosys. Focus areas include TensorFlow, SQL, Azure. Interested in mentoring students pursuing AI/ML careers.",B.Tech CSE → Data Analyst → AI Engineer @ Infosys
1038,Rahul Mehta,1,Cybersecurity Consultant,Infosys,Cybersecurity,Cloud Security; Linux; IAM; Network Security,6,2017,Available,Yes,4.5,"6 years of experience in Cybersecurity. Currently working as Cybersecurity Consultant at Infosys. Focus areas include Cloud Security, Linux, IAM. Interested in mentoring students pursuing Cybersecurity careers.",B.Tech CSE → Data Analyst → Cybersecurity Consultant @ Infosys
1039,Rahul Kapoor,1,Data Scientist,Deloitte,Data Science,Statistics; Power BI; Machine Learning; SQL; Tableau,9,2017,Available,Yes,4.1,"9 years of experience in Data Science. Currently working as Data Scientist at Deloitte. Focus areas include Statistics, Power BI, Machine Learning. Interested in mentoring students pursuing Data Science careers.",B.Tech CSE → Research Intern → Data Scientist @ Deloitte
1040,Arindam Banerjee,1,Cybersecurity Consultant,Deloitte,Cybersecurity,Network Security; Incident Response; IAM; Risk Assessment; Cloud Security,9,2014,Available,Yes,4.6,"9 years of experience in Cybersecurity. Currently working as Cybersecurity Consultant at Deloitte. Focus areas include Network Security, Incident Response, IAM. Interested in mentoring students pursuing Cybersecurity careers.",B.Tech CSE → Junior Engineer → Cybersecurity Consultant @ Deloitte
1041,Rohan Banerjee,1,Technology Consultant,Deloitte,Consulting,System Design; Python; Business Analysis; SQL; Agile,3,2023,Available,Yes,4.1,"3 years of experience in Consulting. Currently working as Technology Consultant at Deloitte. Focus areas include System Design, Python, Business Analysis. Interested in mentoring students pursuing Consulting careers.",B.Tech CSE → Research Intern → Technology Consultant @ Deloitte
1042,Riya Kapoor,1,Quantitative Analyst,Goldman Sachs,FinTech,Machine Learning; SQL; Finance; Statistics,4,2021,Available,Yes,4.9,"4 years of experience in FinTech. Currently working as Quantitative Analyst at Goldman Sachs. Focus areas include Machine Learning, SQL, Finance. Interested in mentoring students pursuing FinTech careers.",B.Tech CSE → Data Analyst → Quantitative Analyst @ Goldman Sachs
1043,Nisha Verma,1,Software Engineer,Goldman Sachs,Software Engineering,Algorithms; Data Structures; SQL; Python; System Design,9,2016,Available,Yes,4.3,"9 years of experience in Software Engineering. Currently working as Software Engineer at Goldman Sachs. Focus areas include Algorithms, Data Structures, SQL. Interested in mentoring students pursuing Software Engineering careers.",B.Tech CSE → Data Analyst → Software Engineer @ Goldman Sachs
1044,Nisha Mukherjee,1,Cybersecurity Analyst,Goldman Sachs,Cybersecurity,Incident Response; Network Security; IAM; Threat Hunting,12,2011,Limited,Yes,4.1,"12 years of experience in Cybersecurity. Currently working as Cybersecurity Analyst at Goldman Sachs. Focus areas include Incident Response, Network Security, IAM. Interested in mentoring students pursuing Cybersecurity careers.",B.Tech CSE → Analyst → Cybersecurity Analyst @ Goldman Sachs
1045,Kunal Nair,1,Data Scientist,JPMorgan Chase,Data Science,Finance; Python; SQL; AWS; Machine Learning,2,2022,Available,Yes,4.1,"2 years of experience in Data Science. Currently working as Data Scientist at JPMorgan Chase. Focus areas include Finance, Python, SQL. Interested in mentoring students pursuing Data Science careers.",B.Tech CSE → Research Intern → Data Scientist @ JPMorgan Chase
1046,Soumyajit Dutta,1,Software Engineer,JPMorgan Chase,Software Engineering,System Design; AWS; Microservices; Java; SQL,12,2013,Available,Yes,4.3,"12 years of experience in Software Engineering. Currently working as Software Engineer at JPMorgan Chase. Focus areas include System Design, AWS, Microservices. Interested in mentoring students pursuing Software Engineering careers.",B.Tech CSE → Research Intern → Software Engineer @ JPMorgan Chase
1047,Ishita Reddy,1,AI Engineer,IBM,AI/ML,NLP; Kubernetes; Watson; Machine Learning,12,2014,Unavailable,Yes,4.3,"12 years of experience in AI/ML. Currently working as AI Engineer at IBM. Focus areas include NLP, Kubernetes, Watson. Interested in mentoring students pursuing AI/ML careers.",B.Tech CSE → Data Analyst → AI Engineer @ IBM
1048,Debanjan Patel,1,Cloud Engineer,IBM,Cloud,OpenShift; Kubernetes; Terraform; Docker; Linux,13,2012,Limited,Yes,4.1,"13 years of experience in Cloud. Currently working as Cloud Engineer at IBM. Focus areas include OpenShift, Kubernetes, Terraform. Interested in mentoring students pursuing Cloud careers.",B.Tech CSE → Analyst → Cloud Engineer @ IBM
1049,Anirban Nair,1,Security Consultant,IBM,Cybersecurity,Risk Assessment; Linux; SIEM; Network Security; Cloud Security,15,2010,Unavailable,Yes,4.4,"15 years of experience in Cybersecurity. Currently working as Security Consultant at IBM. Focus areas include Risk Assessment, Linux, SIEM. Interested in mentoring students pursuing Cybersecurity careers.",B.Tech CSE → Analyst → Security Consultant @ IBM
1050,Subhajit Nair,1,Machine Learning Engineer,Adobe,AI/ML,Computer Vision; Machine Learning; MLOps; PyTorch,3,2023,Available,Yes,4.3,"3 years of experience in AI/ML. Currently working as Machine Learning Engineer at Adobe. Focus areas include Computer Vision, Machine Learning, MLOps. Interested in mentoring students pursuing AI/ML careers.",B.Tech CSE → Junior Engineer → Machine Learning Engineer @ Adobe
1051,Ritwik Mehta,1,Software Engineer,Adobe,Software Engineering,Java; React; C++; Algorithms; Cloud; Data Structures,5,2021,Limited,Yes,3.8,"5 years of experience in Software Engineering. Currently working as Software Engineer at Adobe. Focus areas include Java, React, C++. Interested in mentoring students pursuing Software Engineering careers.",B.Tech CSE → Software Engineer → Software Engineer @ Adobe
1052,Rohan Banerjee,1,Data Scientist,Adobe,Data Science,Statistics; Python; SQL; Tableau,14,2012,Unavailable,Yes,4.0,"14 years of experience in Data Science. Currently working as Data Scientist at Adobe. Focus areas include Statistics, Python, SQL. Interested in mentoring students pursuing Data Science careers.",B.Tech CSE → Junior Engineer → Data Scientist @ Adobe
1053,Ritwik Bose,1,Machine Learning Engineer,Flipkart,AI/ML,Spark; Python; Recommendation Systems; SQL,3,2023,Available,Yes,5.0,"3 years of experience in AI/ML. Currently working as Machine Learning Engineer at Flipkart. Focus areas include Spark, Python, Recommendation Systems. Interested in mentoring students pursuing AI/ML careers.",B.Tech CSE → Research Intern → Machine Learning Engineer @ Flipkart
1054,Ishita Banerjee,1,Software Development Engineer,Flipkart,Software Engineering,Microservices; Algorithms; Java; System Design; Data Structures,2,2023,Available,Yes,4.6,"2 years of experience in Software Engineering. Currently working as Software Development Engineer at Flipkart. Focus areas include Microservices, Algorithms, Java. Interested in mentoring students pursuing Software Engineering careers.",B.Tech CSE → Junior Engineer → Software Development Engineer @ Flipkart
1055,Aditi Mehta,1,Data Scientist,Flipkart,Data Science,Python; Statistics; Spark; A/B Testing; SQL,11,2013,Available,Yes,4.4,"11 years of experience in Data Science. Currently working as Data Scientist at Flipkart. Focus areas include Python, Statistics, Spark. Interested in mentoring students pursuing Data Science careers.",B.Tech CSE → Junior Engineer → Data Scientist @ Flipkart
1056,Sayan Nair,1,Software Engineer,Walmart Global Tech,Software Engineering,SQL; Microservices; AWS; Spring Boot; System Design; Java,12,2013,Limited,Yes,4.0,"12 years of experience in Software Engineering. Currently working as Software Engineer at Walmart Global Tech. Focus areas include SQL, Microservices, AWS. Interested in mentoring students pursuing Software Engineering careers.",B.Tech CSE → Junior Engineer → Software Engineer @ Walmart Global Tech
1057,Subhajit Chatterjee,1,Data Scientist,Walmart Global Tech,Data Science,Statistics; Spark; Azure; SQL,14,2012,Available,Yes,4.9,"14 years of experience in Data Science. Currently working as Data Scientist at Walmart Global Tech. Focus areas include Statistics, Spark, Azure. Interested in mentoring students pursuing Data Science careers.",B.Tech CSE → Software Engineer → Data Scientist @ Walmart Global Tech
1058,Riya Ghosh,1,ML Engineer,Walmart Global Tech,AI/ML,Machine Learning; Kubernetes; Docker; MLOps; Python,3,2020,Available,Yes,4.2,"3 years of experience in AI/ML. Currently working as ML Engineer at Walmart Global Tech. Focus areas include Machine Learning, Kubernetes, Docker. Interested in mentoring students pursuing AI/ML careers.",B.Tech CSE → Data Analyst → ML Engineer @ Walmart Global Tech
1059,Ishaan Gupta,1,AI Engineer,Samsung R&D,AI/ML,Android; Deep Learning; C++; TensorFlow,4,2019,Limited,Yes,4.5,"4 years of experience in AI/ML. Currently working as AI Engineer at Samsung R&D. Focus areas include Android, Deep Learning, C++. Interested in mentoring students pursuing AI/ML careers.",B.Tech CSE → Software Engineer → AI Engineer @ Samsung R&D
1060,Aditya Sen,1,Research Engineer,Samsung R&D,AI/ML,Deep Learning; Signal Processing; Research; PyTorch; C++; Python,4,2019,Available,Yes,4.2,"4 years of experience in AI/ML. Currently working as Research Engineer at Samsung R&D. Focus areas include Deep Learning, Signal Processing, Research. Interested in mentoring students pursuing AI/ML careers.",B.Tech CSE → Research Intern → Research Engineer @ Samsung R&D
1061,Kunal Sen,1,Embedded Software Engineer,Samsung R&D,Embedded Systems,C; Microcontrollers; C++; Debugging; Embedded Linux,5,2020,Available,Yes,4.7,"5 years of experience in Embedded Systems. Currently working as Embedded Software Engineer at Samsung R&D. Focus areas include C, Microcontrollers, C++. Interested in mentoring students pursuing Embedded Systems careers.",B.Tech CSE → Research Intern → Embedded Software Engineer @ Samsung R&D
1062,Kunal Reddy,1,Robotics Engineer,Bosch,Robotics,ROS; C++; Control Systems; Computer Vision; Python,13,2011,Available,Yes,4.8,"13 years of experience in Robotics. Currently working as Robotics Engineer at Bosch. Focus areas include ROS, C++, Control Systems. Interested in mentoring students pursuing Robotics careers.",B.Tech CSE → Data Analyst → Robotics Engineer @ Bosch
1063,Reyansh Roy,1,Embedded Engineer,Bosch,Embedded Systems,Microcontrollers; AUTOSAR; C; RTOS,1,2025,Unavailable,Yes,4.2,"1 years of experience in Embedded Systems. Currently working as Embedded Engineer at Bosch. Focus areas include Microcontrollers, AUTOSAR, C. Interested in mentoring students pursuing Embedded Systems careers.",B.Tech CSE → Data Analyst → Embedded Engineer @ Bosch
1064,Rahul Iyer,1,Data Scientist,Bosch,Data Science,Machine Learning; Time Series; Python; Statistics,8,2015,Available,Yes,4.0,"8 years of experience in Data Science. Currently working as Data Scientist at Bosch. Focus areas include Machine Learning, Time Series, Python. Interested in mentoring students pursuing Data Science careers.",B.Tech CSE → Research Intern → Data Scientist @ Bosch
1065,Riya Gupta,1,Product Manager,Microsoft,Product Management,SQL; Product Strategy; Analytics; User Research; Agile; Roadmapping,10,2016,Available,Yes,4.0,"10 years of experience in Product Management. Currently working as Product Manager at Microsoft. Focus areas include SQL, Product Strategy, Analytics. Interested in mentoring students pursuing Product Management careers.",B.Tech CSE → Data Analyst → Product Manager @ Microsoft
1066,Ishita Nair,1,Product Manager,Google,Product Management,SQL; A/B Testing; Product Strategy; Roadmapping; User Research,15,2008,Available,Yes,4.8,"15 years of experience in Product Management. Currently working as Product Manager at Google. Focus areas include SQL, A/B Testing, Product Strategy. Interested in mentoring students pursuing Product Management careers.",B.Tech CSE → Analyst → Product Manager @ Google
1067,Sayan Banerjee,1,Technical Program Manager,Amazon,Product Management,Program Management; AWS; Stakeholder Management; Analytics; System Design; Agile,5,2021,Available,Yes,4.1,"5 years of experience in Product Management. Currently working as Technical Program Manager at Amazon. Focus areas include Program Management, AWS, Stakeholder Management. Interested in mentoring students pursuing Product Management careers.",B.Tech CSE → Junior Engineer → Technical Program Manager @ Amazon
1068,Vivaan Chatterjee,1,DevOps Engineer,Atlassian,DevOps,Kubernetes; CI/CD; Docker; Terraform,5,2019,Limited,Yes,3.9,"5 years of experience in DevOps. Currently working as DevOps Engineer at Atlassian. Focus areas include Kubernetes, CI/CD, Docker. Interested in mentoring students pursuing DevOps careers.",B.Tech CSE → Software Engineer → DevOps Engineer @ Atlassian
1069,Aditi Chatterjee,1,Site Reliability Engineer,Google,DevOps,Linux; Python; Kubernetes; GCP,11,2014,Available,Yes,4.8,"11 years of experience in DevOps. Currently working as Site Reliability Engineer at Google. Focus areas include Linux, Python, Kubernetes. Interested in mentoring students pursuing DevOps careers.",B.Tech CSE → Data Analyst → Site Reliability Engineer @ Google
1070,Sourav Sen,1,DevOps Engineer,Microsoft,DevOps,Terraform; Kubernetes; Linux; Docker; Azure; CI/CD,8,2018,Limited,Yes,4.6,"8 years of experience in DevOps. Currently working as DevOps Engineer at Microsoft. Focus areas include Terraform, Kubernetes, Linux. Interested in mentoring students pursuing DevOps careers.",B.Tech CSE → Research Intern → DevOps Engineer @ Microsoft
1071,Debanjan Ghosh,1,Blockchain Developer,Polygon Labs,Blockchain,Smart Contracts; Node.js; Solidity; Web3; JavaScript; Ethereum,10,2014,Available,Yes,3.9,"10 years of experience in Blockchain. Currently working as Blockchain Developer at Polygon Labs. Focus areas include Smart Contracts, Node.js, Solidity. Interested in mentoring students pursuing Blockchain careers.",B.Tech CSE → Analyst → Blockchain Developer @ Polygon Labs
1072,Riya Singh,1,Blockchain Engineer,CoinDCX,Blockchain,Ethereum; Cryptography; Solidity; Python; Web3; Smart Contracts,11,2012,Available,Yes,4.0,"11 years of experience in Blockchain. Currently working as Blockchain Engineer at CoinDCX. Focus areas include Ethereum, Cryptography, Solidity. Interested in mentoring students pursuing Blockchain careers.",B.Tech CSE → Junior Engineer → Blockchain Engineer @ CoinDCX
1073,Ananya Das,1,Data Engineer,Accenture,Data Engineering,Spark; ETL; Python; SQL; Azure,14,2011,Available,Yes,4.3,"14 years of experience in Data Engineering. Currently working as Data Engineer at Accenture. Focus areas include Spark, ETL, Python. Interested in mentoring students pursuing Data Engineering careers.",B.Tech CSE → Junior Engineer → Data Engineer @ Accenture
1074,Kunal Ghosh,1,AI Engineer,Accenture,AI/ML,SQL; MLOps; Azure; Machine Learning,2,2021,Unavailable,Yes,4.8,"2 years of experience in AI/ML. Currently working as AI Engineer at Accenture. Focus areas include SQL, MLOps, Azure. Interested in mentoring students pursuing AI/ML careers.",B.Tech CSE → Software Engineer → AI Engineer @ Accenture
1075,Ishaan Singh,1,Cybersecurity Analyst,Accenture,Cybersecurity,SOC; Cloud Security; Network Security; Incident Response,6,2017,Limited,Yes,4.7,"6 years of experience in Cybersecurity. Currently working as Cybersecurity Analyst at Accenture. Focus areas include SOC, Cloud Security, Network Security. Interested in mentoring students pursuing Cybersecurity careers.",B.Tech CSE → Research Intern → Cybersecurity Analyst @ Accenture
1076,Tanmoy Iyer,1,AI Research Scientist,Google,AI/ML,PyTorch; Deep Learning; Python; Transformers; Machine Learning; NLP,2,2024,Unavailable,Yes,4.8,"2 years of experience in AI/ML. Currently working as AI Research Scientist at Google. Focus areas include PyTorch, Deep Learning, Python. Interested in mentoring students pursuing AI/ML careers.",B.Tech CSE → Analyst → AI Research Scientist @ Google
1077,Anirban Das,1,Research Engineer,Google,AI/ML,Machine Learning; TensorFlow; MLOps; PyTorch; Deep Learning; Python,8,2018,Available,Yes,4.4,"8 years of experience in AI/ML. Currently working as Research Engineer at Google. Focus areas include Machine Learning, TensorFlow, MLOps. Interested in mentoring students pursuing AI/ML careers.",B.Tech CSE → Analyst → Research Engineer @ Google
1078,Nisha Patel,1,Machine Learning Engineer,Google,AI/ML,MLOps; TensorFlow; Python; GCP; Machine Learning; SQL,3,2020,Available,Yes,4.9,"3 years of experience in AI/ML. Currently working as Machine Learning Engineer at Google. Focus areas include MLOps, TensorFlow, Python. Interested in mentoring students pursuing AI/ML careers.",B.Tech CSE → Data Analyst → Machine Learning Engineer @ Google
1079,Kunal Sharma,1,Software Engineer,Google,Software Engineering,Data Structures; C++; System Design; Python; Algorithms; Java,5,2019,Unavailable,Yes,4.5,"5 years of experience in Software Engineering. Currently working as Software Engineer at Google. Focus areas include Data Structures, C++, System Design. Interested in mentoring students pursuing Software Engineering careers.",B.Tech CSE → Junior Engineer → Software Engineer @ Google
1080,Aditi Patel,1,Cybersecurity Engineer,Google,Cybersecurity,Linux; SIEM; Cloud Security; Python; Threat Modeling; Network Security,7,2016,Available,Yes,4.8,"7 years of experience in Cybersecurity. Currently working as Cybersecurity Engineer at Google. Focus areas include Linux, SIEM, Cloud Security. Interested in mentoring students pursuing Cybersecurity careers.",B.Tech CSE → Junior Engineer → Cybersecurity Engineer @ Google
1081,Debanjan Iyer,1,Applied Scientist,Amazon,AI/ML,PyTorch; NLP; Python; Statistics; AWS; Machine Learning,12,2011,Limited,Yes,5.0,"12 years of experience in AI/ML. Currently working as Applied Scientist at Amazon. Focus areas include PyTorch, NLP, Python. Interested in mentoring students pursuing AI/ML careers.",B.Tech CSE → Research Intern → Applied Scientist @ Amazon
1082,Arjun Singh,1,Machine Learning Engineer,Amazon,AI/ML,MLOps; Machine Learning; Python; SQL; AWS,15,2008,Available,Yes,4.7,"15 years of experience in AI/ML. Currently working as Machine Learning Engineer at Amazon. Focus areas include MLOps, Machine Learning, Python. Interested in mentoring students pursuing AI/ML careers.",B.Tech CSE → Junior Engineer → Machine Learning Engineer @ Amazon
1083,Tanvi Kapoor,1,Software Development Engineer,Amazon,Software Engineering,Data Structures; AWS; System Design; Algorithms; Java; C++,11,2015,Available,Yes,4.8,"11 years of experience in Software Engineering. Currently working as Software Development Engineer at Amazon. Focus areas include Data Structures, AWS, System Design. Interested in mentoring students pursuing Software Engineering careers.",B.Tech CSE → Analyst → Software Development Engineer @ Amazon
1084,Sayan Sen,1,Data Scientist,Amazon,Data Science,Tableau; Python; Machine Learning; AWS; SQL; Statistics,4,2022,Limited,Yes,5.0,"4 years of experience in Data Science. Currently working as Data Scientist at Amazon. Focus areas include Tableau, Python, Machine Learning. Interested in mentoring students pursuing Data Science careers.",B.Tech CSE → Software Engineer → Data Scientist @ Amazon
1085,Ananya Verma,1,Security Engineer,Amazon,Cybersecurity,IAM; Linux; AWS; Python,5,2019,Available,Yes,4.3,"5 years of experience in Cybersecurity. Currently working as Security Engineer at Amazon. Focus areas include IAM, Linux, AWS. Interested in mentoring students pursuing Cybersecurity careers.",B.Tech CSE → Analyst → Security Engineer @ Amazon
1086,Aditya Mishra,1,Research Scientist,Microsoft,AI/ML,Transformers; PyTorch; Azure; Deep Learning; NLP,14,2009,Unavailable,Yes,4.6,"14 years of experience in AI/ML. Currently working as Research Scientist at Microsoft. Focus areas include Transformers, PyTorch, Azure. Interested in mentoring students pursuing AI/ML careers.",B.Tech CSE → Research Intern → Research Scientist @ Microsoft
1087,Kunal Sharma,1,AI Engineer,Microsoft,AI/ML,Python; TensorFlow; Machine Learning; MLOps,15,2008,Available,Yes,4.6,"15 years of experience in AI/ML. Currently working as AI Engineer at Microsoft. Focus areas include Python, TensorFlow, Machine Learning. Interested in mentoring students pursuing AI/ML careers.",B.Tech CSE → Junior Engineer → AI Engineer @ Microsoft
1088,Sayan Mehta,1,Software Engineer,Microsoft,Software Engineering,Data Structures; System Design; C#; Algorithms,12,2012,Limited,Yes,4.8,"12 years of experience in Software Engineering. Currently working as Software Engineer at Microsoft. Focus areas include Data Structures, System Design, C#. Interested in mentoring students pursuing Software Engineering careers.",B.Tech CSE → Research Intern → Software Engineer @ Microsoft
1089,Priya Bose,1,Cloud Engineer,Microsoft,Cloud,Linux; Kubernetes; Azure; Terraform; Python; Docker,10,2014,Available,Yes,3.8,"10 years of experience in Cloud. Currently working as Cloud Engineer at Microsoft. Focus areas include Linux, Kubernetes, Azure. Interested in mentoring students pursuing Cloud careers.",B.Tech CSE → Junior Engineer → Cloud Engineer @ Microsoft
1090,Ritwik Chatterjee,1,Security Analyst,Microsoft,Cybersecurity,Network Security; Azure; SIEM; Threat Hunting; Python; Incident Response,10,2014,Available,Yes,4.6,"10 years of experience in Cybersecurity. Currently working as Security Analyst at Microsoft. Focus areas include Network Security, Azure, SIEM. Interested in mentoring students pursuing Cybersecurity careers.",B.Tech CSE → Research Intern → Security Analyst @ Microsoft
1091,Vivaan Reddy,1,AI Research Scientist,Meta,AI/ML,Transformers; Computer Vision; PyTorch; Python; Deep Learning,6,2019,Available,Yes,4.9,"6 years of experience in AI/ML. Currently working as AI Research Scientist at Meta. Focus areas include Transformers, Computer Vision, PyTorch. Interested in mentoring students pursuing AI/ML careers.",B.Tech CSE → Data Analyst → AI Research Scientist @ Meta
1092,Tanmoy Bose,1,Machine Learning Engineer,Meta,AI/ML,Machine Learning; MLOps; Python; PyTorch; SQL,9,2015,Available,Yes,4.1,"9 years of experience in AI/ML. Currently working as Machine Learning Engineer at Meta. Focus areas include Machine Learning, MLOps, Python. Interested in mentoring students pursuing AI/ML careers.",B.Tech CSE → Analyst → Machine Learning Engineer @ Meta
1093,Ritwik Chatterjee,1,Software Engineer,Meta,Software Engineering,C++; React; System Design; Python; Algorithms,14,2009,Unavailable,Yes,4.2,"14 years of experience in Software Engineering. Currently working as Software Engineer at Meta. Focus areas include C++, React, System Design. Interested in mentoring students pursuing Software Engineering careers.",B.Tech CSE → Junior Engineer → Software Engineer @ Meta
1094,Priya Kapoor,1,Data Engineer,Meta,Data Engineering,Python; ETL; Spark; Kafka; Data Warehousing,14,2010,Available,Yes,4.6,"14 years of experience in Data Engineering. Currently working as Data Engineer at Meta. Focus areas include Python, ETL, Spark. Interested in mentoring students pursuing Data Engineering careers.",B.Tech CSE → Software Engineer → Data Engineer @ Meta
1095,Sayan Nair,1,Deep Learning Engineer,NVIDIA,AI/ML,Python; CUDA; Deep Learning; Computer Vision,15,2009,Limited,Yes,3.9,"15 years of experience in AI/ML. Currently working as Deep Learning Engineer at NVIDIA. Focus areas include Python, CUDA, Deep Learning. Interested in mentoring students pursuing AI/ML careers.",B.Tech CSE → Software Engineer → Deep Learning Engineer @ NVIDIA
1096,Rohan Patel,1,AI Researcher,NVIDIA,AI/ML,Research; Deep Learning; Transformers; CUDA; Python; PyTorch,3,2020,Limited,Yes,4.2,"3 years of experience in AI/ML. Currently working as AI Researcher at NVIDIA. Focus areas include Research, Deep Learning, Transformers. Interested in mentoring students pursuing AI/ML careers.",B.Tech CSE → Software Engineer → AI Researcher @ NVIDIA
1097,Anirban Iyer,1,GPU Software Engineer,NVIDIA,Software Engineering,CUDA; Parallel Computing; Algorithms; C++; Python,10,2013,Available,Yes,3.8,"10 years of experience in Software Engineering. Currently working as GPU Software Engineer at NVIDIA. Focus areas include CUDA, Parallel Computing, Algorithms. Interested in mentoring students pursuing Software Engineering careers.",B.Tech CSE → Software Engineer → GPU Software Engineer @ NVIDIA
1098,Arindam Bose,1,Cybersecurity Analyst,DRDO,Cybersecurity,Python; Cryptography; Threat Analysis; Network Security,9,2015,Available,Yes,4.3,"9 years of experience in Cybersecurity. Currently working as Cybersecurity Analyst at DRDO. Focus areas include Python, Cryptography, Threat Analysis. Interested in mentoring students pursuing Cybersecurity careers.",B.Tech CSE → Analyst → Cybersecurity Analyst @ DRDO
1099,Sayan Mishra,1,Security Researcher,DRDO,Cybersecurity,Linux; Cryptography; Python; Malware Analysis,1,2025,Available,Yes,4.1,"1 years of experience in Cybersecurity. Currently working as Security Researcher at DRDO. Focus areas include Linux, Cryptography, Python. Interested in mentoring students pursuing Cybersecurity careers.",B.Tech CSE → Analyst → Security Researcher @ DRDO
1100,Priya Banerjee,1,AI Scientist,DRDO,AI/ML,Python; Computer Vision; Machine Learning; PyTorch; Deep Learning; Signal Processing,14,2011,Available,Yes,4.7,"14 years of experience in AI/ML. Currently working as AI Scientist at DRDO. Focus areas include Python, Computer Vision, Machine Learning. Interested in mentoring students pursuing AI/ML careers.",B.Tech CSE → Software Engineer → AI Scientist @ DRDO
1101,Arindam Sharma,1,Research Scientist,DRDO,Defence Research,C++; Signal Processing; Python; Research,3,2023,Available,Yes,4.7,"3 years of experience in Defence Research. Currently working as Research Scientist at DRDO. Focus areas include C++, Signal Processing, Python. Interested in mentoring students pursuing Defence Research careers.",B.Tech CSE → Junior Engineer → Research Scientist @ DRDO
1102,Vivaan Dutta,1,Embedded Systems Engineer,DRDO,Embedded Systems,Microcontrollers; Electronics; Embedded C; RTOS,12,2011,Unavailable,Yes,3.9,"12 years of experience in Embedded Systems. Currently working as Embedded Systems Engineer at DRDO. Focus areas include Microcontrollers, Electronics, Embedded C. Interested in mentoring students pursuing Embedded Systems careers.",B.Tech CSE → Data Analyst → Embedded Systems Engineer @ DRDO
1103,Arjun Nair,1,Scientist/Engineer,ISRO,Space Technology,Embedded Systems; MATLAB; Signal Processing; Systems Engineering; C++; Python,9,2016,Unavailable,Yes,3.9,"9 years of experience in Space Technology. Currently working as Scientist/Engineer at ISRO. Focus areas include Embedded Systems, MATLAB, Signal Processing. Interested in mentoring students pursuing Space Technology careers.",B.Tech CSE → Research Intern → Scientist/Engineer @ ISRO
1104,Subhajit Kapoor,1,Data Scientist,ISRO,Data Science,Python; Computer Vision; Remote Sensing; GIS; Statistics,7,2019,Limited,Yes,4.7,"7 years of experience in Data Science. Currently working as Data Scientist at ISRO. Focus areas include Python, Computer Vision, Remote Sensing. Interested in mentoring students pursuing Data Science careers.",B.Tech CSE → Software Engineer → Data Scientist @ ISRO
1105,Reyansh Roy,1,Cybersecurity Engineer,ISRO,Cybersecurity,Python; Cryptography; SIEM; Linux; Cloud Security; Network Security,10,2014,Limited,Yes,5.0,"10 years of experience in Cybersecurity. Currently working as Cybersecurity Engineer at ISRO. Focus areas include Python, Cryptography, SIEM. Interested in mentoring students pursuing Cybersecurity careers.",B.Tech CSE → Research Intern → Cybersecurity Engineer @ ISRO
1106,Nisha Chatterjee,1,Computer Vision Engineer,ISRO,AI/ML,Python; Deep Learning; Remote Sensing; OpenCV; PyTorch; Computer Vision,7,2017,Limited,Yes,4.3,"7 years of experience in AI/ML. Currently working as Computer Vision Engineer at ISRO. Focus areas include Python, Deep Learning, Remote Sensing. Interested in mentoring students pursuing AI/ML careers.",B.Tech CSE → Analyst → Computer Vision Engineer @ ISRO
1107,Arindam Iyer,1,Software Engineer,TCS,Software Engineering,AWS; SQL; Spring Boot; Git,2,2024,Available,Yes,3.9,"2 years of experience in Software Engineering. Currently working as Software Engineer at TCS. Focus areas include AWS, SQL, Spring Boot. Interested in mentoring students pursuing Software Engineering careers.",B.Tech CSE → Software Engineer → Software Engineer @ TCS
1108,Priya Patel,1,Data Scientist,TCS,Data Science,Pandas; Python; Machine Learning; Statistics; SQL; Power BI,9,2015,Available,Yes,4.3,"9 years of experience in Data Science. Currently working as Data Scientist at TCS. Focus areas include Pandas, Python, Machine Learning. Interested in mentoring students pursuing Data Science careers.",B.Tech CSE → Software Engineer → Data Scientist @ TCS
1109,Priya Singh,1,Cloud Engineer,TCS,Cloud,Docker; Terraform; Linux; AWS,4,2021,Limited,Yes,4.1,"4 years of experience in Cloud. Currently working as Cloud Engineer at TCS. Focus areas include Docker, Terraform, Linux. Interested in mentoring students pursuing Cloud careers.",B.Tech CSE → Junior Engineer → Cloud Engineer @ TCS
1110,Priya Chatterjee,1,Cybersecurity Analyst,TCS,Cybersecurity,SOC; Incident Response; SIEM; Linux; Network Security; Python,13,2010,Unavailable,Yes,5.0,"13 years of experience in Cybersecurity. Currently working as Cybersecurity Analyst at TCS. Focus areas include SOC, Incident Response, SIEM. Interested in mentoring students pursuing Cybersecurity careers.",B.Tech CSE → Analyst → Cybersecurity Analyst @ TCS
1111,Kunal Sen,1,Technology Analyst,Infosys,Software Engineering,Cloud; REST APIs; Java; Git,15,2009,Available,Yes,3.8,"15 years of experience in Software Engineering. Currently working as Technology Analyst at Infosys. Focus areas include Cloud, REST APIs, Java. Interested in mentoring students pursuing Software Engineering careers.",B.Tech CSE → Software Engineer → Technology Analyst @ Infosys
1112,Aditya Singh,1,AI Engineer,Infosys,AI/ML,TensorFlow; Azure; SQL; NLP,4,2019,Limited,Yes,4.3,"4 years of experience in AI/ML. Currently working as AI Engineer at Infosys. Focus areas include TensorFlow, Azure, SQL. Interested in mentoring students pursuing AI/ML careers.",B.Tech CSE → Data Analyst → AI Engineer @ Infosys
1113,Aditya Verma,1,Cybersecurity Consultant,Infosys,Cybersecurity,Network Security; Cloud Security; Risk Assessment; IAM,3,2022,Unavailable,Yes,3.9,"3 years of experience in Cybersecurity. Currently working as Cybersecurity Consultant at Infosys. Focus areas include Network Security, Cloud Security, Risk Assessment. Interested in mentoring students pursuing Cybersecurity careers.",B.Tech CSE → Data Analyst → Cybersecurity Consultant @ Infosys
1114,Nisha Mehta,1,Data Scientist,Deloitte,Data Science,Python; Machine Learning; Tableau; Statistics; SQL,5,2020,Unavailable,Yes,3.9,"5 years of experience in Data Science. Currently working as Data Scientist at Deloitte. Focus areas include Python, Machine Learning, Tableau. Interested in mentoring students pursuing Data Science careers.",B.Tech CSE → Software Engineer → Data Scientist @ Deloitte
1115,Rohan Kapoor,1,Cybersecurity Consultant,Deloitte,Cybersecurity,SIEM; IAM; Network Security; Incident Response,10,2016,Available,Yes,4.0,"10 years of experience in Cybersecurity. Currently working as Cybersecurity Consultant at Deloitte. Focus areas include SIEM, IAM, Network Security. Interested in mentoring students pursuing Cybersecurity careers.",B.Tech CSE → Software Engineer → Cybersecurity Consultant @ Deloitte
1116,Aarav Iyer,1,Technology Consultant,Deloitte,Consulting,Agile; SQL; Cloud; Python; System Design; Business Analysis,12,2011,Available,Yes,4.0,"12 years of experience in Consulting. Currently working as Technology Consultant at Deloitte. Focus areas include Agile, SQL, Cloud. Interested in mentoring students pursuing Consulting careers.",B.Tech CSE → Research Intern → Technology Consultant @ Deloitte
1117,Aarav Nair,1,Quantitative Analyst,Goldman Sachs,FinTech,Machine Learning; C++; Statistics; Python; SQL; Finance,15,2011,Available,Yes,4.5,"15 years of experience in FinTech. Currently working as Quantitative Analyst at Goldman Sachs. Focus areas include Machine Learning, C++, Statistics. Interested in mentoring students pursuing FinTech careers.",B.Tech CSE → Junior Engineer → Quantitative Analyst @ Goldman Sachs
1118,Krish Mishra,1,Software Engineer,Goldman Sachs,Software Engineering,Python; System Design; Data Structures; SQL,8,2016,Available,Yes,4.3,"8 years of experience in Software Engineering. Currently working as Software Engineer at Goldman Sachs. Focus areas include Python, System Design, Data Structures. Interested in mentoring students pursuing Software Engineering careers.",B.Tech CSE → Software Engineer → Software Engineer @ Goldman Sachs
1119,Ishita Sen,1,Cybersecurity Analyst,Goldman Sachs,Cybersecurity,SIEM; Threat Hunting; Incident Response; Network Security,12,2012,Available,Yes,4.2,"12 years of experience in Cybersecurity. Currently working as Cybersecurity Analyst at Goldman Sachs. Focus areas include SIEM, Threat Hunting, Incident Response. Interested in mentoring students pursuing Cybersecurity careers.",B.Tech CSE → Data Analyst → Cybersecurity Analyst @ Goldman Sachs
1120,Ishaan Bose,1,Data Scientist,JPMorgan Chase,Data Science,SQL; AWS; Finance; Machine Learning; Python,6,2019,Available,Yes,3.9,"6 years of experience in Data Science. Currently working as Data Scientist at JPMorgan Chase. Focus areas include SQL, AWS, Finance. Interested in mentoring students pursuing Data Science careers.",B.Tech CSE → Analyst → Data Scientist @ JPMorgan Chase
1121,Ritwik Iyer,1,Software Engineer,JPMorgan Chase,Software Engineering,SQL; Microservices; Spring Boot; AWS; Java; System Design,8,2015,Unavailable,Yes,4.6,"8 years of experience in Software Engineering. Currently working as Software Engineer at JPMorgan Chase. Focus areas include SQL, Microservices, Spring Boot. Interested in mentoring students pursuing Software Engineering careers.",B.Tech CSE → Research Intern → Software Engineer @ JPMorgan Chase
1122,Sayan Sen,1,AI Engineer,IBM,AI/ML,Python; NLP; Watson; Machine Learning; Kubernetes; Docker,13,2011,Unavailable,Yes,3.9,"13 years of experience in AI/ML. Currently working as AI Engineer at IBM. Focus areas include Python, NLP, Watson. Interested in mentoring students pursuing AI/ML careers.",B.Tech CSE → Junior Engineer → AI Engineer @ IBM
1123,Anirban Sen,1,Cloud Engineer,IBM,Cloud,OpenShift; Python; Kubernetes; Docker; Terraform,2,2024,Unavailable,Yes,4.5,"2 years of experience in Cloud. Currently working as Cloud Engineer at IBM. Focus areas include OpenShift, Python, Kubernetes. Interested in mentoring students pursuing Cloud careers.",B.Tech CSE → Junior Engineer → Cloud Engineer @ IBM
1124,Tanvi Iyer,1,Security Consultant,IBM,Cybersecurity,Linux; SIEM; Cloud Security; Risk Assessment; IAM,9,2016,Available,Yes,4.3,"9 years of experience in Cybersecurity. Currently working as Security Consultant at IBM. Focus areas include Linux, SIEM, Cloud Security. Interested in mentoring students pursuing Cybersecurity careers.",B.Tech CSE → Research Intern → Security Consultant @ IBM
1125,Nisha Singh,1,Machine Learning Engineer,Adobe,AI/ML,Computer Vision; AWS; Machine Learning; MLOps; Python,9,2016,Available,Yes,4.2,"9 years of experience in AI/ML. Currently working as Machine Learning Engineer at Adobe. Focus areas include Computer Vision, AWS, Machine Learning. Interested in mentoring students pursuing AI/ML careers.",B.Tech CSE → Junior Engineer → Machine Learning Engineer @ Adobe
1126,Aditya Ghosh,1,Software Engineer,Adobe,Software Engineering,Algorithms; C++; React; Java; Data Structures; Cloud,2,2021,Available,Yes,4.1,"2 years of experience in Software Engineering. Currently working as Software Engineer at Adobe. Focus areas include Algorithms, C++, React. Interested in mentoring students pursuing Software Engineering careers.",B.Tech CSE → Junior Engineer → Software Engineer @ Adobe
1127,Sayan Kapoor,1,Data Scientist,Adobe,Data Science,Machine Learning; SQL; Python; Tableau; Experimentation; Statistics,3,2023,Available,Yes,4.5,"3 years of experience in Data Science. Currently working as Data Scientist at Adobe. Focus areas include Machine Learning, SQL, Python. Interested in mentoring students pursuing Data Science careers.",B.Tech CSE → Software Engineer → Data Scientist @ Adobe
1128,Diya Sen,1,Machine Learning Engineer,Flipkart,AI/ML,Machine Learning; MLOps; Spark; Python; Recommendation Systems,3,2022,Available,Yes,4.9,"3 years of experience in AI/ML. Currently working as Machine Learning Engineer at Flipkart. Focus areas include Machine Learning, MLOps, Spark. Interested in mentoring students pursuing AI/ML careers.",B.Tech CSE → Junior Engineer → Machine Learning Engineer @ Flipkart
1129,Subhajit Das,1,Software Development Engineer,Flipkart,Software Engineering,C++; Algorithms; Data Structures; Java; System Design; Microservices,9,2017,Available,Yes,4.9,"9 years of experience in Software Engineering. Currently working as Software Development Engineer at Flipkart. Focus areas include C++, Algorithms, Data Structures. Interested in mentoring students pursuing Software Engineering careers.",B.Tech CSE → Data Analyst → Software Development Engineer @ Flipkart
1130,Abhishek Mukherjee,1,Data Scientist,Flipkart,Data Science,A/B Testing; SQL; Statistics; Machine Learning; Spark; Python,12,2011,Available,Yes,4.3,"12 years of experience in Data Science. Currently working as Data Scientist at Flipkart. Focus areas include A/B Testing, SQL, Statistics. Interested in mentoring students pursuing Data Science careers.",B.Tech CSE → Analyst → Data Scientist @ Flipkart
1131,Aditi Chatterjee,1,Software Engineer,Walmart Global Tech,Software Engineering,AWS; SQL; Microservices; Spring Boot; System Design; Java,5,2018,Available,Yes,4.2,"5 years of experience in Software Engineering. Currently working as Software Engineer at Walmart Global Tech. Focus areas include AWS, SQL, Microservices. Interested in mentoring students pursuing Software Engineering careers.",B.Tech CSE → Analyst → Software Engineer @ Walmart Global Tech
1132,Abhishek Mishra,1,Data Scientist,Walmart Global Tech,Data Science,Spark; Python; Azure; SQL; Statistics,3,2021,Available,Yes,4.6,"3 years of experience in Data Science. Currently working as Data Scientist at Walmart Global Tech. Focus areas include Spark, Python, Azure. Interested in mentoring students pursuing Data Science careers.",B.Tech CSE → Analyst → Data Scientist @ Walmart Global Tech
1133,Kunal Nair,1,ML Engineer,Walmart Global Tech,AI/ML,MLOps; Machine Learning; Python; PyTorch,15,2010,Limited,Yes,3.9,"15 years of experience in AI/ML. Currently working as ML Engineer at Walmart Global Tech. Focus areas include MLOps, Machine Learning, Python. Interested in mentoring students pursuing AI/ML careers.",B.Tech CSE → Software Engineer → ML Engineer @ Walmart Global Tech
1134,Ishita Singh,1,AI Engineer,Samsung R&D,AI/ML,TensorFlow; Python; Computer Vision; C++; Android,6,2019,Limited,Yes,5.0,"6 years of experience in AI/ML. Currently working as AI Engineer at Samsung R&D. Focus areas include TensorFlow, Python, Computer Vision. Interested in mentoring students pursuing AI/ML careers.",B.Tech CSE → Analyst → AI Engineer @ Samsung R&D
1135,Reyansh Verma,1,Research Engineer,Samsung R&D,AI/ML,Signal Processing; C++; Python; Research; Deep Learning,5,2018,Available,Yes,4.7,"5 years of experience in AI/ML. Currently working as Research Engineer at Samsung R&D. Focus areas include Signal Processing, C++, Python. Interested in mentoring students pursuing AI/ML careers.",B.Tech CSE → Junior Engineer → Research Engineer @ Samsung R&D
1136,Ishaan Dutta,1,Embedded Software Engineer,Samsung R&D,Embedded Systems,Embedded Linux; C; Microcontrollers; RTOS,9,2014,Available,Yes,4.7,"9 years of experience in Embedded Systems. Currently working as Embedded Software Engineer at Samsung R&D. Focus areas include Embedded Linux, C, Microcontrollers. Interested in mentoring students pursuing Embedded Systems careers.",B.Tech CSE → Research Intern → Embedded Software Engineer @ Samsung R&D
1137,Sayan Mishra,1,Robotics Engineer,Bosch,Robotics,Embedded Systems; Control Systems; Python; C++; Computer Vision,8,2018,Available,Yes,4.8,"8 years of experience in Robotics. Currently working as Robotics Engineer at Bosch. Focus areas include Embedded Systems, Control Systems, Python. Interested in mentoring students pursuing Robotics careers.",B.Tech CSE → Analyst → Robotics Engineer @ Bosch
1138,Rahul Mehta,1,Embedded Engineer,Bosch,Embedded Systems,Microcontrollers; C; Embedded C; RTOS,1,2023,Available,Yes,4.5,"1 years of experience in Embedded Systems. Currently working as Embedded Engineer at Bosch. Focus areas include Microcontrollers, C, Embedded C. Interested in mentoring students pursuing Embedded Systems careers.",B.Tech CSE → Data Analyst → Embedded Engineer @ Bosch
1139,Aditi Singh,1,Data Scientist,Bosch,Data Science,IoT; Time Series; Machine Learning; SQL,13,2013,Limited,Yes,4.8,"13 years of experience in Data Science. Currently working as Data Scientist at Bosch. Focus areas include IoT, Time Series, Machine Learning. Interested in mentoring students pursuing Data Science careers.",B.Tech CSE → Software Engineer → Data Scientist @ Bosch
1140,Diya Gupta,1,Product Manager,Microsoft,Product Management,SQL; Analytics; Product Strategy; User Research; Roadmapping; Agile,6,2019,Available,Yes,4.7,"6 years of experience in Product Management. Currently working as Product Manager at Microsoft. Focus areas include SQL, Analytics, Product Strategy. Interested in mentoring students pursuing Product Management careers.",B.Tech CSE → Research Intern → Product Manager @ Microsoft
1141,Soumyajit Iyer,1,Product Manager,Google,Product Management,Product Strategy; SQL; Analytics; Roadmapping; A/B Testing,11,2014,Available,Yes,3.9,"11 years of experience in Product Management. Currently working as Product Manager at Google. Focus areas include Product Strategy, SQL, Analytics. Interested in mentoring students pursuing Product Management careers.",B.Tech CSE → Software Engineer → Product Manager @ Google
1142,Ananya Sen,1,Technical Program Manager,Amazon,Product Management,Stakeholder Management; AWS; System Design; Analytics,9,2014,Unavailable,Yes,4.4,"9 years of experience in Product Management. Currently working as Technical Program Manager at Amazon. Focus areas include Stakeholder Management, AWS, System Design. Interested in mentoring students pursuing Product Management careers.",B.Tech CSE → Software Engineer → Technical Program Manager @ Amazon
1143,Subhajit Ghosh,1,DevOps Engineer,Atlassian,DevOps,Linux; Terraform; CI/CD; Docker; AWS,5,2021,Available,Yes,4.3,"5 years of experience in DevOps. Currently working as DevOps Engineer at Atlassian. Focus areas include Linux, Terraform, CI/CD. Interested in mentoring students pursuing DevOps careers.",B.Tech CSE → Research Intern → DevOps Engineer @ Atlassian
1144,Soumyajit Iyer,1,Site Reliability Engineer,Google,DevOps,GCP; Monitoring; Python; Kubernetes,6,2018,Available,Yes,4.7,"6 years of experience in DevOps. Currently working as Site Reliability Engineer at Google. Focus areas include GCP, Monitoring, Python. Interested in mentoring students pursuing DevOps careers.",B.Tech CSE → Junior Engineer → Site Reliability Engineer @ Google
1145,Ananya Das,1,DevOps Engineer,Microsoft,DevOps,Linux; Terraform; Docker; Kubernetes; CI/CD; Azure,2,2022,Available,Yes,4.2,"2 years of experience in DevOps. Currently working as DevOps Engineer at Microsoft. Focus areas include Linux, Terraform, Docker. Interested in mentoring students pursuing DevOps careers.",B.Tech CSE → Research Intern → DevOps Engineer @ Microsoft
1146,Vivaan Bose,1,Blockchain Developer,Polygon Labs,Blockchain,Solidity; Ethereum; Web3; Smart Contracts,10,2013,Available,Yes,4.6,"10 years of experience in Blockchain. Currently working as Blockchain Developer at Polygon Labs. Focus areas include Solidity, Ethereum, Web3. Interested in mentoring students pursuing Blockchain careers.",B.Tech CSE → Analyst → Blockchain Developer @ Polygon Labs
1147,Aarav Dutta,1,Blockchain Engineer,CoinDCX,Blockchain,Cryptography; Web3; Smart Contracts; Python,14,2009,Available,Yes,4.0,"14 years of experience in Blockchain. Currently working as Blockchain Engineer at CoinDCX. Focus areas include Cryptography, Web3, Smart Contracts. Interested in mentoring students pursuing Blockchain careers.",B.Tech CSE → Data Analyst → Blockchain Engineer @ CoinDCX
1148,Vivaan Mishra,1,Data Engineer,Accenture,Data Engineering,Azure; SQL; Spark; Data Warehousing,3,2020,Available,Yes,4.2,"3 years of experience in Data Engineering. Currently working as Data Engineer at Accenture. Focus areas include Azure, SQL, Spark. Interested in mentoring students pursuing Data Engineering careers.",B.Tech CSE → Junior Engineer → Data Engineer @ Accenture
1149,Sayan Roy,1,AI Engineer,Accenture,AI/ML,MLOps; Azure; Python; Machine Learning; NLP,4,2022,Available,Yes,4.7,"4 years of experience in AI/ML. Currently working as AI Engineer at Accenture. Focus areas include MLOps, Azure, Python. Interested in mentoring students pursuing AI/ML careers.",B.Tech CSE → Research Intern → AI Engineer @ Accenture
1150,Ishaan Mishra,1,Cybersecurity Analyst,Accenture,Cybersecurity,Incident Response; Network Security; Linux; SIEM,5,2018,Available,Yes,3.9,"5 years of experience in Cybersecurity. Currently working as Cybersecurity Analyst at Accenture. Focus areas include Incident Response, Network Security, Linux. Interested in mentoring students pursuing Cybersecurity careers.",B.Tech CSE → Junior Engineer → Cybersecurity Analyst @ Accenture
1151,Arindam Bose,1,AI Research Scientist,Google,AI/ML,PyTorch; Machine Learning; Deep Learning; NLP; Python,12,2014,Unavailable,Yes,4.5,"12 years of experience in AI/ML. Currently working as AI Research Scientist at Google. Focus areas include PyTorch, Machine Learning, Deep Learning. Interested in mentoring students pursuing AI/ML careers.",B.Tech CSE → Software Engineer → AI Research Scientist @ Google
1152,Ishaan Dutta,1,Research Engineer,Google,AI/ML,Machine Learning; Deep Learning; PyTorch; MLOps; Python; TensorFlow,4,2019,Available,Yes,4.2,"4 years of experience in AI/ML. Currently working as Research Engineer at Google. Focus areas include Machine Learning, Deep Learning, PyTorch. Interested in mentoring students pursuing AI/ML careers.",B.Tech CSE → Junior Engineer → Research Engineer @ Google
1153,Ishita Iyer,1,Machine Learning Engineer,Google,AI/ML,TensorFlow; Machine Learning; Python; MLOps,9,2014,Limited,Yes,4.8,"9 years of experience in AI/ML. Currently working as Machine Learning Engineer at Google. Focus areas include TensorFlow, Machine Learning, Python. Interested in mentoring students pursuing AI/ML careers.",B.Tech CSE → Research Intern → Machine Learning Engineer @ Google
1154,Arindam Singh,1,Software Engineer,Google,Software Engineering,C++; Data Structures; Java; Algorithms,6,2019,Unavailable,Yes,4.6,"6 years of experience in Software Engineering. Currently working as Software Engineer at Google. Focus areas include C++, Data Structures, Java. Interested in mentoring students pursuing Software Engineering careers.",B.Tech CSE → Data Analyst → Software Engineer @ Google
1155,Reyansh Sen,1,Cybersecurity Engineer,Google,Cybersecurity,Network Security; SIEM; Threat Modeling; Python,3,2022,Available,Yes,4.9,"3 years of experience in Cybersecurity. Currently working as Cybersecurity Engineer at Google. Focus areas include Network Security, SIEM, Threat Modeling. Interested in mentoring students pursuing Cybersecurity careers.",B.Tech CSE → Junior Engineer → Cybersecurity Engineer @ Google
1156,Ishaan Patel,1,Applied Scientist,Amazon,AI/ML,Statistics; PyTorch; AWS; Python,5,2020,Available,Yes,4.5,"5 years of experience in AI/ML. Currently working as Applied Scientist at Amazon. Focus areas include Statistics, PyTorch, AWS. Interested in mentoring students pursuing AI/ML careers.",B.Tech CSE → Data Analyst → Applied Scientist @ Amazon
1157,Debanjan Mishra,1,Machine Learning Engineer,Amazon,AI/ML,SQL; AWS; Machine Learning; MLOps; Docker; Python,6,2020,Available,Yes,3.9,"6 years of experience in AI/ML. Currently working as Machine Learning Engineer at Amazon. Focus areas include SQL, AWS, Machine Learning. Interested in mentoring students pursuing AI/ML careers.",B.Tech CSE → Research Intern → Machine Learning Engineer @ Amazon
1158,Tanmoy Patel,1,Software Development Engineer,Amazon,Software Engineering,Data Structures; AWS; System Design; Java; Algorithms; C++,5,2019,Limited,Yes,4.1,"5 years of experience in Software Engineering. Currently working as Software Development Engineer at Amazon. Focus areas include Data Structures, AWS, System Design. Interested in mentoring students pursuing Software Engineering careers.",B.Tech CSE → Research Intern → Software Development Engineer @ Amazon
1159,Meera Iyer,1,Data Scientist,Amazon,Data Science,Tableau; Statistics; AWS; SQL; Python,8,2017,Available,Yes,4.5,"8 years of experience in Data Science. Currently working as Data Scientist at Amazon. Focus areas include Tableau, Statistics, AWS. Interested in mentoring students pursuing Data Science careers.",B.Tech CSE → Junior Engineer → Data Scientist @ Amazon
1160,Sneha Patel,1,Security Engineer,Amazon,Cybersecurity,Linux; AWS; IAM; Python; Cloud Security,2,2022,Available,Yes,4.4,"2 years of experience in Cybersecurity. Currently working as Security Engineer at Amazon. Focus areas include Linux, AWS, IAM. Interested in mentoring students pursuing Cybersecurity careers.",B.Tech CSE → Junior Engineer → Security Engineer @ Amazon
1161,Ishita Mishra,1,Research Scientist,Microsoft,AI/ML,Azure; NLP; PyTorch; Python; Deep Learning; Transformers,7,2018,Available,Yes,4.8,"7 years of experience in AI/ML. Currently working as Research Scientist at Microsoft. Focus areas include Azure, NLP, PyTorch. Interested in mentoring students pursuing AI/ML careers.",B.Tech CSE → Research Intern → Research Scientist @ Microsoft
1162,Tanmoy Sen,1,AI Engineer,Microsoft,AI/ML,TensorFlow; Azure; MLOps; Machine Learning; Docker; Python,8,2018,Available,Yes,4.9,"8 years of experience in AI/ML. Currently working as AI Engineer at Microsoft. Focus areas include TensorFlow, Azure, MLOps. Interested in mentoring students pursuing AI/ML careers.",B.Tech CSE → Software Engineer → AI Engineer @ Microsoft
1163,Rahul Iyer,1,Software Engineer,Microsoft,Software Engineering,Data Structures; C++; Azure; System Design,10,2013,Available,Yes,4.4,"10 years of experience in Software Engineering. Currently working as Software Engineer at Microsoft. Focus areas include Data Structures, C++, Azure. Interested in mentoring students pursuing Software Engineering careers.",B.Tech CSE → Junior Engineer → Software Engineer @ Microsoft
1164,Ritwik Kapoor,1,Cloud Engineer,Microsoft,Cloud,Docker; Kubernetes; Terraform; Azure; Python; Linux,6,2020,Limited,Yes,3.9,"6 years of experience in Cloud. Currently working as Cloud Engineer at Microsoft. Focus areas include Docker, Kubernetes, Terraform. Interested in mentoring students pursuing Cloud careers.",B.Tech CSE → Data Analyst → Cloud Engineer @ Microsoft
1165,Kunal Mishra,1,Security Analyst,Microsoft,Cybersecurity,Network Security; Threat Hunting; Incident Response; SIEM; Python,11,2015,Available,Yes,5.0,"11 years of experience in Cybersecurity. Currently working as Security Analyst at Microsoft. Focus areas include Network Security, Threat Hunting, Incident Response. Interested in mentoring students pursuing Cybersecurity careers.",B.Tech CSE → Data Analyst → Security Analyst @ Microsoft
1166,Sneha Kapoor,1,AI Research Scientist,Meta,AI/ML,Deep Learning; Computer Vision; NLP; Python; Transformers; PyTorch,9,2017,Available,Yes,3.8,"9 years of experience in AI/ML. Currently working as AI Research Scientist at Meta. Focus areas include Deep Learning, Computer Vision, NLP. Interested in mentoring students pursuing AI/ML careers.",B.Tech CSE → Data Analyst → AI Research Scientist @ Meta
1167,Ananya Mukherjee,1,Machine Learning Engineer,Meta,AI/ML,Recommendation Systems; SQL; Machine Learning; PyTorch; Python; MLOps,7,2017,Unavailable,Yes,4.2,"7 years of experience in AI/ML. Currently working as Machine Learning Engineer at Meta. Focus areas include Recommendation Systems, SQL, Machine Learning. Interested in mentoring students pursuing AI/ML careers.",B.Tech CSE → Junior Engineer → Machine Learning Engineer @ Meta
1168,Arindam Das,1,Software Engineer,Meta,Software Engineering,System Design; Algorithms; Python; React; C++,7,2017,Available,Yes,4.5,"7 years of experience in Software Engineering. Currently working as Software Engineer at Meta. Focus areas include System Design, Algorithms, Python. Interested in mentoring students pursuing Software Engineering careers.",B.Tech CSE → Data Analyst → Software Engineer @ Meta
1169,Riya Mukherjee,1,Data Engineer,Meta,Data Engineering,Python; ETL; Data Warehousing; Kafka,9,2014,Available,Yes,4.8,"9 years of experience in Data Engineering. Currently working as Data Engineer at Meta. Focus areas include Python, ETL, Data Warehousing. Interested in mentoring students pursuing Data Engineering careers.",B.Tech CSE → Software Engineer → Data Engineer @ Meta
1170,Nisha Ghosh,1,Deep Learning Engineer,NVIDIA,AI/ML,C++; Computer Vision; Deep Learning; CUDA; Python,7,2018,Limited,Yes,4.6,"7 years of experience in AI/ML. Currently working as Deep Learning Engineer at NVIDIA. Focus areas include C++, Computer Vision, Deep Learning. Interested in mentoring students pursuing AI/ML careers.",B.Tech CSE → Analyst → Deep Learning Engineer @ NVIDIA
1171,Sneha Banerjee,1,AI Researcher,NVIDIA,AI/ML,PyTorch; Transformers; CUDA; Deep Learning; Research,9,2015,Limited,Yes,4.4,"9 years of experience in AI/ML. Currently working as AI Researcher at NVIDIA. Focus areas include PyTorch, Transformers, CUDA. Interested in mentoring students pursuing AI/ML careers.",B.Tech CSE → Junior Engineer → AI Researcher @ NVIDIA
1172,Tanvi Iyer,1,GPU Software Engineer,NVIDIA,Software Engineering,Linux; Python; CUDA; Algorithms,4,2021,Available,Yes,4.5,"4 years of experience in Software Engineering. Currently working as GPU Software Engineer at NVIDIA. Focus areas include Linux, Python, CUDA. Interested in mentoring students pursuing Software Engineering careers.",B.Tech CSE → Research Intern → GPU Software Engineer @ NVIDIA
1173,Ananya Iyer,1,Cybersecurity Analyst,DRDO,Cybersecurity,SIEM; Cryptography; Threat Analysis; Linux; Python; Network Security,6,2018,Available,Yes,3.9,"6 years of experience in Cybersecurity. Currently working as Cybersecurity Analyst at DRDO. Focus areas include SIEM, Cryptography, Threat Analysis. Interested in mentoring students pursuing Cybersecurity careers.",B.Tech CSE → Software Engineer → Cybersecurity Analyst @ DRDO
1174,Rahul Gupta,1,Security Researcher,DRDO,Cybersecurity,Cryptography; Linux; Malware Analysis; Reverse Engineering,6,2017,Available,Yes,4.7,"6 years of experience in Cybersecurity. Currently working as Security Researcher at DRDO. Focus areas include Cryptography, Linux, Malware Analysis. Interested in mentoring students pursuing Cybersecurity careers.",B.Tech CSE → Junior Engineer → Security Researcher @ DRDO
1175,Reyansh Das,1,AI Scientist,DRDO,AI/ML,Machine Learning; PyTorch; Python; Deep Learning; Signal Processing; Computer Vision,10,2015,Available,Yes,3.9,"10 years of experience in AI/ML. Currently working as AI Scientist at DRDO. Focus areas include Machine Learning, PyTorch, Python. Interested in mentoring students pursuing AI/ML careers.",B.Tech CSE → Research Intern → AI Scientist @ DRDO
1176,Arjun Dutta,1,Research Scientist,DRDO,Defence Research,Research; MATLAB; Signal Processing; C++; Embedded Systems,1,2024,Limited,Yes,4.6,"1 years of experience in Defence Research. Currently working as Research Scientist at DRDO. Focus areas include Research, MATLAB, Signal Processing. Interested in mentoring students pursuing Defence Research careers.",B.Tech CSE → Software Engineer → Research Scientist @ DRDO
1177,Sourav Gupta,1,Embedded Systems Engineer,DRDO,Embedded Systems,C++; Microcontrollers; Electronics; C,11,2014,Unavailable,Yes,4.7,"11 years of experience in Embedded Systems. Currently working as Embedded Systems Engineer at DRDO. Focus areas include C++, Microcontrollers, Electronics. Interested in mentoring students pursuing Embedded Systems careers.",B.Tech CSE → Research Intern → Embedded Systems Engineer @ DRDO
1178,Abhishek Iyer,1,Scientist/Engineer,ISRO,Space Technology,Embedded Systems; C++; MATLAB; Python; Signal Processing; Systems Engineering,3,2021,Available,Yes,3.8,"3 years of experience in Space Technology. Currently working as Scientist/Engineer at ISRO. Focus areas include Embedded Systems, C++, MATLAB. Interested in mentoring students pursuing Space Technology careers.",B.Tech CSE → Analyst → Scientist/Engineer @ ISRO
1179,Subhajit Singh,1,Data Scientist,ISRO,Data Science,Machine Learning; GIS; Remote Sensing; Statistics; Python,8,2016,Available,Yes,4.8,"8 years of experience in Data Science. Currently working as Data Scientist at ISRO. Focus areas include Machine Learning, GIS, Remote Sensing. Interested in mentoring students pursuing Data Science careers.",B.Tech CSE → Software Engineer → Data Scientist @ ISRO
1180,Debanjan Ghosh,1,Cybersecurity Engineer,ISRO,Cybersecurity,Network Security; SIEM; Cryptography; Cloud Security,13,2011,Unavailable,Yes,4.6,"13 years of experience in Cybersecurity. Currently working as Cybersecurity Engineer at ISRO. Focus areas include Network Security, SIEM, Cryptography. Interested in mentoring students pursuing Cybersecurity careers.",B.Tech CSE → Data Analyst → Cybersecurity Engineer @ ISRO
1181,Ananya Gupta,1,Computer Vision Engineer,ISRO,AI/ML,Deep Learning; OpenCV; Python; PyTorch; Computer Vision,7,2019,Available,Yes,5.0,"7 years of experience in AI/ML. Currently working as Computer Vision Engineer at ISRO. Focus areas include Deep Learning, OpenCV, Python. Interested in mentoring students pursuing AI/ML careers.",B.Tech CSE → Analyst → Computer Vision Engineer @ ISRO
1182,Nisha Roy,1,Software Engineer,TCS,Software Engineering,SQL; AWS; Spring Boot; Java,6,2018,Unavailable,Yes,4.7,"6 years of experience in Software Engineering. Currently working as Software Engineer at TCS. Focus areas include SQL, AWS, Spring Boot. Interested in mentoring students pursuing Software Engineering careers.",B.Tech CSE → Software Engineer → Software Engineer @ TCS
1183,Nisha Sen,1,Data Scientist,TCS,Data Science,Machine Learning; Python; Statistics; SQL; Power BI; Pandas,3,2020,Unavailable,Yes,4.9,"3 years of experience in Data Science. Currently working as Data Scientist at TCS. Focus areas include Machine Learning, Python, Statistics. Interested in mentoring students pursuing Data Science careers.",B.Tech CSE → Analyst → Data Scientist @ TCS
1184,Riya Dutta,1,Cloud Engineer,TCS,Cloud,Terraform; Azure; Linux; Docker; AWS,8,2016,Limited,Yes,4.6,"8 years of experience in Cloud. Currently working as Cloud Engineer at TCS. Focus areas include Terraform, Azure, Linux. Interested in mentoring students pursuing Cloud careers.",B.Tech CSE → Data Analyst → Cloud Engineer @ TCS
1185,Nisha Singh,1,Cybersecurity Analyst,TCS,Cybersecurity,SIEM; SOC; Network Security; Linux,12,2012,Available,Yes,4.9,"12 years of experience in Cybersecurity. Currently working as Cybersecurity Analyst at TCS. Focus areas include SIEM, SOC, Network Security. Interested in mentoring students pursuing Cybersecurity careers.",B.Tech CSE → Data Analyst → Cybersecurity Analyst @ TCS
1186,Reyansh Mukherjee,1,Technology Analyst,Infosys,Software Engineering,Cloud; REST APIs; Java; SQL; Python; Git,6,2017,Available,Yes,4.6,"6 years of experience in Software Engineering. Currently working as Technology Analyst at Infosys. Focus areas include Cloud, REST APIs, Java. Interested in mentoring students pursuing Software Engineering careers.",B.Tech CSE → Research Intern → Technology Analyst @ Infosys
1187,Reyansh Singh,1,AI Engineer,Infosys,AI/ML,Azure; TensorFlow; Python; Machine Learning; SQL,7,2016,Unavailable,Yes,3.9,"7 years of experience in AI/ML. Currently working as AI Engineer at Infosys. Focus areas include Azure, TensorFlow, Python. Interested in mentoring students pursuing AI/ML careers.",B.Tech CSE → Software Engineer → AI Engineer @ Infosys
1188,Debanjan Banerjee,1,Cybersecurity Consultant,Infosys,Cybersecurity,SIEM; Risk Assessment; Linux; Cloud Security; IAM; Network Security,10,2016,Available,Yes,4.3,"10 years of experience in Cybersecurity. Currently working as Cybersecurity Consultant at Infosys. Focus areas include SIEM, Risk Assessment, Linux. Interested in mentoring students pursuing Cybersecurity careers.",B.Tech CSE → Junior Engineer → Cybersecurity Consultant @ Infosys
1189,Meera Mukherjee,1,Data Scientist,Deloitte,Data Science,Tableau; Power BI; Statistics; Python; Machine Learning,13,2012,Limited,Yes,4.2,"13 years of experience in Data Science. Currently working as Data Scientist at Deloitte. Focus areas include Tableau, Power BI, Statistics. Interested in mentoring students pursuing Data Science careers.",B.Tech CSE → Junior Engineer → Data Scientist @ Deloitte
1190,Arjun Mukherjee,1,Cybersecurity Consultant,Deloitte,Cybersecurity,Risk Assessment; Incident Response; IAM; SIEM,9,2014,Unavailable,Yes,4.0,"9 years of experience in Cybersecurity. Currently working as Cybersecurity Consultant at Deloitte. Focus areas include Risk Assessment, Incident Response, IAM. Interested in mentoring students pursuing Cybersecurity careers.",B.Tech CSE → Data Analyst → Cybersecurity Consultant @ Deloitte
1191,Meera Patel,1,Technology Consultant,Deloitte,Consulting,Cloud; SQL; Python; Business Analysis,7,2018,Available,Yes,4.4,"7 years of experience in Consulting. Currently working as Technology Consultant at Deloitte. Focus areas include Cloud, SQL, Python. Interested in mentoring students pursuing Consulting careers.",B.Tech CSE → Research Intern → Technology Consultant @ Deloitte
1192,Tanvi Sharma,1,Quantitative Analyst,Goldman Sachs,FinTech,Machine Learning; Finance; Python; C++,4,2021,Available,Yes,3.9,"4 years of experience in FinTech. Currently working as Quantitative Analyst at Goldman Sachs. Focus areas include Machine Learning, Finance, Python. Interested in mentoring students pursuing FinTech careers.",B.Tech CSE → Software Engineer → Quantitative Analyst @ Goldman Sachs
1193,Ishita Nair,1,Software Engineer,Goldman Sachs,Software Engineering,Python; Data Structures; SQL; System Design; Algorithms,4,2021,Available,Yes,4.0,"4 years of experience in Software Engineering. Currently working as Software Engineer at Goldman Sachs. Focus areas include Python, Data Structures, SQL. Interested in mentoring students pursuing Software Engineering careers.",B.Tech CSE → Analyst → Software Engineer @ Goldman Sachs
1194,Rahul Dutta,1,Cybersecurity Analyst,Goldman Sachs,Cybersecurity,Threat Hunting; Incident Response; Python; Network Security,11,2014,Limited,Yes,4.2,"11 years of experience in Cybersecurity. Currently working as Cybersecurity Analyst at Goldman Sachs. Focus areas include Threat Hunting, Incident Response, Python. Interested in mentoring students pursuing Cybersecurity careers.",B.Tech CSE → Research Intern → Cybersecurity Analyst @ Goldman Sachs
1195,Aditi Iyer,1,Data Scientist,JPMorgan Chase,Data Science,AWS; Statistics; Finance; Python; SQL,1,2023,Limited,Yes,4.7,"1 years of experience in Data Science. Currently working as Data Scientist at JPMorgan Chase. Focus areas include AWS, Statistics, Finance. Interested in mentoring students pursuing Data Science careers.",B.Tech CSE → Research Intern → Data Scientist @ JPMorgan Chase
1196,Krish Patel,1,Software Engineer,JPMorgan Chase,Software Engineering,Spring Boot; AWS; Java; SQL; Microservices; System Design,8,2017,Available,Yes,4.2,"8 years of experience in Software Engineering. Currently working as Software Engineer at JPMorgan Chase. Focus areas include Spring Boot, AWS, Java. Interested in mentoring students pursuing Software Engineering careers.",B.Tech CSE → Data Analyst → Software Engineer @ JPMorgan Chase
1197,Sneha Dutta,1,AI Engineer,IBM,AI/ML,Python; Watson; NLP; Kubernetes; Docker; Machine Learning,7,2018,Available,Yes,4.0,"7 years of experience in AI/ML. Currently working as AI Engineer at IBM. Focus areas include Python, Watson, NLP. Interested in mentoring students pursuing AI/ML careers.",B.Tech CSE → Junior Engineer → AI Engineer @ IBM
1198,Ishita Mishra,1,Cloud Engineer,IBM,Cloud,Terraform; Python; Docker; OpenShift; Kubernetes; Linux,10,2016,Available,Yes,4.0,"10 years of experience in Cloud. Currently working as Cloud Engineer at IBM. Focus areas include Terraform, Python, Docker. Interested in mentoring students pursuing Cloud careers.",B.Tech CSE → Junior Engineer → Cloud Engineer @ IBM
1199,Sourav Sharma,1,Security Consultant,IBM,Cybersecurity,Cloud Security; Risk Assessment; Linux; Network Security; SIEM,4,2021,Available,Yes,4.7,"4 years of experience in Cybersecurity. Currently working as Security Consultant at IBM. Focus areas include Cloud Security, Risk Assessment, Linux. Interested in mentoring students pursuing Cybersecurity careers.",B.Tech CSE → Data Analyst → Security Consultant @ IBM
1200,Ananya Sen,1,Machine Learning Engineer,Adobe,AI/ML,Machine Learning; AWS; Computer Vision; PyTorch; Python,7,2016,Unavailable,Yes,4.6,"7 years of experience in AI/ML. Currently working as Machine Learning Engineer at Adobe. Focus areas include Machine Learning, AWS, Computer Vision. Interested in mentoring students pursuing AI/ML careers.",B.Tech CSE → Research Intern → Machine Learning Engineer @ Adobe
1201,Ritwik Ghosh,1,Software Engineer,Adobe,Software Engineering,Algorithms; C++; Cloud; Java,15,2010,Available,Yes,4.2,"15 years of experience in Software Engineering. Currently working as Software Engineer at Adobe. Focus areas include Algorithms, C++, Cloud. Interested in mentoring students pursuing Software Engineering careers.",B.Tech CSE → Junior Engineer → Software Engineer @ Adobe
1202,Aditi Reddy,1,Data Scientist,Adobe,Data Science,SQL; Statistics; Tableau; Experimentation; Machine Learning,10,2013,Available,Yes,4.0,"10 years of experience in Data Science. Currently working as Data Scientist at Adobe. Focus areas include SQL, Statistics, Tableau. Interested in mentoring students pursuing Data Science careers.",B.Tech CSE → Junior Engineer → Data Scientist @ Adobe
1203,Ritwik Iyer,1,Machine Learning Engineer,Flipkart,AI/ML,Machine Learning; MLOps; SQL; Python; Recommendation Systems,12,2011,Limited,Yes,4.0,"12 years of experience in AI/ML. Currently working as Machine Learning Engineer at Flipkart. Focus areas include Machine Learning, MLOps, SQL. Interested in mentoring students pursuing AI/ML careers.",B.Tech CSE → Data Analyst → Machine Learning Engineer @ Flipkart
1204,Vivaan Gupta,1,Software Development Engineer,Flipkart,Software Engineering,C++; Java; Microservices; Algorithms; System Design; Data Structures,14,2012,Available,Yes,4.3,"14 years of experience in Software Engineering. Currently working as Software Development Engineer at Flipkart. Focus areas include C++, Java, Microservices. Interested in mentoring students pursuing Software Engineering careers.",B.Tech CSE → Junior Engineer → Software Development Engineer @ Flipkart
1205,Vivaan Mishra,1,Data Scientist,Flipkart,Data Science,Spark; Statistics; Python; A/B Testing; SQL; Machine Learning,11,2012,Limited,Yes,3.8,"11 years of experience in Data Science. Currently working as Data Scientist at Flipkart. Focus areas include Spark, Statistics, Python. Interested in mentoring students pursuing Data Science careers.",B.Tech CSE → Software Engineer → Data Scientist @ Flipkart
1206,Sneha Mehta,1,Software Engineer,Walmart Global Tech,Software Engineering,Spring Boot; SQL; System Design; Microservices; AWS; Java,13,2012,Available,Yes,4.9,"13 years of experience in Software Engineering. Currently working as Software Engineer at Walmart Global Tech. Focus areas include Spring Boot, SQL, System Design. Interested in mentoring students pursuing Software Engineering careers.",B.Tech CSE → Junior Engineer → Software Engineer @ Walmart Global Tech
1207,Abhishek Kapoor,1,Data Scientist,Walmart Global Tech,Data Science,Azure; SQL; Machine Learning; Statistics,2,2022,Limited,Yes,4.4,"2 years of experience in Data Science. Currently working as Data Scientist at Walmart Global Tech. Focus areas include Azure, SQL, Machine Learning. Interested in mentoring students pursuing Data Science careers.",B.Tech CSE → Software Engineer → Data Scientist @ Walmart Global Tech
1208,Sayan Verma,1,ML Engineer,Walmart Global Tech,AI/ML,Python; Kubernetes; PyTorch; Docker; MLOps,2,2021,Limited,Yes,4.3,"2 years of experience in AI/ML. Currently working as ML Engineer at Walmart Global Tech. Focus areas include Python, Kubernetes, PyTorch. Interested in mentoring students pursuing AI/ML careers.",B.Tech CSE → Research Intern → ML Engineer @ Walmart Global Tech
1209,Sayan Ghosh,1,AI Engineer,Samsung R&D,AI/ML,TensorFlow; C++; Deep Learning; Android,10,2016,Unavailable,Yes,4.9,"10 years of experience in AI/ML. Currently working as AI Engineer at Samsung R&D. Focus areas include TensorFlow, C++, Deep Learning. Interested in mentoring students pursuing AI/ML careers.",B.Tech CSE → Software Engineer → AI Engineer @ Samsung R&D
1210,Sourav Gupta,1,Research Engineer,Samsung R&D,AI/ML,PyTorch; Deep Learning; Python; Signal Processing,11,2013,Unavailable,Yes,4.5,"11 years of experience in AI/ML. Currently working as Research Engineer at Samsung R&D. Focus areas include PyTorch, Deep Learning, Python. Interested in mentoring students pursuing AI/ML careers.",B.Tech CSE → Data Analyst → Research Engineer @ Samsung R&D
1211,Reyansh Kapoor,1,Embedded Software Engineer,Samsung R&D,Embedded Systems,Microcontrollers; RTOS; Embedded Linux; C++,15,2011,Available,Yes,4.0,"15 years of experience in Embedded Systems. Currently working as Embedded Software Engineer at Samsung R&D. Focus areas include Microcontrollers, RTOS, Embedded Linux. Interested in mentoring students pursuing Embedded Systems careers.",B.Tech CSE → Analyst → Embedded Software Engineer @ Samsung R&D
1212,Abhishek Gupta,1,Robotics Engineer,Bosch,Robotics,Python; C++; Computer Vision; ROS,9,2015,Available,Yes,3.9,"9 years of experience in Robotics. Currently working as Robotics Engineer at Bosch. Focus areas include Python, C++, Computer Vision. Interested in mentoring students pursuing Robotics careers.",B.Tech CSE → Software Engineer → Robotics Engineer @ Bosch
1213,Sayan Roy,1,Embedded Engineer,Bosch,Embedded Systems,AUTOSAR; Microcontrollers; C++; Embedded C; RTOS; C,13,2010,Limited,Yes,4.1,"13 years of experience in Embedded Systems. Currently working as Embedded Engineer at Bosch. Focus areas include AUTOSAR, Microcontrollers, C++. Interested in mentoring students pursuing Embedded Systems careers.",B.Tech CSE → Data Analyst → Embedded Engineer @ Bosch
1214,Rahul Chatterjee,1,Data Scientist,Bosch,Data Science,IoT; SQL; Time Series; Statistics; Machine Learning,12,2014,Available,Yes,4.1,"12 years of experience in Data Science. Currently working as Data Scientist at Bosch. Focus areas include IoT, SQL, Time Series. Interested in mentoring students pursuing Data Science careers.",B.Tech CSE → Software Engineer → Data Scientist @ Bosch
1215,Aditya Sharma,1,Product Manager,Microsoft,Product Management,Analytics; Product Strategy; Roadmapping; Agile,5,2018,Available,Yes,4.7,"5 years of experience in Product Management. Currently working as Product Manager at Microsoft. Focus areas include Analytics, Product Strategy, Roadmapping. Interested in mentoring students pursuing Product Management careers.",B.Tech CSE → Research Intern → Product Manager @ Microsoft
1216,Aditi Patel,1,Product Manager,Google,Product Management,A/B Testing; Product Strategy; SQL; Analytics; Roadmapping,9,2014,Available,Yes,3.8,"9 years of experience in Product Management. Currently working as Product Manager at Google. Focus areas include A/B Testing, Product Strategy, SQL. Interested in mentoring students pursuing Product Management careers.",B.Tech CSE → Junior Engineer → Product Manager @ Google
1217,Meera Kapoor,1,Technical Program Manager,Amazon,Product Management,Analytics; Stakeholder Management; AWS; System Design,13,2013,Unavailable,Yes,4.9,"13 years of experience in Product Management. Currently working as Technical Program Manager at Amazon. Focus areas include Analytics, Stakeholder Management, AWS. Interested in mentoring students pursuing Product Management careers.",B.Tech CSE → Research Intern → Technical Program Manager @ Amazon
1218,Krish Dutta,1,DevOps Engineer,Atlassian,DevOps,Docker; Terraform; Kubernetes; Linux,5,2019,Available,Yes,4.4,"5 years of experience in DevOps. Currently working as DevOps Engineer at Atlassian. Focus areas include Docker, Terraform, Kubernetes. Interested in mentoring students pursuing DevOps careers.",B.Tech CSE → Junior Engineer → DevOps Engineer @ Atlassian
1219,Riya Gupta,1,Site Reliability Engineer,Google,DevOps,Monitoring; System Design; Python; GCP; Linux,6,2018,Available,Yes,4.7,"6 years of experience in DevOps. Currently working as Site Reliability Engineer at Google. Focus areas include Monitoring, System Design, Python. Interested in mentoring students pursuing DevOps careers.",B.Tech CSE → Analyst → Site Reliability Engineer @ Google
1220,Rahul Sharma,1,DevOps Engineer,Microsoft,DevOps,Terraform; Kubernetes; Linux; CI/CD; Azure,7,2017,Unavailable,Yes,4.3,"7 years of experience in DevOps. Currently working as DevOps Engineer at Microsoft. Focus areas include Terraform, Kubernetes, Linux. Interested in mentoring students pursuing DevOps careers.",B.Tech CSE → Junior Engineer → DevOps Engineer @ Microsoft
1221,Ananya Mishra,1,Blockchain Developer,Polygon Labs,Blockchain,Web3; Node.js; Ethereum; Smart Contracts; Solidity,12,2013,Limited,Yes,4.2,"12 years of experience in Blockchain. Currently working as Blockchain Developer at Polygon Labs. Focus areas include Web3, Node.js, Ethereum. Interested in mentoring students pursuing Blockchain careers.",B.Tech CSE → Junior Engineer → Blockchain Developer @ Polygon Labs
1222,Ishita Roy,1,Blockchain Engineer,CoinDCX,Blockchain,Python; Smart Contracts; Cryptography; Web3; Solidity; Ethereum,14,2009,Available,Yes,3.9,"14 years of experience in Blockchain. Currently working as Blockchain Engineer at CoinDCX. Focus areas include Python, Smart Contracts, Cryptography. Interested in mentoring students pursuing Blockchain careers.",B.Tech CSE → Analyst → Blockchain Engineer @ CoinDCX
1223,Nisha Sen,1,Data Engineer,Accenture,Data Engineering,Data Warehousing; Spark; SQL; ETL,14,2012,Limited,Yes,4.6,"14 years of experience in Data Engineering. Currently working as Data Engineer at Accenture. Focus areas include Data Warehousing, Spark, SQL. Interested in mentoring students pursuing Data Engineering careers.",B.Tech CSE → Analyst → Data Engineer @ Accenture
1224,Soumyajit Mehta,1,AI Engineer,Accenture,AI/ML,Azure; MLOps; SQL; NLP; Machine Learning; Python,13,2010,Available,Yes,4.3,"13 years of experience in AI/ML. Currently working as AI Engineer at Accenture. Focus areas include Azure, MLOps, SQL. Interested in mentoring students pursuing AI/ML careers.",B.Tech CSE → Junior Engineer → AI Engineer @ Accenture
1225,Soumyajit Patel,1,Cybersecurity Analyst,Accenture,Cybersecurity,Linux; SOC; Network Security; Cloud Security; SIEM; Incident Response,10,2016,Available,Yes,4.7,"10 years of experience in Cybersecurity. Currently working as Cybersecurity Analyst at Accenture. Focus areas include Linux, SOC, Network Security. Interested in mentoring students pursuing Cybersecurity careers.",B.Tech CSE → Junior Engineer → Cybersecurity Analyst @ Accenture
1226,Abhishek Mehta,1,AI Research Scientist,Google,AI/ML,Machine Learning; Transformers; PyTorch; NLP; Deep Learning; Python,2,2024,Available,Yes,4.1,"2 years of experience in AI/ML. Currently working as AI Research Scientist at Google. Focus areas include Machine Learning, Transformers, PyTorch. Interested in mentoring students pursuing AI/ML careers.",B.Tech CSE → Research Intern → AI Research Scientist @ Google
1227,Ritwik Reddy,1,Research Engineer,Google,AI/ML,Python; Machine Learning; Deep Learning; MLOps; TensorFlow,12,2013,Available,Yes,5.0,"12 years of experience in AI/ML. Currently working as Research Engineer at Google. Focus areas include Python, Machine Learning, Deep Learning. Interested in mentoring students pursuing AI/ML careers.",B.Tech CSE → Analyst → Research Engineer @ Google
1228,Diya Sen,1,Machine Learning Engineer,Google,AI/ML,SQL; Python; MLOps; Machine Learning; TensorFlow,6,2017,Available,Yes,4.4,"6 years of experience in AI/ML. Currently working as Machine Learning Engineer at Google. Focus areas include SQL, Python, MLOps. Interested in mentoring students pursuing AI/ML careers.",B.Tech CSE → Junior Engineer → Machine Learning Engineer @ Google
1229,Aditya Sen,1,Software Engineer,Google,Software Engineering,Java; C++; Algorithms; Python; System Design; Data Structures,1,2025,Available,Yes,4.8,"1 years of experience in Software Engineering. Currently working as Software Engineer at Google. Focus areas include Java, C++, Algorithms. Interested in mentoring students pursuing Software Engineering careers.",B.Tech CSE → Junior Engineer → Software Engineer @ Google
1230,Aditi Mehta,1,Cybersecurity Engineer,Google,Cybersecurity,Threat Modeling; Cloud Security; SIEM; Python,8,2017,Limited,Yes,4.6,"8 years of experience in Cybersecurity. Currently working as Cybersecurity Engineer at Google. Focus areas include Threat Modeling, Cloud Security, SIEM. Interested in mentoring students pursuing Cybersecurity careers.",B.Tech CSE → Data Analyst → Cybersecurity Engineer @ Google
1231,Tanmoy Banerjee,1,Applied Scientist,Amazon,AI/ML,PyTorch; Machine Learning; Python; Statistics,8,2015,Limited,Yes,3.8,"8 years of experience in AI/ML. Currently working as Applied Scientist at Amazon. Focus areas include PyTorch, Machine Learning, Python. Interested in mentoring students pursuing AI/ML careers.",B.Tech CSE → Software Engineer → Applied Scientist @ Amazon
1232,Abhishek Patel,1,Machine Learning Engineer,Amazon,AI/ML,AWS; Docker; MLOps; SQL,3,2021,Available,Yes,4.0,"3 years of experience in AI/ML. Currently working as Machine Learning Engineer at Amazon. Focus areas include AWS, Docker, MLOps. Interested in mentoring students pursuing AI/ML careers.",B.Tech CSE → Research Intern → Machine Learning Engineer @ Amazon
1233,Tanvi Kapoor,1,Software Development Engineer,Amazon,Software Engineering,Algorithms; C++; AWS; Data Structures; Java,10,2016,Available,Yes,4.2,"10 years of experience in Software Engineering. Currently working as Software Development Engineer at Amazon. Focus areas include Algorithms, C++, AWS. Interested in mentoring students pursuing Software Engineering careers.",B.Tech CSE → Analyst → Software Development Engineer @ Amazon
1234,Ananya Das,1,Data Scientist,Amazon,Data Science,SQL; AWS; Machine Learning; Tableau; Python; Statistics,4,2020,Available,Yes,4.0,"4 years of experience in Data Science. Currently working as Data Scientist at Amazon. Focus areas include SQL, AWS, Machine Learning. Interested in mentoring students pursuing Data Science careers.",B.Tech CSE → Research Intern → Data Scientist @ Amazon
1235,Krish Iyer,1,Security Engineer,Amazon,Cybersecurity,AWS; Network Security; Cloud Security; IAM; Python,11,2014,Unavailable,Yes,4.0,"11 years of experience in Cybersecurity. Currently working as Security Engineer at Amazon. Focus areas include AWS, Network Security, Cloud Security. Interested in mentoring students pursuing Cybersecurity careers.",B.Tech CSE → Junior Engineer → Security Engineer @ Amazon
1236,Aarav Iyer,1,Research Scientist,Microsoft,AI/ML,Azure; Deep Learning; Transformers; NLP; PyTorch; Python,3,2022,Limited,Yes,5.0,"3 years of experience in AI/ML. Currently working as Research Scientist at Microsoft. Focus areas include Azure, Deep Learning, Transformers. Interested in mentoring students pursuing AI/ML careers.",B.Tech CSE → Research Intern → Research Scientist @ Microsoft
1237,Riya Mukherjee,1,AI Engineer,Microsoft,AI/ML,Azure; MLOps; Machine Learning; Python; Docker,2,2024,Available,Yes,4.2,"2 years of experience in AI/ML. Currently working as AI Engineer at Microsoft. Focus areas include Azure, MLOps, Machine Learning. Interested in mentoring students pursuing AI/ML careers.",B.Tech CSE → Data Analyst → AI Engineer @ Microsoft
1238,Debanjan Iyer,1,Software Engineer,Microsoft,Software Engineering,Azure; Algorithms; C#; System Design; C++; Data Structures,9,2017,Unavailable,Yes,3.9,"9 years of experience in Software Engineering. Currently working as Software Engineer at Microsoft. Focus areas include Azure, Algorithms, C#. Interested in mentoring students pursuing Software Engineering careers.",B.Tech CSE → Research Intern → Software Engineer @ Microsoft
1239,Arjun Chatterjee,1,Cloud Engineer,Microsoft,Cloud,Linux; Azure; Docker; Terraform,5,2021,Limited,Yes,4.1,"5 years of experience in Cloud. Currently working as Cloud Engineer at Microsoft. Focus areas include Linux, Azure, Docker. Interested in mentoring students pursuing Cloud careers.",B.Tech CSE → Data Analyst → Cloud Engineer @ Microsoft
1240,Soumyajit Bose,1,Security Analyst,Microsoft,Cybersecurity,Azure; SIEM; Network Security; Python,14,2009,Available,Yes,4.5,"14 years of experience in Cybersecurity. Currently working as Security Analyst at Microsoft. Focus areas include Azure, SIEM, Network Security. Interested in mentoring students pursuing Cybersecurity careers.",B.Tech CSE → Junior Engineer → Security Analyst @ Microsoft
1241,Tanvi Patel,1,AI Research Scientist,Meta,AI/ML,NLP; Python; PyTorch; Computer Vision; Transformers,3,2021,Available,Yes,4.1,"3 years of experience in AI/ML. Currently working as AI Research Scientist at Meta. Focus areas include NLP, Python, PyTorch. Interested in mentoring students pursuing AI/ML careers.",B.Tech CSE → Junior Engineer → AI Research Scientist @ Meta
1242,Subhajit Dutta,1,Machine Learning Engineer,Meta,AI/ML,PyTorch; SQL; Recommendation Systems; Python; MLOps,12,2013,Available,Yes,4.0,"12 years of experience in AI/ML. Currently working as Machine Learning Engineer at Meta. Focus areas include PyTorch, SQL, Recommendation Systems. Interested in mentoring students pursuing AI/ML careers.",B.Tech CSE → Research Intern → Machine Learning Engineer @ Meta
1243,Ishita Nair,1,Software Engineer,Meta,Software Engineering,System Design; React; Data Structures; Python; Algorithms,2,2024,Limited,Yes,4.4,"2 years of experience in Software Engineering. Currently working as Software Engineer at Meta. Focus areas include System Design, React, Data Structures. Interested in mentoring students pursuing Software Engineering careers.",B.Tech CSE → Data Analyst → Software Engineer @ Meta
1244,Aarav Gupta,1,Data Engineer,Meta,Data Engineering,Kafka; SQL; Data Warehousing; Python; ETL; Spark,12,2011,Available,Yes,4.8,"12 years of experience in Data Engineering. Currently working as Data Engineer at Meta. Focus areas include Kafka, SQL, Data Warehousing. Interested in mentoring students pursuing Data Engineering careers.",B.Tech CSE → Junior Engineer → Data Engineer @ Meta
1245,Anirban Sen,1,Deep Learning Engineer,NVIDIA,AI/ML,Computer Vision; Python; C++; Deep Learning; PyTorch,6,2019,Unavailable,Yes,4.8,"6 years of experience in AI/ML. Currently working as Deep Learning Engineer at NVIDIA. Focus areas include Computer Vision, Python, C++. Interested in mentoring students pursuing AI/ML careers.",B.Tech CSE → Software Engineer → Deep Learning Engineer @ NVIDIA
1246,Arjun Mukherjee,1,AI Researcher,NVIDIA,AI/ML,PyTorch; Research; CUDA; Python; Deep Learning,8,2015,Available,Yes,5.0,"8 years of experience in AI/ML. Currently working as AI Researcher at NVIDIA. Focus areas include PyTorch, Research, CUDA. Interested in mentoring students pursuing AI/ML careers.",B.Tech CSE → Software Engineer → AI Researcher @ NVIDIA
1247,Sayan Bose,1,GPU Software Engineer,NVIDIA,Software Engineering,CUDA; C++; Parallel Computing; Linux; Python; Algorithms,5,2021,Available,Yes,4.6,"5 years of experience in Software Engineering. Currently working as GPU Software Engineer at NVIDIA. Focus areas include CUDA, C++, Parallel Computing. Interested in mentoring students pursuing Software Engineering careers.",B.Tech CSE → Research Intern → GPU Software Engineer @ NVIDIA
1248,Sayan Gupta,1,Cybersecurity Analyst,DRDO,Cybersecurity,Linux; SIEM; Threat Analysis; Network Security,12,2014,Available,Yes,4.1,"12 years of experience in Cybersecurity. Currently working as Cybersecurity Analyst at DRDO. Focus areas include Linux, SIEM, Threat Analysis. Interested in mentoring students pursuing Cybersecurity careers.",B.Tech CSE → Research Intern → Cybersecurity Analyst @ DRDO
1249,Aarav Sharma,1,Security Researcher,DRDO,Cybersecurity,Network Security; Cryptography; Reverse Engineering; Python; Malware Analysis,12,2012,Available,Yes,5.0,"12 years of experience in Cybersecurity. Currently working as Security Researcher at DRDO. Focus areas include Network Security, Cryptography, Reverse Engineering. Interested in mentoring students pursuing Cybersecurity careers.",B.Tech CSE → Research Intern → Security Researcher @ DRDO
1250,Aditya Das,1,AI Scientist,DRDO,AI/ML,Deep Learning; Machine Learning; Signal Processing; Python,2,2022,Available,Yes,4.9,"2 years of experience in AI/ML. Currently working as AI Scientist at DRDO. Focus areas include Deep Learning, Machine Learning, Signal Processing. Interested in mentoring students pursuing AI/ML careers.",B.Tech CSE → Data Analyst → AI Scientist @ DRDO
1251,Priya Sharma,1,Research Scientist,DRDO,Defence Research,Embedded Systems; MATLAB; Research; Signal Processing,10,2015,Limited,Yes,4.2,"10 years of experience in Defence Research. Currently working as Research Scientist at DRDO. Focus areas include Embedded Systems, MATLAB, Research. Interested in mentoring students pursuing Defence Research careers.",B.Tech CSE → Research Intern → Research Scientist @ DRDO
1252,Subhajit Banerjee,1,Embedded Systems Engineer,DRDO,Embedded Systems,Electronics; Microcontrollers; Embedded C; C++; RTOS; C,2,2024,Available,Yes,4.7,"2 years of experience in Embedded Systems. Currently working as Embedded Systems Engineer at DRDO. Focus areas include Electronics, Microcontrollers, Embedded C. Interested in mentoring students pursuing Embedded Systems careers.",B.Tech CSE → Analyst → Embedded Systems Engineer @ DRDO
1253,Kunal Gupta,1,Scientist/Engineer,ISRO,Space Technology,MATLAB; Python; Embedded Systems; Systems Engineering; Signal Processing; C++,4,2020,Available,Yes,4.8,"4 years of experience in Space Technology. Currently working as Scientist/Engineer at ISRO. Focus areas include MATLAB, Python, Embedded Systems. Interested in mentoring students pursuing Space Technology careers.",B.Tech CSE → Software Engineer → Scientist/Engineer @ ISRO
1254,Abhishek Chatterjee,1,Data Scientist,ISRO,Data Science,Statistics; Python; Computer Vision; Machine Learning; Remote Sensing; GIS,8,2015,Available,Yes,4.1,"8 years of experience in Data Science. Currently working as Data Scientist at ISRO. Focus areas include Statistics, Python, Computer Vision. Interested in mentoring students pursuing Data Science careers.",B.Tech CSE → Research Intern → Data Scientist @ ISRO
1255,Subhajit Reddy,1,Cybersecurity Engineer,ISRO,Cybersecurity,Linux; Cloud Security; SIEM; Cryptography; Network Security,7,2017,Unavailable,Yes,4.6,"7 years of experience in Cybersecurity. Currently working as Cybersecurity Engineer at ISRO. Focus areas include Linux, Cloud Security, SIEM. Interested in mentoring students pursuing Cybersecurity careers.",B.Tech CSE → Analyst → Cybersecurity Engineer @ ISRO
1256,Vivaan Verma,1,Computer Vision Engineer,ISRO,AI/ML,PyTorch; Remote Sensing; Computer Vision; Deep Learning; OpenCV; Python,13,2010,Unavailable,Yes,4.1,"13 years of experience in AI/ML. Currently working as Computer Vision Engineer at ISRO. Focus areas include PyTorch, Remote Sensing, Computer Vision. Interested in mentoring students pursuing AI/ML careers.",B.Tech CSE → Data Analyst → Computer Vision Engineer @ ISRO
1257,Aditi Mishra,1,Software Engineer,TCS,Software Engineering,Spring Boot; AWS; SQL; Git; Java; REST APIs,3,2021,Available,Yes,4.2,"3 years of experience in Software Engineering. Currently working as Software Engineer at TCS. Focus areas include Spring Boot, AWS, SQL. Interested in mentoring students pursuing Software Engineering careers.",B.Tech CSE → Research Intern → Software Engineer @ TCS
1258,Debanjan Chatterjee,1,Data Scientist,TCS,Data Science,Pandas; Power BI; Python; SQL,1,2024,Available,Yes,4.9,"1 years of experience in Data Science. Currently working as Data Scientist at TCS. Focus areas include Pandas, Power BI, Python. Interested in mentoring students pursuing Data Science careers.",B.Tech CSE → Analyst → Data Scientist @ TCS
1259,Arjun Sharma,1,Cloud Engineer,TCS,Cloud,Terraform; Linux; Docker; AWS; Azure,12,2013,Available,Yes,4.0,"12 years of experience in Cloud. Currently working as Cloud Engineer at TCS. Focus areas include Terraform, Linux, Docker. Interested in mentoring students pursuing Cloud careers.",B.Tech CSE → Analyst → Cloud Engineer @ TCS
1260,Debanjan Roy,1,Cybersecurity Analyst,TCS,Cybersecurity,Linux; SOC; SIEM; Network Security; Python,12,2014,Available,Yes,4.2,"12 years of experience in Cybersecurity. Currently working as Cybersecurity Analyst at TCS. Focus areas include Linux, SOC, SIEM. Interested in mentoring students pursuing Cybersecurity careers.",B.Tech CSE → Research Intern → Cybersecurity Analyst @ TCS
1261,Nisha Singh,1,Technology Analyst,Infosys,Software Engineering,SQL; Python; Git; Java,6,2020,Limited,Yes,4.8,"6 years of experience in Software Engineering. Currently working as Technology Analyst at Infosys. Focus areas include SQL, Python, Git. Interested in mentoring students pursuing Software Engineering careers.",B.Tech CSE → Data Analyst → Technology Analyst @ Infosys
1262,Arindam Das,1,AI Engineer,Infosys,AI/ML,Machine Learning; Python; NLP; Azure,4,2022,Available,Yes,4.8,"4 years of experience in AI/ML. Currently working as AI Engineer at Infosys. Focus areas include Machine Learning, Python, NLP. Interested in mentoring students pursuing AI/ML careers.",B.Tech CSE → Research Intern → AI Engineer @ Infosys
1263,Sourav Dutta,1,Cybersecurity Consultant,Infosys,Cybersecurity,Linux; Cloud Security; IAM; Risk Assessment; SIEM; Network Security,3,2023,Unavailable,Yes,4.8,"3 years of experience in Cybersecurity. Currently working as Cybersecurity Consultant at Infosys. Focus areas include Linux, Cloud Security, IAM. Interested in mentoring students pursuing Cybersecurity careers.",B.Tech CSE → Junior Engineer → Cybersecurity Consultant @ Infosys
1264,Kunal Gupta,1,Data Scientist,Deloitte,Data Science,SQL; Power BI; Python; Statistics,10,2014,Available,Yes,4.4,"10 years of experience in Data Science. Currently working as Data Scientist at Deloitte. Focus areas include SQL, Power BI, Python. Interested in mentoring students pursuing Data Science careers.",B.Tech CSE → Software Engineer → Data Scientist @ Deloitte
1265,Tanmoy Nair,1,Cybersecurity Consultant,Deloitte,Cybersecurity,Cloud Security; Risk Assessment; IAM; Network Security; SIEM; Incident Response,14,2010,Available,Yes,4.2,"14 years of experience in Cybersecurity. Currently working as Cybersecurity Consultant at Deloitte. Focus areas include Cloud Security, Risk Assessment, IAM. Interested in mentoring students pursuing Cybersecurity careers.",B.Tech CSE → Data Analyst → Cybersecurity Consultant @ Deloitte
1266,Rohan Nair,1,Technology Consultant,Deloitte,Consulting,SQL; Agile; Python; System Design; Business Analysis; Cloud,6,2017,Available,Yes,4.7,"6 years of experience in Consulting. Currently working as Technology Consultant at Deloitte. Focus areas include SQL, Agile, Python. Interested in mentoring students pursuing Consulting careers.",B.Tech CSE → Data Analyst → Technology Consultant @ Deloitte
1267,Diya Sharma,1,Quantitative Analyst,Goldman Sachs,FinTech,Statistics; Python; SQL; C++; Finance; Machine Learning,6,2020,Limited,Yes,4.8,"6 years of experience in FinTech. Currently working as Quantitative Analyst at Goldman Sachs. Focus areas include Statistics, Python, SQL. Interested in mentoring students pursuing FinTech careers.",B.Tech CSE → Research Intern → Quantitative Analyst @ Goldman Sachs
1268,Vivaan Dutta,1,Software Engineer,Goldman Sachs,Software Engineering,Data Structures; System Design; SQL; Python,12,2012,Available,Yes,3.9,"12 years of experience in Software Engineering. Currently working as Software Engineer at Goldman Sachs. Focus areas include Data Structures, System Design, SQL. Interested in mentoring students pursuing Software Engineering careers.",B.Tech CSE → Software Engineer → Software Engineer @ Goldman Sachs
1269,Priya Das,1,Cybersecurity Analyst,Goldman Sachs,Cybersecurity,SIEM; IAM; Python; Incident Response; Threat Hunting; Network Security,9,2016,Limited,Yes,3.9,"9 years of experience in Cybersecurity. Currently working as Cybersecurity Analyst at Goldman Sachs. Focus areas include SIEM, IAM, Python. Interested in mentoring students pursuing Cybersecurity careers.",B.Tech CSE → Junior Engineer → Cybersecurity Analyst @ Goldman Sachs
1270,Sourav Kapoor,1,Data Scientist,JPMorgan Chase,Data Science,Python; SQL; Finance; Machine Learning,12,2012,Available,Yes,4.3,"12 years of experience in Data Science. Currently working as Data Scientist at JPMorgan Chase. Focus areas include Python, SQL, Finance. Interested in mentoring students pursuing Data Science careers.",B.Tech CSE → Software Engineer → Data Scientist @ JPMorgan Chase
1271,Reyansh Das,1,Software Engineer,JPMorgan Chase,Software Engineering,System Design; SQL; Spring Boot; AWS,3,2020,Limited,Yes,4.2,"3 years of experience in Software Engineering. Currently working as Software Engineer at JPMorgan Chase. Focus areas include System Design, SQL, Spring Boot. Interested in mentoring students pursuing Software Engineering careers.",B.Tech CSE → Junior Engineer → Software Engineer @ JPMorgan Chase
1272,Nisha Roy,1,AI Engineer,IBM,AI/ML,NLP; Docker; Python; Watson; Machine Learning; Kubernetes,14,2012,Available,Yes,4.0,"14 years of experience in AI/ML. Currently working as AI Engineer at IBM. Focus areas include NLP, Docker, Python. Interested in mentoring students pursuing AI/ML careers.",B.Tech CSE → Software Engineer → AI Engineer @ IBM
1273,Soumyajit Chatterjee,1,Cloud Engineer,IBM,Cloud,Linux; Docker; Kubernetes; Python; Terraform,6,2017,Unavailable,Yes,3.9,"6 years of experience in Cloud. Currently working as Cloud Engineer at IBM. Focus areas include Linux, Docker, Kubernetes. Interested in mentoring students pursuing Cloud careers.",B.Tech CSE → Data Analyst → Cloud Engineer @ IBM
1274,Debanjan Patel,1,Security Consultant,IBM,Cybersecurity,SIEM; Linux; Risk Assessment; Network Security,4,2022,Limited,Yes,3.9,"4 years of experience in Cybersecurity. Currently working as Security Consultant at IBM. Focus areas include SIEM, Linux, Risk Assessment. Interested in mentoring students pursuing Cybersecurity careers.",B.Tech CSE → Analyst → Security Consultant @ IBM
1275,Ishaan Kapoor,1,Machine Learning Engineer,Adobe,AI/ML,Python; AWS; PyTorch; Machine Learning,6,2020,Unavailable,Yes,4.5,"6 years of experience in AI/ML. Currently working as Machine Learning Engineer at Adobe. Focus areas include Python, AWS, PyTorch. Interested in mentoring students pursuing AI/ML careers.",B.Tech CSE → Research Intern → Machine Learning Engineer @ Adobe
1276,Abhishek Dutta,1,Software Engineer,Adobe,Software Engineering,Java; C++; Data Structures; React; Algorithms,2,2022,Available,Yes,3.9,"2 years of experience in Software Engineering. Currently working as Software Engineer at Adobe. Focus areas include Java, C++, Data Structures. Interested in mentoring students pursuing Software Engineering careers.",B.Tech CSE → Research Intern → Software Engineer @ Adobe
1277,Aarav Kapoor,1,Data Scientist,Adobe,Data Science,Machine Learning; Tableau; Statistics; Python,11,2012,Available,Yes,4.2,"11 years of experience in Data Science. Currently working as Data Scientist at Adobe. Focus areas include Machine Learning, Tableau, Statistics. Interested in mentoring students pursuing Data Science careers.",B.Tech CSE → Software Engineer → Data Scientist @ Adobe
1278,Tanvi Mishra,1,Machine Learning Engineer,Flipkart,AI/ML,SQL; Python; Spark; Machine Learning; Recommendation Systems; MLOps,10,2015,Available,Yes,4.4,"10 years of experience in AI/ML. Currently working as Machine Learning Engineer at Flipkart. Focus areas include SQL, Python, Spark. Interested in mentoring students pursuing AI/ML careers.",B.Tech CSE → Research Intern → Machine Learning Engineer @ Flipkart
1279,Ishaan Singh,1,Software Development Engineer,Flipkart,Software Engineering,Data Structures; Algorithms; Microservices; C++; System Design,4,2022,Limited,Yes,4.7,"4 years of experience in Software Engineering. Currently working as Software Development Engineer at Flipkart. Focus areas include Data Structures, Algorithms, Microservices. Interested in mentoring students pursuing Software Engineering careers.",B.Tech CSE → Research Intern → Software Development Engineer @ Flipkart
1280,Kunal Mukherjee,1,Data Scientist,Flipkart,Data Science,Python; Statistics; Machine Learning; Spark; A/B Testing,1,2023,Unavailable,Yes,4.1,"1 years of experience in Data Science. Currently working as Data Scientist at Flipkart. Focus areas include Python, Statistics, Machine Learning. Interested in mentoring students pursuing Data Science careers.",B.Tech CSE → Analyst → Data Scientist @ Flipkart
1281,Arjun Chatterjee,1,Software Engineer,Walmart Global Tech,Software Engineering,Java; Spring Boot; AWS; System Design; SQL; Microservices,11,2014,Available,Yes,4.4,"11 years of experience in Software Engineering. Currently working as Software Engineer at Walmart Global Tech. Focus areas include Java, Spring Boot, AWS. Interested in mentoring students pursuing Software Engineering careers.",B.Tech CSE → Analyst → Software Engineer @ Walmart Global Tech
1282,Priya Ghosh,1,Data Scientist,Walmart Global Tech,Data Science,Machine Learning; Spark; SQL; Azure; Python; Statistics,13,2011,Unavailable,Yes,3.8,"13 years of experience in Data Science. Currently working as Data Scientist at Walmart Global Tech. Focus areas include Machine Learning, Spark, SQL. Interested in mentoring students pursuing Data Science careers.",B.Tech CSE → Data Analyst → Data Scientist @ Walmart Global Tech
1283,Rahul Mukherjee,1,ML Engineer,Walmart Global Tech,AI/ML,PyTorch; Python; MLOps; Docker; Kubernetes; Machine Learning,8,2018,Available,Yes,3.9,"8 years of experience in AI/ML. Currently working as ML Engineer at Walmart Global Tech. Focus areas include PyTorch, Python, MLOps. Interested in mentoring students pursuing AI/ML careers.",B.Tech CSE → Analyst → ML Engineer @ Walmart Global Tech
1284,Ananya Mukherjee,1,AI Engineer,Samsung R&D,AI/ML,Android; TensorFlow; Python; Computer Vision; C++; Deep Learning,15,2009,Available,Yes,3.8,"15 years of experience in AI/ML. Currently working as AI Engineer at Samsung R&D. Focus areas include Android, TensorFlow, Python. Interested in mentoring students pursuing AI/ML careers.",B.Tech CSE → Junior Engineer → AI Engineer @ Samsung R&D
1285,Soumyajit Kapoor,1,Research Engineer,Samsung R&D,AI/ML,PyTorch; Signal Processing; C++; Deep Learning,10,2016,Available,Yes,4.2,"10 years of experience in AI/ML. Currently working as Research Engineer at Samsung R&D. Focus areas include PyTorch, Signal Processing, C++. Interested in mentoring students pursuing AI/ML careers.",B.Tech CSE → Junior Engineer → Research Engineer @ Samsung R&D
1286,Krish Patel,1,Embedded Software Engineer,Samsung R&D,Embedded Systems,RTOS; Embedded Linux; Microcontrollers; C,12,2012,Available,Yes,4.6,"12 years of experience in Embedded Systems. Currently working as Embedded Software Engineer at Samsung R&D. Focus areas include RTOS, Embedded Linux, Microcontrollers. Interested in mentoring students pursuing Embedded Systems careers.",B.Tech CSE → Analyst → Embedded Software Engineer @ Samsung R&D
1287,Debanjan Sharma,1,Robotics Engineer,Bosch,Robotics,C++; Embedded Systems; ROS; Control Systems; Python; Computer Vision,12,2011,Unavailable,Yes,3.8,"12 years of experience in Robotics. Currently working as Robotics Engineer at Bosch. Focus areas include C++, Embedded Systems, ROS. Interested in mentoring students pursuing Robotics careers.",B.Tech CSE → Analyst → Robotics Engineer @ Bosch
1288,Ananya Gupta,1,Embedded Engineer,Bosch,Embedded Systems,Microcontrollers; Embedded C; AUTOSAR; C,4,2020,Available,Yes,4.0,"4 years of experience in Embedded Systems. Currently working as Embedded Engineer at Bosch. Focus areas include Microcontrollers, Embedded C, AUTOSAR. Interested in mentoring students pursuing Embedded Systems careers.",B.Tech CSE → Junior Engineer → Embedded Engineer @ Bosch
1289,Ishaan Chatterjee,1,Data Scientist,Bosch,Data Science,IoT; Python; Statistics; SQL,12,2014,Available,Yes,4.1,"12 years of experience in Data Science. Currently working as Data Scientist at Bosch. Focus areas include IoT, Python, Statistics. Interested in mentoring students pursuing Data Science careers.",B.Tech CSE → Research Intern → Data Scientist @ Bosch
1290,Debanjan Mehta,1,Product Manager,Microsoft,Product Management,User Research; Agile; Product Strategy; Analytics; Roadmapping,3,2020,Limited,Yes,4.9,"3 years of experience in Product Management. Currently working as Product Manager at Microsoft. Focus areas include User Research, Agile, Product Strategy. Interested in mentoring students pursuing Product Management careers.",B.Tech CSE → Analyst → Product Manager @ Microsoft
1291,Nisha Gupta,1,Product Manager,Google,Product Management,Product Strategy; Roadmapping; SQL; A/B Testing; Analytics,13,2013,Available,Yes,3.8,"13 years of experience in Product Management. Currently working as Product Manager at Google. Focus areas include Product Strategy, Roadmapping, SQL. Interested in mentoring students pursuing Product Management careers.",B.Tech CSE → Analyst → Product Manager @ Google
1292,Debanjan Gupta,1,Technical Program Manager,Amazon,Product Management,Agile; Program Management; Stakeholder Management; System Design; Analytics; AWS,9,2017,Available,Yes,4.5,"9 years of experience in Product Management. Currently working as Technical Program Manager at Amazon. Focus areas include Agile, Program Management, Stakeholder Management. Interested in mentoring students pursuing Product Management careers.",B.Tech CSE → Analyst → Technical Program Manager @ Amazon
1293,Vivaan Das,1,DevOps Engineer,Atlassian,DevOps,Linux; CI/CD; Kubernetes; Terraform; Docker; AWS,6,2019,Available,Yes,4.3,"6 years of experience in DevOps. Currently working as DevOps Engineer at Atlassian. Focus areas include Linux, CI/CD, Kubernetes. Interested in mentoring students pursuing DevOps careers.",B.Tech CSE → Analyst → DevOps Engineer @ Atlassian
1294,Arjun Verma,1,Site Reliability Engineer,Google,DevOps,GCP; Linux; Kubernetes; System Design,7,2016,Available,Yes,3.9,"7 years of experience in DevOps. Currently working as Site Reliability Engineer at Google. Focus areas include GCP, Linux, Kubernetes. Interested in mentoring students pursuing DevOps careers.",B.Tech CSE → Data Analyst → Site Reliability Engineer @ Google
1295,Riya Banerjee,1,DevOps Engineer,Microsoft,DevOps,Azure; Terraform; Linux; Docker; Kubernetes,2,2024,Available,Yes,4.0,"2 years of experience in DevOps. Currently working as DevOps Engineer at Microsoft. Focus areas include Azure, Terraform, Linux. Interested in mentoring students pursuing DevOps careers.",B.Tech CSE → Research Intern → DevOps Engineer @ Microsoft
1296,Riya Roy,1,Blockchain Developer,Polygon Labs,Blockchain,Web3; JavaScript; Ethereum; Solidity; Smart Contracts,2,2021,Available,Yes,4.2,"2 years of experience in Blockchain. Currently working as Blockchain Developer at Polygon Labs. Focus areas include Web3, JavaScript, Ethereum. Interested in mentoring students pursuing Blockchain careers.",B.Tech CSE → Research Intern → Blockchain Developer @ Polygon Labs
1297,Nisha Roy,1,Blockchain Engineer,CoinDCX,Blockchain,Cryptography; Solidity; Smart Contracts; Web3; Python; Ethereum,4,2020,Unavailable,Yes,3.9,"4 years of experience in Blockchain. Currently working as Blockchain Engineer at CoinDCX. Focus areas include Cryptography, Solidity, Smart Contracts. Interested in mentoring students pursuing Blockchain careers.",B.Tech CSE → Data Analyst → Blockchain Engineer @ CoinDCX
1298,Rohan Patel,1,Data Engineer,Accenture,Data Engineering,Data Warehousing; ETL; SQL; Azure; Spark; Python,1,2022,Unavailable,Yes,4.3,"1 years of experience in Data Engineering. Currently working as Data Engineer at Accenture. Focus areas include Data Warehousing, ETL, SQL. Interested in mentoring students pursuing Data Engineering careers.",B.Tech CSE → Research Intern → Data Engineer @ Accenture
1299,Tanmoy Verma,1,AI Engineer,Accenture,AI/ML,Machine Learning; SQL; MLOps; Python; NLP,9,2016,Available,Yes,4.9,"9 years of experience in AI/ML. Currently working as AI Engineer at Accenture. Focus areas include Machine Learning, SQL, MLOps. Interested in mentoring students pursuing AI/ML careers.",B.Tech CSE → Software Engineer → AI Engineer @ Accenture
1300,Meera Gupta,1,Cybersecurity Analyst,Accenture,Cybersecurity,Network Security; Cloud Security; SOC; Linux; SIEM; Incident Response,11,2012,Available,Yes,5.0,"11 years of experience in Cybersecurity. Currently working as Cybersecurity Analyst at Accenture. Focus areas include Network Security, Cloud Security, SOC. Interested in mentoring students pursuing Cybersecurity careers.",B.Tech CSE → Research Intern → Cybersecurity Analyst @ Accenture
