alumni_id,name,college_id,college_name,current_role,company,career_domain,skills,experience_years,graduation_year,availability,verified,mentor_rating,bio,career_path
1001,Anirban Sharma,1,Institute of Engineering and Management,Product Manager,Flipkart,Product Management,Agile; Roadmapping; Product Strategy; User Research; SQL,8,2017,Available,Yes,5.0,"Alumnus/alumna of Institute of Engineering and Management with 8 years of experience in Product Management. Currently working as Product Manager at Flipkart. Key skills include Agile, Roadmapping, Product Strategy, User Research. Interested in mentoring students pursuing careers in Product Management.",Institute of Engineering and Management → Research Assistant → Product Manager @ Flipkart
1002,Vivaan Bose,1,Institute of Engineering and Management,Cloud/DevOps Engineer,Amazon,Cloud & DevOps,Kubernetes; AWS; Terraform; Docker; Linux; Azure,13,2011,Available,Yes,4.9,"Alumnus/alumna of Institute of Engineering and Management with 13 years of experience in Cloud & DevOps. Currently working as Cloud/DevOps Engineer at Amazon. Key skills include Kubernetes, AWS, Terraform, Docker. Interested in mentoring students pursuing careers in Cloud & DevOps.",Institute of Engineering and Management → Software Engineer → Cloud/DevOps Engineer @ Amazon
1003,Tanvi Das,1,Institute of Engineering and Management,Product Manager,Google,Product Management,Agile; Product Strategy; SQL; Analytics; Roadmapping; User Research,13,2010,Available,Yes,4.5,"Alumnus/alumna of Institute of Engineering and Management with 13 years of experience in Product Management. Currently working as Product Manager at Google. Key skills include Agile, Product Strategy, SQL, Analytics. Interested in mentoring students pursuing careers in Product Management.",Institute of Engineering and Management → Systems Engineer → Product Manager @ Google
1004,Nisha Das,1,Institute of Engineering and Management,Cybersecurity Analyst,TCS,Cybersecurity,Linux; Network Security; Cloud Security; Incident Response; Python; SIEM,11,2014,Limited,Yes,3.9,"Alumnus/alumna of Institute of Engineering and Management with 11 years of experience in Cybersecurity. Currently working as Cybersecurity Analyst at TCS. Key skills include Linux, Network Security, Cloud Security, Incident Response. Interested in mentoring students pursuing careers in Cybersecurity.",Institute of Engineering and Management → Technology Analyst → Cybersecurity Analyst @ TCS
1005,Diya Chatterjee,1,Institute of Engineering and Management,Data Scientist,Walmart Global Tech,Data Science,Statistics; Pandas; Python; Tableau; Machine Learning; SQL,15,2009,Limited,Yes,4.2,"Alumnus/alumna of Institute of Engineering and Management with 15 years of experience in Data Science. Currently working as Data Scientist at Walmart Global Tech. Key skills include Statistics, Pandas, Python, Tableau. Interested in mentoring students pursuing careers in Data Science.",Institute of Engineering and Management → Technology Analyst → Data Scientist @ Walmart Global Tech
1006,Sayan Mondal,1,Institute of Engineering and Management,Cloud/DevOps Engineer,Microsoft,Cloud & DevOps,Linux; Kubernetes; Docker; Azure; AWS; Terraform,11,2015,Available,Yes,4.3,"Alumnus/alumna of Institute of Engineering and Management with 11 years of experience in Cloud & DevOps. Currently working as Cloud/DevOps Engineer at Microsoft. Key skills include Linux, Kubernetes, Docker, Azure. Interested in mentoring students pursuing careers in Cloud & DevOps.",Institute of Engineering and Management → Systems Engineer → Cloud/DevOps Engineer @ Microsoft
1007,Debolina Sharma,1,Institute of Engineering and Management,Product Manager,Adobe,Product Management,SQL; Analytics; Roadmapping; Product Strategy; User Research; Agile,3,2021,Unavailable,Yes,3.9,"Alumnus/alumna of Institute of Engineering and Management with 3 years of experience in Product Management. Currently working as Product Manager at Adobe. Key skills include SQL, Analytics, Roadmapping, Product Strategy. Interested in mentoring students pursuing careers in Product Management.",Institute of Engineering and Management → Data Analyst → Product Manager @ Adobe
1008,Tanmoy Bhattacharya,1,Institute of Engineering and Management,Software Engineer,Amazon,Software Engineering,C++; Python; System Design; Java,1,2025,Available,Yes,4.4,"Alumnus/alumna of Institute of Engineering and Management with 1 years of experience in Software Engineering. Currently working as Software Engineer at Amazon. Key skills include C++, Python, System Design, Java. Interested in mentoring students pursuing careers in Software Engineering.",Institute of Engineering and Management → Systems Engineer → Software Engineer @ Amazon
1009,Meera Sharma,1,Institute of Engineering and Management,AI Research Scientist,Google,AI/ML,NLP; Machine Learning; Python; PyTorch; Deep Learning,9,2016,Unavailable,Yes,4.0,"Alumnus/alumna of Institute of Engineering and Management with 9 years of experience in AI/ML. Currently working as AI Research Scientist at Google. Key skills include NLP, Machine Learning, Python, PyTorch. Interested in mentoring students pursuing careers in AI/ML.",Institute of Engineering and Management → Systems Engineer → AI Research Scientist @ Google
1010,Anirban Gupta,1,Institute of Engineering and Management,Software Engineer,Meta,Software Engineering,Algorithms; Data Structures; Python; System Design; Java; C++,15,2010,Unavailable,Yes,4.6,"Alumnus/alumna of Institute of Engineering and Management with 15 years of experience in Software Engineering. Currently working as Software Engineer at Meta. Key skills include Algorithms, Data Structures, Python, System Design. Interested in mentoring students pursuing careers in Software Engineering.",Institute of Engineering and Management → Systems Engineer → Software Engineer @ Meta
1011,Riya Chakraborty,1,Institute of Engineering and Management,AI Research Scientist,IBM,AI/ML,PyTorch; Machine Learning; NLP; Python; Transformers,6,2018,Available,Yes,4.7,"Alumnus/alumna of Institute of Engineering and Management with 6 years of experience in AI/ML. Currently working as AI Research Scientist at IBM. Key skills include PyTorch, Machine Learning, NLP, Python. Interested in mentoring students pursuing careers in AI/ML.",Institute of Engineering and Management → Technology Analyst → AI Research Scientist @ IBM
1012,Tanmoy Roy,1,Institute of Engineering and Management,Data Scientist,Walmart Global Tech,Data Science,Python; Statistics; Pandas; Tableau; SQL,14,2009,Available,Yes,3.9,"Alumnus/alumna of Institute of Engineering and Management with 14 years of experience in Data Science. Currently working as Data Scientist at Walmart Global Tech. Key skills include Python, Statistics, Pandas, Tableau. Interested in mentoring students pursuing careers in Data Science.",Institute of Engineering and Management → Graduate Engineer Trainee → Data Scientist @ Walmart Global Tech
1013,Sneha Saha,1,Institute of Engineering and Management,Machine Learning Engineer,Flipkart,AI/ML,PyTorch; Machine Learning; TensorFlow; SQL; MLOps; Python,2,2021,Unavailable,Yes,4.7,"Alumnus/alumna of Institute of Engineering and Management with 2 years of experience in AI/ML. Currently working as Machine Learning Engineer at Flipkart. Key skills include PyTorch, Machine Learning, TensorFlow, SQL. Interested in mentoring students pursuing careers in AI/ML.",Institute of Engineering and Management → Data Analyst → Machine Learning Engineer @ Flipkart
1014,Sohini Gupta,1,Institute of Engineering and Management,Machine Learning Engineer,Accenture,AI/ML,Python; MLOps; TensorFlow; PyTorch,10,2014,Available,Yes,4.9,"Alumnus/alumna of Institute of Engineering and Management with 10 years of experience in AI/ML. Currently working as Machine Learning Engineer at Accenture. Key skills include Python, MLOps, TensorFlow, PyTorch. Interested in mentoring students pursuing careers in AI/ML.",Institute of Engineering and Management → Research Assistant → Machine Learning Engineer @ Accenture
1015,Sayan Nandi,1,Institute of Engineering and Management,Software Engineer,JPMorgan Chase,Software Engineering,Python; System Design; C++; Algorithms,9,2017,Limited,Yes,5.0,"Alumnus/alumna of Institute of Engineering and Management with 9 years of experience in Software Engineering. Currently working as Software Engineer at JPMorgan Chase. Key skills include Python, System Design, C++, Algorithms. Interested in mentoring students pursuing careers in Software Engineering.",Institute of Engineering and Management → Graduate Engineer Trainee → Software Engineer @ JPMorgan Chase
1016,Debolina Patel,1,Institute of Engineering and Management,Data Scientist,Infosys,Data Science,Statistics; Machine Learning; SQL; Tableau,13,2011,Unavailable,Yes,4.9,"Alumnus/alumna of Institute of Engineering and Management with 13 years of experience in Data Science. Currently working as Data Scientist at Infosys. Key skills include Statistics, Machine Learning, SQL, Tableau. Interested in mentoring students pursuing careers in Data Science.",Institute of Engineering and Management → Software Engineer → Data Scientist @ Infosys
1017,Ananya Roy,1,Institute of Engineering and Management,Embedded/Robotics Engineer,Bosch,Embedded Systems & Robotics,RTOS; C++; ROS; C,7,2017,Limited,Yes,3.9,"Alumnus/alumna of Institute of Engineering and Management with 7 years of experience in Embedded Systems & Robotics. Currently working as Embedded/Robotics Engineer at Bosch. Key skills include RTOS, C++, ROS, C. Interested in mentoring students pursuing careers in Embedded Systems & Robotics.",Institute of Engineering and Management → Junior Developer → Embedded/Robotics Engineer @ Bosch
1018,Soumyajit Gupta,1,Institute of Engineering and Management,Cloud/DevOps Engineer,IBM,Cloud & DevOps,Azure; Docker; AWS; Kubernetes; Linux,14,2011,Available,Yes,4.4,"Alumnus/alumna of Institute of Engineering and Management with 14 years of experience in Cloud & DevOps. Currently working as Cloud/DevOps Engineer at IBM. Key skills include Azure, Docker, AWS, Kubernetes. Interested in mentoring students pursuing careers in Cloud & DevOps.",Institute of Engineering and Management → Junior Developer → Cloud/DevOps Engineer @ IBM
1019,Sayantani Mukherjee,1,Institute of Engineering and Management,Embedded/Robotics Engineer,ISRO,Embedded Systems & Robotics,C; Microcontrollers; RTOS; Embedded C; C++,11,2012,Limited,Yes,4.8,"Alumnus/alumna of Institute of Engineering and Management with 11 years of experience in Embedded Systems & Robotics. Currently working as Embedded/Robotics Engineer at ISRO. Key skills include C, Microcontrollers, RTOS, Embedded C. Interested in mentoring students pursuing careers in Embedded Systems & Robotics.",Institute of Engineering and Management → Systems Engineer → Embedded/Robotics Engineer @ ISRO
1020,Poulami Chatterjee,1,Institute of Engineering and Management,Data Scientist,Deloitte,Data Science,SQL; Python; Machine Learning; Pandas,4,2021,Available,Yes,5.0,"Alumnus/alumna of Institute of Engineering and Management with 4 years of experience in Data Science. Currently working as Data Scientist at Deloitte. Key skills include SQL, Python, Machine Learning, Pandas. Interested in mentoring students pursuing careers in Data Science.",Institute of Engineering and Management → Graduate Engineer Trainee → Data Scientist @ Deloitte
1021,Ishita Sharma,1,Institute of Engineering and Management,Data Scientist,Infosys,Data Science,Tableau; Statistics; SQL; Machine Learning; Python,1,2025,Available,Yes,4.7,"Alumnus/alumna of Institute of Engineering and Management with 1 years of experience in Data Science. Currently working as Data Scientist at Infosys. Key skills include Tableau, Statistics, SQL, Machine Learning. Interested in mentoring students pursuing careers in Data Science.",Institute of Engineering and Management → Junior Developer → Data Scientist @ Infosys
1022,Ishita Sen,1,Institute of Engineering and Management,Cloud/DevOps Engineer,Accenture,Cloud & DevOps,Azure; Kubernetes; Linux; Docker; Terraform,9,2017,Available,Yes,4.7,"Alumnus/alumna of Institute of Engineering and Management with 9 years of experience in Cloud & DevOps. Currently working as Cloud/DevOps Engineer at Accenture. Key skills include Azure, Kubernetes, Linux, Docker. Interested in mentoring students pursuing careers in Cloud & DevOps.",Institute of Engineering and Management → Technology Analyst → Cloud/DevOps Engineer @ Accenture
1023,Ritwik Bhattacharya,1,Institute of Engineering and Management,AI Research Scientist,Samsung R&D,AI/ML,Machine Learning; Python; PyTorch; Transformers; NLP,2,2021,Available,Yes,4.1,"Alumnus/alumna of Institute of Engineering and Management with 2 years of experience in AI/ML. Currently working as AI Research Scientist at Samsung R&D. Key skills include Machine Learning, Python, PyTorch, Transformers. Interested in mentoring students pursuing careers in AI/ML.",Institute of Engineering and Management → Systems Engineer → AI Research Scientist @ Samsung R&D
1024,Vivaan Mondal,1,Institute of Engineering and Management,Cybersecurity Analyst,Infosys,Cybersecurity,Python; Cloud Security; Incident Response; Network Security; Linux,9,2015,Available,Yes,4.2,"Alumnus/alumna of Institute of Engineering and Management with 9 years of experience in Cybersecurity. Currently working as Cybersecurity Analyst at Infosys. Key skills include Python, Cloud Security, Incident Response, Network Security. Interested in mentoring students pursuing careers in Cybersecurity.",Institute of Engineering and Management → Software Engineer → Cybersecurity Analyst @ Infosys
1025,Abhishek Bhattacharya,1,Institute of Engineering and Management,Cloud/DevOps Engineer,Accenture,Cloud & DevOps,AWS; Azure; Linux; Terraform,3,2020,Available,Yes,4.9,"Alumnus/alumna of Institute of Engineering and Management with 3 years of experience in Cloud & DevOps. Currently working as Cloud/DevOps Engineer at Accenture. Key skills include AWS, Azure, Linux, Terraform. Interested in mentoring students pursuing careers in Cloud & DevOps.",Institute of Engineering and Management → Graduate Engineer Trainee → Cloud/DevOps Engineer @ Accenture
1026,Arindam Ghosh,1,Institute of Engineering and Management,Cybersecurity Analyst,DRDO,Cybersecurity,Python; Linux; Cloud Security; Incident Response,8,2015,Available,Yes,4.6,"Alumnus/alumna of Institute of Engineering and Management with 8 years of experience in Cybersecurity. Currently working as Cybersecurity Analyst at DRDO. Key skills include Python, Linux, Cloud Security, Incident Response. Interested in mentoring students pursuing careers in Cybersecurity.",Institute of Engineering and Management → Software Engineer → Cybersecurity Analyst @ DRDO
1027,Aditya Pal,1,Institute of Engineering and Management,Embedded/Robotics Engineer,ISRO,Embedded Systems & Robotics,Embedded C; C++; C; Microcontrollers; RTOS,8,2017,Available,Yes,4.1,"Alumnus/alumna of Institute of Engineering and Management with 8 years of experience in Embedded Systems & Robotics. Currently working as Embedded/Robotics Engineer at ISRO. Key skills include Embedded C, C++, C, Microcontrollers. Interested in mentoring students pursuing careers in Embedded Systems & Robotics.",Institute of Engineering and Management → Junior Developer → Embedded/Robotics Engineer @ ISRO
1028,Aditi Pal,1,Institute of Engineering and Management,Product Manager,Amazon,Product Management,Product Strategy; Analytics; SQL; Roadmapping,13,2012,Available,Yes,3.9,"Alumnus/alumna of Institute of Engineering and Management with 13 years of experience in Product Management. Currently working as Product Manager at Amazon. Key skills include Product Strategy, Analytics, SQL, Roadmapping. Interested in mentoring students pursuing careers in Product Management.",Institute of Engineering and Management → Research Intern → Product Manager @ Amazon
1029,Aarav Patel,1,Institute of Engineering and Management,Embedded/Robotics Engineer,Siemens,Embedded Systems & Robotics,Embedded C; Microcontrollers; C++; RTOS; C; ROS,15,2009,Limited,Yes,5.0,"Alumnus/alumna of Institute of Engineering and Management with 15 years of experience in Embedded Systems & Robotics. Currently working as Embedded/Robotics Engineer at Siemens. Key skills include Embedded C, Microcontrollers, C++, RTOS. Interested in mentoring students pursuing careers in Embedded Systems & Robotics.",Institute of Engineering and Management → Systems Engineer → Embedded/Robotics Engineer @ Siemens
1030,Aarav Pal,1,Institute of Engineering and Management,Software Engineer,Amazon,Software Engineering,C++; Algorithms; Python; System Design; Java; Data Structures,9,2017,Available,Yes,3.9,"Alumnus/alumna of Institute of Engineering and Management with 9 years of experience in Software Engineering. Currently working as Software Engineer at Amazon. Key skills include C++, Algorithms, Python, System Design. Interested in mentoring students pursuing careers in Software Engineering.",Institute of Engineering and Management → Technology Analyst → Software Engineer @ Amazon
1031,Ishaan Sen,1,Institute of Engineering and Management,Product Manager,Atlassian,Product Management,Roadmapping; User Research; Analytics; Agile; Product Strategy,4,2020,Limited,Yes,4.7,"Alumnus/alumna of Institute of Engineering and Management with 4 years of experience in Product Management. Currently working as Product Manager at Atlassian. Key skills include Roadmapping, User Research, Analytics, Agile. Interested in mentoring students pursuing careers in Product Management.",Institute of Engineering and Management → Junior Developer → Product Manager @ Atlassian
1032,Vivaan Roy,1,Institute of Engineering and Management,Software Engineer,JPMorgan Chase,Software Engineering,System Design; Algorithms; Java; C++,13,2012,Available,Yes,4.0,"Alumnus/alumna of Institute of Engineering and Management with 13 years of experience in Software Engineering. Currently working as Software Engineer at JPMorgan Chase. Key skills include System Design, Algorithms, Java, C++. Interested in mentoring students pursuing careers in Software Engineering.",Institute of Engineering and Management → Software Engineer → Software Engineer @ JPMorgan Chase
1033,Riya Dutta,1,Institute of Engineering and Management,Software Engineer,Google,Software Engineering,Java; Algorithms; Python; Data Structures; System Design,15,2009,Available,Yes,4.0,"Alumnus/alumna of Institute of Engineering and Management with 15 years of experience in Software Engineering. Currently working as Software Engineer at Google. Key skills include Java, Algorithms, Python, Data Structures. Interested in mentoring students pursuing careers in Software Engineering.",Institute of Engineering and Management → Software Engineer → Software Engineer @ Google
1034,Ananya Saha,1,Institute of Engineering and Management,Cybersecurity Analyst,Deloitte,Cybersecurity,Incident Response; Python; SIEM; Linux,8,2017,Available,Yes,3.9,"Alumnus/alumna of Institute of Engineering and Management with 8 years of experience in Cybersecurity. Currently working as Cybersecurity Analyst at Deloitte. Key skills include Incident Response, Python, SIEM, Linux. Interested in mentoring students pursuing careers in Cybersecurity.",Institute of Engineering and Management → Systems Engineer → Cybersecurity Analyst @ Deloitte
1035,Debanjan Chatterjee,1,Institute of Engineering and Management,Product Manager,Atlassian,Product Management,Agile; Analytics; Product Strategy; Roadmapping,7,2019,Limited,Yes,4.1,"Alumnus/alumna of Institute of Engineering and Management with 7 years of experience in Product Management. Currently working as Product Manager at Atlassian. Key skills include Agile, Analytics, Product Strategy, Roadmapping. Interested in mentoring students pursuing careers in Product Management.",Institute of Engineering and Management → Junior Developer → Product Manager @ Atlassian
1036,Soumyajit Bhattacharya,1,Institute of Engineering and Management,Cybersecurity Analyst,TCS,Cybersecurity,Incident Response; SIEM; Network Security; Cloud Security,14,2010,Available,Yes,4.8,"Alumnus/alumna of Institute of Engineering and Management with 14 years of experience in Cybersecurity. Currently working as Cybersecurity Analyst at TCS. Key skills include Incident Response, SIEM, Network Security, Cloud Security. Interested in mentoring students pursuing careers in Cybersecurity.",Institute of Engineering and Management → Graduate Engineer Trainee → Cybersecurity Analyst @ TCS
1037,Ritwik Saha,1,Institute of Engineering and Management,Product Manager,Atlassian,Product Management,SQL; Analytics; Agile; Product Strategy; User Research,5,2019,Available,Yes,4.6,"Alumnus/alumna of Institute of Engineering and Management with 5 years of experience in Product Management. Currently working as Product Manager at Atlassian. Key skills include SQL, Analytics, Agile, Product Strategy. Interested in mentoring students pursuing careers in Product Management.",Institute of Engineering and Management → Graduate Engineer Trainee → Product Manager @ Atlassian
1038,Ishaan Chatterjee,1,Institute of Engineering and Management,Machine Learning Engineer,Adobe,AI/ML,TensorFlow; SQL; Machine Learning; MLOps,3,2023,Unavailable,Yes,4.1,"Alumnus/alumna of Institute of Engineering and Management with 3 years of experience in AI/ML. Currently working as Machine Learning Engineer at Adobe. Key skills include TensorFlow, SQL, Machine Learning, MLOps. Interested in mentoring students pursuing careers in AI/ML.",Institute of Engineering and Management → Technology Analyst → Machine Learning Engineer @ Adobe
1039,Riya Mukherjee,1,Institute of Engineering and Management,AI Research Scientist,DRDO,AI/ML,Deep Learning; Python; PyTorch; Machine Learning; Transformers; NLP,14,2011,Available,Yes,4.3,"Alumnus/alumna of Institute of Engineering and Management with 14 years of experience in AI/ML. Currently working as AI Research Scientist at DRDO. Key skills include Deep Learning, Python, PyTorch, Machine Learning. Interested in mentoring students pursuing careers in AI/ML.",Institute of Engineering and Management → Software Engineer → AI Research Scientist @ DRDO
1040,Arjun Chakraborty,1,Institute of Engineering and Management,Product Manager,Atlassian,Product Management,Analytics; Agile; User Research; SQL; Product Strategy; Roadmapping,13,2010,Unavailable,Yes,4.3,"Alumnus/alumna of Institute of Engineering and Management with 13 years of experience in Product Management. Currently working as Product Manager at Atlassian. Key skills include Analytics, Agile, User Research, SQL. Interested in mentoring students pursuing careers in Product Management.",Institute of Engineering and Management → Graduate Engineer Trainee → Product Manager @ Atlassian
1041,Arindam Chatterjee,1,Institute of Engineering and Management,Software Engineer,Microsoft,Software Engineering,Python; System Design; Data Structures; Java; Algorithms; C++,13,2011,Available,Yes,4.4,"Alumnus/alumna of Institute of Engineering and Management with 13 years of experience in Software Engineering. Currently working as Software Engineer at Microsoft. Key skills include Python, System Design, Data Structures, Java. Interested in mentoring students pursuing careers in Software Engineering.",Institute of Engineering and Management → Research Intern → Software Engineer @ Microsoft
1042,Kunal Mondal,1,Institute of Engineering and Management,AI Research Scientist,Samsung R&D,AI/ML,Deep Learning; NLP; Machine Learning; Transformers; PyTorch,15,2010,Unavailable,Yes,4.4,"Alumnus/alumna of Institute of Engineering and Management with 15 years of experience in AI/ML. Currently working as AI Research Scientist at Samsung R&D. Key skills include Deep Learning, NLP, Machine Learning, Transformers. Interested in mentoring students pursuing careers in AI/ML.",Institute of Engineering and Management → Systems Engineer → AI Research Scientist @ Samsung R&D
1043,Soumyajit Dutta,1,Institute of Engineering and Management,Machine Learning Engineer,Google,AI/ML,TensorFlow; Machine Learning; Python; PyTorch; MLOps,6,2020,Unavailable,Yes,3.9,"Alumnus/alumna of Institute of Engineering and Management with 6 years of experience in AI/ML. Currently working as Machine Learning Engineer at Google. Key skills include TensorFlow, Machine Learning, Python, PyTorch. Interested in mentoring students pursuing careers in AI/ML.",Institute of Engineering and Management → Data Analyst → Machine Learning Engineer @ Google
1044,Sneha Chatterjee,1,Institute of Engineering and Management,Machine Learning Engineer,Flipkart,AI/ML,MLOps; SQL; TensorFlow; Machine Learning,9,2017,Limited,Yes,4.9,"Alumnus/alumna of Institute of Engineering and Management with 9 years of experience in AI/ML. Currently working as Machine Learning Engineer at Flipkart. Key skills include MLOps, SQL, TensorFlow, Machine Learning. Interested in mentoring students pursuing careers in AI/ML.",Institute of Engineering and Management → Systems Engineer → Machine Learning Engineer @ Flipkart
1045,Priya Bose,1,Institute of Engineering and Management,Machine Learning Engineer,Flipkart,AI/ML,MLOps; Python; Machine Learning; TensorFlow; SQL; PyTorch,6,2017,Available,Yes,4.1,"Alumnus/alumna of Institute of Engineering and Management with 6 years of experience in AI/ML. Currently working as Machine Learning Engineer at Flipkart. Key skills include MLOps, Python, Machine Learning, TensorFlow. Interested in mentoring students pursuing careers in AI/ML.",Institute of Engineering and Management → Research Intern → Machine Learning Engineer @ Flipkart
1046,Soumyajit Bhattacharya,1,Institute of Engineering and Management,AI Research Scientist,DRDO,AI/ML,Machine Learning; PyTorch; NLP; Deep Learning; Python; Transformers,12,2013,Unavailable,Yes,4.9,"Alumnus/alumna of Institute of Engineering and Management with 12 years of experience in AI/ML. Currently working as AI Research Scientist at DRDO. Key skills include Machine Learning, PyTorch, NLP, Deep Learning. Interested in mentoring students pursuing careers in AI/ML.",Institute of Engineering and Management → Research Intern → AI Research Scientist @ DRDO
1047,Nisha Gupta,1,Institute of Engineering and Management,Embedded/Robotics Engineer,Bosch,Embedded Systems & Robotics,RTOS; Microcontrollers; Embedded C; C; C++; ROS,11,2012,Available,Yes,3.9,"Alumnus/alumna of Institute of Engineering and Management with 11 years of experience in Embedded Systems & Robotics. Currently working as Embedded/Robotics Engineer at Bosch. Key skills include RTOS, Microcontrollers, Embedded C, C. Interested in mentoring students pursuing careers in Embedded Systems & Robotics.",Institute of Engineering and Management → Software Engineer → Embedded/Robotics Engineer @ Bosch
1048,Moumita Mondal,1,Institute of Engineering and Management,Cybersecurity Analyst,Deloitte,Cybersecurity,Network Security; Cloud Security; Linux; Incident Response; SIEM,1,2025,Available,Yes,4.7,"Alumnus/alumna of Institute of Engineering and Management with 1 years of experience in Cybersecurity. Currently working as Cybersecurity Analyst at Deloitte. Key skills include Network Security, Cloud Security, Linux, Incident Response. Interested in mentoring students pursuing careers in Cybersecurity.",Institute of Engineering and Management → Systems Engineer → Cybersecurity Analyst @ Deloitte
1049,Anirban Dutta,1,Institute of Engineering and Management,AI Research Scientist,DRDO,AI/ML,NLP; Machine Learning; Python; PyTorch; Transformers; Deep Learning,3,2022,Limited,Yes,4.0,"Alumnus/alumna of Institute of Engineering and Management with 3 years of experience in AI/ML. Currently working as AI Research Scientist at DRDO. Key skills include NLP, Machine Learning, Python, PyTorch. Interested in mentoring students pursuing careers in AI/ML.",Institute of Engineering and Management → Systems Engineer → AI Research Scientist @ DRDO
1050,Diya Mukherjee,1,Institute of Engineering and Management,Embedded/Robotics Engineer,Siemens,Embedded Systems & Robotics,ROS; C; RTOS; Embedded C,6,2019,Available,Yes,3.9,"Alumnus/alumna of Institute of Engineering and Management with 6 years of experience in Embedded Systems & Robotics. Currently working as Embedded/Robotics Engineer at Siemens. Key skills include ROS, C, RTOS, Embedded C. Interested in mentoring students pursuing careers in Embedded Systems & Robotics.",Institute of Engineering and Management → Technology Analyst → Embedded/Robotics Engineer @ Siemens
1051,Poulami Mukherjee,1,Institute of Engineering and Management,Embedded/Robotics Engineer,Samsung R&D,Embedded Systems & Robotics,Microcontrollers; RTOS; ROS; C; C++,13,2012,Available,Yes,4.2,"Alumnus/alumna of Institute of Engineering and Management with 13 years of experience in Embedded Systems & Robotics. Currently working as Embedded/Robotics Engineer at Samsung R&D. Key skills include Microcontrollers, RTOS, ROS, C. Interested in mentoring students pursuing careers in Embedded Systems & Robotics.",Institute of Engineering and Management → Software Engineer → Embedded/Robotics Engineer @ Samsung R&D
1052,Debolina Bhattacharya,1,Institute of Engineering and Management,Software Engineer,Amazon,Software Engineering,Python; C++; Algorithms; Java,2,2023,Available,Yes,3.9,"Alumnus/alumna of Institute of Engineering and Management with 2 years of experience in Software Engineering. Currently working as Software Engineer at Amazon. Key skills include Python, C++, Algorithms, Java. Interested in mentoring students pursuing careers in Software Engineering.",Institute of Engineering and Management → Software Engineer → Software Engineer @ Amazon
1053,Moumita Chakraborty,1,Institute of Engineering and Management,Software Engineer,Meta,Software Engineering,Algorithms; Data Structures; System Design; Python; C++,8,2018,Limited,Yes,3.9,"Alumnus/alumna of Institute of Engineering and Management with 8 years of experience in Software Engineering. Currently working as Software Engineer at Meta. Key skills include Algorithms, Data Structures, System Design, Python. Interested in mentoring students pursuing careers in Software Engineering.",Institute of Engineering and Management → Systems Engineer → Software Engineer @ Meta
1054,Ishaan Mitra,1,Institute of Engineering and Management,Machine Learning Engineer,Microsoft,AI/ML,SQL; PyTorch; Python; TensorFlow; Machine Learning,10,2015,Available,Yes,3.8,"Alumnus/alumna of Institute of Engineering and Management with 10 years of experience in AI/ML. Currently working as Machine Learning Engineer at Microsoft. Key skills include SQL, PyTorch, Python, TensorFlow. Interested in mentoring students pursuing careers in AI/ML.",Institute of Engineering and Management → Systems Engineer → Machine Learning Engineer @ Microsoft
1055,Ananya Chatterjee,1,Institute of Engineering and Management,Cloud/DevOps Engineer,Accenture,Cloud & DevOps,Terraform; Kubernetes; Azure; AWS,6,2017,Available,Yes,4.1,"Alumnus/alumna of Institute of Engineering and Management with 6 years of experience in Cloud & DevOps. Currently working as Cloud/DevOps Engineer at Accenture. Key skills include Terraform, Kubernetes, Azure, AWS. Interested in mentoring students pursuing careers in Cloud & DevOps.",Institute of Engineering and Management → Systems Engineer → Cloud/DevOps Engineer @ Accenture
1056,Riddhi Sharma,1,Institute of Engineering and Management,Software Engineer,Microsoft,Software Engineering,Python; Data Structures; Algorithms; C++; System Design,4,2020,Available,Yes,4.0,"Alumnus/alumna of Institute of Engineering and Management with 4 years of experience in Software Engineering. Currently working as Software Engineer at Microsoft. Key skills include Python, Data Structures, Algorithms, C++. Interested in mentoring students pursuing careers in Software Engineering.",Institute of Engineering and Management → Technology Analyst → Software Engineer @ Microsoft
1057,Ananya Mukherjee,1,Institute of Engineering and Management,Machine Learning Engineer,Accenture,AI/ML,PyTorch; TensorFlow; Machine Learning; Python; MLOps; SQL,11,2012,Limited,Yes,5.0,"Alumnus/alumna of Institute of Engineering and Management with 11 years of experience in AI/ML. Currently working as Machine Learning Engineer at Accenture. Key skills include PyTorch, TensorFlow, Machine Learning, Python. Interested in mentoring students pursuing careers in AI/ML.",Institute of Engineering and Management → Technology Analyst → Machine Learning Engineer @ Accenture
1058,Moumita Patel,1,Institute of Engineering and Management,Machine Learning Engineer,Flipkart,AI/ML,Machine Learning; TensorFlow; Python; PyTorch; MLOps; SQL,5,2020,Available,Yes,4.0,"Alumnus/alumna of Institute of Engineering and Management with 5 years of experience in AI/ML. Currently working as Machine Learning Engineer at Flipkart. Key skills include Machine Learning, TensorFlow, Python, PyTorch. Interested in mentoring students pursuing careers in AI/ML.",Institute of Engineering and Management → Systems Engineer → Machine Learning Engineer @ Flipkart
1059,Sayan Roy,1,Institute of Engineering and Management,Cloud/DevOps Engineer,TCS,Cloud & DevOps,Kubernetes; Azure; Terraform; Linux; Docker,6,2019,Available,Yes,5.0,"Alumnus/alumna of Institute of Engineering and Management with 6 years of experience in Cloud & DevOps. Currently working as Cloud/DevOps Engineer at TCS. Key skills include Kubernetes, Azure, Terraform, Linux. Interested in mentoring students pursuing careers in Cloud & DevOps.",Institute of Engineering and Management → Data Analyst → Cloud/DevOps Engineer @ TCS
1060,Ritwik Saha,1,Institute of Engineering and Management,Cloud/DevOps Engineer,IBM,Cloud & DevOps,Terraform; Kubernetes; AWS; Linux,4,2022,Available,Yes,4.9,"Alumnus/alumna of Institute of Engineering and Management with 4 years of experience in Cloud & DevOps. Currently working as Cloud/DevOps Engineer at IBM. Key skills include Terraform, Kubernetes, AWS, Linux. Interested in mentoring students pursuing careers in Cloud & DevOps.",Institute of Engineering and Management → Research Intern → Cloud/DevOps Engineer @ IBM
1061,Soumyajit Mitra,1,Institute of Engineering and Management,Cybersecurity Analyst,Deloitte,Cybersecurity,Python; Linux; SIEM; Incident Response,1,2025,Available,Yes,3.8,"Alumnus/alumna of Institute of Engineering and Management with 1 years of experience in Cybersecurity. Currently working as Cybersecurity Analyst at Deloitte. Key skills include Python, Linux, SIEM, Incident Response. Interested in mentoring students pursuing careers in Cybersecurity.",Institute of Engineering and Management → Research Intern → Cybersecurity Analyst @ Deloitte
1062,Sayantani Dutta,1,Institute of Engineering and Management,Embedded/Robotics Engineer,DRDO,Embedded Systems & Robotics,C++; Embedded C; Microcontrollers; RTOS,10,2015,Available,Yes,4.3,"Alumnus/alumna of Institute of Engineering and Management with 10 years of experience in Embedded Systems & Robotics. Currently working as Embedded/Robotics Engineer at DRDO. Key skills include C++, Embedded C, Microcontrollers, RTOS. Interested in mentoring students pursuing careers in Embedded Systems & Robotics.",Institute of Engineering and Management → Research Intern → Embedded/Robotics Engineer @ DRDO
1063,Riya Bhattacharya,1,Institute of Engineering and Management,Data Scientist,Walmart Global Tech,Data Science,Pandas; SQL; Tableau; Python; Statistics; Machine Learning,1,2022,Available,Yes,4.3,"Alumnus/alumna of Institute of Engineering and Management with 1 years of experience in Data Science. Currently working as Data Scientist at Walmart Global Tech. Key skills include Pandas, SQL, Tableau, Python. Interested in mentoring students pursuing careers in Data Science.",Institute of Engineering and Management → Research Assistant → Data Scientist @ Walmart Global Tech
1064,Arindam Singh,1,Institute of Engineering and Management,Embedded/Robotics Engineer,Siemens,Embedded Systems & Robotics,RTOS; C; ROS; C++,12,2013,Available,Yes,4.4,"Alumnus/alumna of Institute of Engineering and Management with 12 years of experience in Embedded Systems & Robotics. Currently working as Embedded/Robotics Engineer at Siemens. Key skills include RTOS, C, ROS, C++. Interested in mentoring students pursuing careers in Embedded Systems & Robotics.",Institute of Engineering and Management → Research Intern → Embedded/Robotics Engineer @ Siemens
1065,Vivaan Nandi,1,Institute of Engineering and Management,Cloud/DevOps Engineer,Accenture,Cloud & DevOps,Terraform; Kubernetes; AWS; Azure,12,2011,Available,Yes,4.5,"Alumnus/alumna of Institute of Engineering and Management with 12 years of experience in Cloud & DevOps. Currently working as Cloud/DevOps Engineer at Accenture. Key skills include Terraform, Kubernetes, AWS, Azure. Interested in mentoring students pursuing careers in Cloud & DevOps.",Institute of Engineering and Management → Junior Developer → Cloud/DevOps Engineer @ Accenture
1066,Diya Bose,1,Institute of Engineering and Management,Cybersecurity Analyst,Infosys,Cybersecurity,Python; Cloud Security; SIEM; Network Security,4,2021,Unavailable,Yes,4.0,"Alumnus/alumna of Institute of Engineering and Management with 4 years of experience in Cybersecurity. Currently working as Cybersecurity Analyst at Infosys. Key skills include Python, Cloud Security, SIEM, Network Security. Interested in mentoring students pursuing careers in Cybersecurity.",Institute of Engineering and Management → Junior Developer → Cybersecurity Analyst @ Infosys
1067,Ishaan Roy,1,Institute of Engineering and Management,AI Research Scientist,IBM,AI/ML,Deep Learning; Python; NLP; Machine Learning; Transformers; PyTorch,8,2016,Unavailable,Yes,3.9,"Alumnus/alumna of Institute of Engineering and Management with 8 years of experience in AI/ML. Currently working as AI Research Scientist at IBM. Key skills include Deep Learning, Python, NLP, Machine Learning. Interested in mentoring students pursuing careers in AI/ML.",Institute of Engineering and Management → Junior Developer → AI Research Scientist @ IBM
1068,Sayan Mondal,1,Institute of Engineering and Management,Cybersecurity Analyst,Deloitte,Cybersecurity,SIEM; Network Security; Incident Response; Python; Cloud Security,13,2010,Available,Yes,3.9,"Alumnus/alumna of Institute of Engineering and Management with 13 years of experience in Cybersecurity. Currently working as Cybersecurity Analyst at Deloitte. Key skills include SIEM, Network Security, Incident Response, Python. Interested in mentoring students pursuing careers in Cybersecurity.",Institute of Engineering and Management → Systems Engineer → Cybersecurity Analyst @ Deloitte
1069,Tanmoy Bose,1,Institute of Engineering and Management,Cloud/DevOps Engineer,Accenture,Cloud & DevOps,Docker; Linux; Kubernetes; Azure; Terraform; AWS,10,2016,Available,Yes,3.8,"Alumnus/alumna of Institute of Engineering and Management with 10 years of experience in Cloud & DevOps. Currently working as Cloud/DevOps Engineer at Accenture. Key skills include Docker, Linux, Kubernetes, Azure. Interested in mentoring students pursuing careers in Cloud & DevOps.",Institute of Engineering and Management → Research Intern → Cloud/DevOps Engineer @ Accenture
1070,Debanjan Mitra,1,Institute of Engineering and Management,Cloud/DevOps Engineer,Amazon,Cloud & DevOps,Terraform; Azure; Kubernetes; Linux; Docker; AWS,4,2019,Available,Yes,4.8,"Alumnus/alumna of Institute of Engineering and Management with 4 years of experience in Cloud & DevOps. Currently working as Cloud/DevOps Engineer at Amazon. Key skills include Terraform, Azure, Kubernetes, Linux. Interested in mentoring students pursuing careers in Cloud & DevOps.",Institute of Engineering and Management → Junior Developer → Cloud/DevOps Engineer @ Amazon
1071,Riya Bhattacharya,1,Institute of Engineering and Management,Embedded/Robotics Engineer,Siemens,Embedded Systems & Robotics,RTOS; C++; ROS; C,9,2014,Available,Yes,4.6,"Alumnus/alumna of Institute of Engineering and Management with 9 years of experience in Embedded Systems & Robotics. Currently working as Embedded/Robotics Engineer at Siemens. Key skills include RTOS, C++, ROS, C. Interested in mentoring students pursuing careers in Embedded Systems & Robotics.",Institute of Engineering and Management → Systems Engineer → Embedded/Robotics Engineer @ Siemens
1072,Ishita Das,1,Institute of Engineering and Management,Machine Learning Engineer,Adobe,AI/ML,Python; Machine Learning; MLOps; SQL; TensorFlow; PyTorch,11,2012,Available,Yes,4.3,"Alumnus/alumna of Institute of Engineering and Management with 11 years of experience in AI/ML. Currently working as Machine Learning Engineer at Adobe. Key skills include Python, Machine Learning, MLOps, SQL. Interested in mentoring students pursuing careers in AI/ML.",Institute of Engineering and Management → Research Intern → Machine Learning Engineer @ Adobe
1073,Debanjan Roy,1,Institute of Engineering and Management,AI Research Scientist,IBM,AI/ML,Transformers; NLP; Python; PyTorch; Deep Learning,4,2021,Available,Yes,4.6,"Alumnus/alumna of Institute of Engineering and Management with 4 years of experience in AI/ML. Currently working as AI Research Scientist at IBM. Key skills include Transformers, NLP, Python, PyTorch. Interested in mentoring students pursuing careers in AI/ML.",Institute of Engineering and Management → Junior Developer → AI Research Scientist @ IBM
1074,Ishita Chatterjee,1,Institute of Engineering and Management,Product Manager,Atlassian,Product Management,Product Strategy; SQL; Analytics; Agile; User Research,2,2023,Limited,Yes,5.0,"Alumnus/alumna of Institute of Engineering and Management with 2 years of experience in Product Management. Currently working as Product Manager at Atlassian. Key skills include Product Strategy, SQL, Analytics, Agile. Interested in mentoring students pursuing careers in Product Management.",Institute of Engineering and Management → Research Assistant → Product Manager @ Atlassian
1075,Riddhi Patel,1,Institute of Engineering and Management,AI Research Scientist,Samsung R&D,AI/ML,PyTorch; Python; NLP; Transformers; Machine Learning,1,2025,Available,Yes,4.0,"Alumnus/alumna of Institute of Engineering and Management with 1 years of experience in AI/ML. Currently working as AI Research Scientist at Samsung R&D. Key skills include PyTorch, Python, NLP, Transformers. Interested in mentoring students pursuing careers in AI/ML.",Institute of Engineering and Management → Research Intern → AI Research Scientist @ Samsung R&D
1076,Anirban Das,1,Institute of Engineering and Management,Data Scientist,Deloitte,Data Science,Machine Learning; Pandas; Tableau; SQL; Python; Statistics,12,2014,Available,Yes,4.4,"Alumnus/alumna of Institute of Engineering and Management with 12 years of experience in Data Science. Currently working as Data Scientist at Deloitte. Key skills include Machine Learning, Pandas, Tableau, SQL. Interested in mentoring students pursuing careers in Data Science.",Institute of Engineering and Management → Technology Analyst → Data Scientist @ Deloitte
1077,Ritwik Gupta,1,Institute of Engineering and Management,Data Scientist,JPMorgan Chase,Data Science,Pandas; SQL; Statistics; Tableau; Machine Learning; Python,10,2015,Available,Yes,3.8,"Alumnus/alumna of Institute of Engineering and Management with 10 years of experience in Data Science. Currently working as Data Scientist at JPMorgan Chase. Key skills include Pandas, SQL, Statistics, Tableau. Interested in mentoring students pursuing careers in Data Science.",Institute of Engineering and Management → Research Intern → Data Scientist @ JPMorgan Chase
1078,Aditi Mitra,1,Institute of Engineering and Management,Machine Learning Engineer,Flipkart,AI/ML,MLOps; Machine Learning; PyTorch; Python; SQL,3,2022,Available,Yes,3.9,"Alumnus/alumna of Institute of Engineering and Management with 3 years of experience in AI/ML. Currently working as Machine Learning Engineer at Flipkart. Key skills include MLOps, Machine Learning, PyTorch, Python. Interested in mentoring students pursuing careers in AI/ML.",Institute of Engineering and Management → Graduate Engineer Trainee → Machine Learning Engineer @ Flipkart
1079,Vivaan Pal,1,Institute of Engineering and Management,Product Manager,Atlassian,Product Management,Roadmapping; SQL; Product Strategy; Agile; User Research; Analytics,10,2016,Unavailable,Yes,4.3,"Alumnus/alumna of Institute of Engineering and Management with 10 years of experience in Product Management. Currently working as Product Manager at Atlassian. Key skills include Roadmapping, SQL, Product Strategy, Agile. Interested in mentoring students pursuing careers in Product Management.",Institute of Engineering and Management → Technology Analyst → Product Manager @ Atlassian
1080,Moumita Singh,1,Institute of Engineering and Management,AI Research Scientist,Microsoft,AI/ML,NLP; Transformers; Deep Learning; Machine Learning; PyTorch,11,2013,Available,Yes,4.5,"Alumnus/alumna of Institute of Engineering and Management with 11 years of experience in AI/ML. Currently working as AI Research Scientist at Microsoft. Key skills include NLP, Transformers, Deep Learning, Machine Learning. Interested in mentoring students pursuing careers in AI/ML.",Institute of Engineering and Management → Systems Engineer → AI Research Scientist @ Microsoft
1081,Riya Roy,1,Institute of Engineering and Management,Embedded/Robotics Engineer,Siemens,Embedded Systems & Robotics,C++; RTOS; C; Embedded C,8,2015,Unavailable,Yes,3.9,"Alumnus/alumna of Institute of Engineering and Management with 8 years of experience in Embedded Systems & Robotics. Currently working as Embedded/Robotics Engineer at Siemens. Key skills include C++, RTOS, C, Embedded C. Interested in mentoring students pursuing careers in Embedded Systems & Robotics.",Institute of Engineering and Management → Systems Engineer → Embedded/Robotics Engineer @ Siemens
1082,Poulami Sen,1,Institute of Engineering and Management,Product Manager,Flipkart,Product Management,Analytics; User Research; Roadmapping; Agile,4,2020,Available,Yes,4.1,"Alumnus/alumna of Institute of Engineering and Management with 4 years of experience in Product Management. Currently working as Product Manager at Flipkart. Key skills include Analytics, User Research, Roadmapping, Agile. Interested in mentoring students pursuing careers in Product Management.",Institute of Engineering and Management → Data Analyst → Product Manager @ Flipkart
1083,Sayan Singh,1,Institute of Engineering and Management,Machine Learning Engineer,Adobe,AI/ML,Python; SQL; Machine Learning; PyTorch,9,2014,Limited,Yes,4.7,"Alumnus/alumna of Institute of Engineering and Management with 9 years of experience in AI/ML. Currently working as Machine Learning Engineer at Adobe. Key skills include Python, SQL, Machine Learning, PyTorch. Interested in mentoring students pursuing careers in AI/ML.",Institute of Engineering and Management → Research Intern → Machine Learning Engineer @ Adobe
1084,Arjun Nandi,1,Institute of Engineering and Management,Cybersecurity Analyst,ISRO,Cybersecurity,Incident Response; Python; Network Security; SIEM; Linux,6,2018,Available,Yes,4.6,"Alumnus/alumna of Institute of Engineering and Management with 6 years of experience in Cybersecurity. Currently working as Cybersecurity Analyst at ISRO. Key skills include Incident Response, Python, Network Security, SIEM. Interested in mentoring students pursuing careers in Cybersecurity.",Institute of Engineering and Management → Research Intern → Cybersecurity Analyst @ ISRO
1085,Tanvi Roy,1,Institute of Engineering and Management,AI Research Scientist,Samsung R&D,AI/ML,Transformers; Python; PyTorch; NLP; Deep Learning; Machine Learning,6,2019,Available,Yes,4.4,"Alumnus/alumna of Institute of Engineering and Management with 6 years of experience in AI/ML. Currently working as AI Research Scientist at Samsung R&D. Key skills include Transformers, Python, PyTorch, NLP. Interested in mentoring students pursuing careers in AI/ML.",Institute of Engineering and Management → Software Engineer → AI Research Scientist @ Samsung R&D
1086,Poulami Das,1,Institute of Engineering and Management,Machine Learning Engineer,Amazon,AI/ML,Python; Machine Learning; PyTorch; TensorFlow; MLOps; SQL,10,2016,Limited,Yes,3.9,"Alumnus/alumna of Institute of Engineering and Management with 10 years of experience in AI/ML. Currently working as Machine Learning Engineer at Amazon. Key skills include Python, Machine Learning, PyTorch, TensorFlow. Interested in mentoring students pursuing careers in AI/ML.",Institute of Engineering and Management → Data Analyst → Machine Learning Engineer @ Amazon
1087,Subhajit Mondal,1,Institute of Engineering and Management,Data Scientist,Deloitte,Data Science,Statistics; Pandas; SQL; Tableau; Python,1,2025,Available,Yes,4.4,"Alumnus/alumna of Institute of Engineering and Management with 1 years of experience in Data Science. Currently working as Data Scientist at Deloitte. Key skills include Statistics, Pandas, SQL, Tableau. Interested in mentoring students pursuing careers in Data Science.",Institute of Engineering and Management → Research Assistant → Data Scientist @ Deloitte
1088,Riddhi Singh,1,Institute of Engineering and Management,Software Engineer,JPMorgan Chase,Software Engineering,Java; Python; System Design; Data Structures; C++,11,2014,Available,Yes,4.3,"Alumnus/alumna of Institute of Engineering and Management with 11 years of experience in Software Engineering. Currently working as Software Engineer at JPMorgan Chase. Key skills include Java, Python, System Design, Data Structures. Interested in mentoring students pursuing careers in Software Engineering.",Institute of Engineering and Management → Data Analyst → Software Engineer @ JPMorgan Chase
1089,Sayan Ghosh,1,Institute of Engineering and Management,Software Engineer,Adobe,Software Engineering,Algorithms; Python; Java; Data Structures; System Design,4,2021,Available,Yes,3.9,"Alumnus/alumna of Institute of Engineering and Management with 4 years of experience in Software Engineering. Currently working as Software Engineer at Adobe. Key skills include Algorithms, Python, Java, Data Structures. Interested in mentoring students pursuing careers in Software Engineering.",Institute of Engineering and Management → Graduate Engineer Trainee → Software Engineer @ Adobe
1090,Tanmoy Pal,1,Institute of Engineering and Management,Cybersecurity Analyst,IBM,Cybersecurity,Python; Cloud Security; Network Security; Incident Response; Linux,15,2009,Available,Yes,4.1,"Alumnus/alumna of Institute of Engineering and Management with 15 years of experience in Cybersecurity. Currently working as Cybersecurity Analyst at IBM. Key skills include Python, Cloud Security, Network Security, Incident Response. Interested in mentoring students pursuing careers in Cybersecurity.",Institute of Engineering and Management → Data Analyst → Cybersecurity Analyst @ IBM
1091,Meera Mondal,1,Institute of Engineering and Management,Product Manager,Amazon,Product Management,Product Strategy; Roadmapping; User Research; Agile,14,2011,Unavailable,Yes,4.3,"Alumnus/alumna of Institute of Engineering and Management with 14 years of experience in Product Management. Currently working as Product Manager at Amazon. Key skills include Product Strategy, Roadmapping, User Research, Agile. Interested in mentoring students pursuing careers in Product Management.",Institute of Engineering and Management → Research Assistant → Product Manager @ Amazon
1092,Ritwik Gupta,1,Institute of Engineering and Management,Data Scientist,Infosys,Data Science,Statistics; SQL; Pandas; Tableau,14,2012,Unavailable,Yes,4.7,"Alumnus/alumna of Institute of Engineering and Management with 14 years of experience in Data Science. Currently working as Data Scientist at Infosys. Key skills include Statistics, SQL, Pandas, Tableau. Interested in mentoring students pursuing careers in Data Science.",Institute of Engineering and Management → Research Intern → Data Scientist @ Infosys
1093,Diya Bose,1,Institute of Engineering and Management,AI Research Scientist,Samsung R&D,AI/ML,Transformers; Python; Deep Learning; PyTorch; NLP,2,2021,Available,Yes,4.8,"Alumnus/alumna of Institute of Engineering and Management with 2 years of experience in AI/ML. Currently working as AI Research Scientist at Samsung R&D. Key skills include Transformers, Python, Deep Learning, PyTorch. Interested in mentoring students pursuing careers in AI/ML.",Institute of Engineering and Management → Systems Engineer → AI Research Scientist @ Samsung R&D
1094,Sayan Mondal,1,Institute of Engineering and Management,Data Scientist,Amazon,Data Science,Pandas; Statistics; Tableau; SQL; Machine Learning; Python,11,2014,Unavailable,Yes,4.9,"Alumnus/alumna of Institute of Engineering and Management with 11 years of experience in Data Science. Currently working as Data Scientist at Amazon. Key skills include Pandas, Statistics, Tableau, SQL. Interested in mentoring students pursuing careers in Data Science.",Institute of Engineering and Management → Data Analyst → Data Scientist @ Amazon
1095,Sohini Mitra,1,Institute of Engineering and Management,Cloud/DevOps Engineer,Amazon,Cloud & DevOps,Kubernetes; Linux; Azure; Docker,2,2024,Limited,Yes,4.9,"Alumnus/alumna of Institute of Engineering and Management with 2 years of experience in Cloud & DevOps. Currently working as Cloud/DevOps Engineer at Amazon. Key skills include Kubernetes, Linux, Azure, Docker. Interested in mentoring students pursuing careers in Cloud & DevOps.",Institute of Engineering and Management → Technology Analyst → Cloud/DevOps Engineer @ Amazon
1096,Ishita Sharma,1,Institute of Engineering and Management,Cybersecurity Analyst,Deloitte,Cybersecurity,Python; Incident Response; Cloud Security; Linux; SIEM; Network Security,13,2011,Unavailable,Yes,4.5,"Alumnus/alumna of Institute of Engineering and Management with 13 years of experience in Cybersecurity. Currently working as Cybersecurity Analyst at Deloitte. Key skills include Python, Incident Response, Cloud Security, Linux. Interested in mentoring students pursuing careers in Cybersecurity.",Institute of Engineering and Management → Research Assistant → Cybersecurity Analyst @ Deloitte
1097,Sayan Mondal,1,Institute of Engineering and Management,Data Scientist,Infosys,Data Science,Python; Tableau; Statistics; SQL,12,2014,Available,Yes,4.0,"Alumnus/alumna of Institute of Engineering and Management with 12 years of experience in Data Science. Currently working as Data Scientist at Infosys. Key skills include Python, Tableau, Statistics, SQL. Interested in mentoring students pursuing careers in Data Science.",Institute of Engineering and Management → Research Intern → Data Scientist @ Infosys
1098,Tanvi Saha,1,Institute of Engineering and Management,Software Engineer,Amazon,Software Engineering,Data Structures; Python; System Design; Algorithms; Java; C++,2,2023,Unavailable,Yes,4.7,"Alumnus/alumna of Institute of Engineering and Management with 2 years of experience in Software Engineering. Currently working as Software Engineer at Amazon. Key skills include Data Structures, Python, System Design, Algorithms. Interested in mentoring students pursuing careers in Software Engineering.",Institute of Engineering and Management → Data Analyst → Software Engineer @ Amazon
1099,Sohini Sharma,1,Institute of Engineering and Management,Cybersecurity Analyst,Deloitte,Cybersecurity,Linux; Incident Response; Network Security; Python; Cloud Security; SIEM,4,2019,Available,Yes,4.1,"Alumnus/alumna of Institute of Engineering and Management with 4 years of experience in Cybersecurity. Currently working as Cybersecurity Analyst at Deloitte. Key skills include Linux, Incident Response, Network Security, Python. Interested in mentoring students pursuing careers in Cybersecurity.",Institute of Engineering and Management → Junior Developer → Cybersecurity Analyst @ Deloitte
1100,Aditi Pal,1,Institute of Engineering and Management,Embedded/Robotics Engineer,DRDO,Embedded Systems & Robotics,C++; C; Embedded C; RTOS; ROS,14,2011,Limited,Yes,4.9,"Alumnus/alumna of Institute of Engineering and Management with 14 years of experience in Embedded Systems & Robotics. Currently working as Embedded/Robotics Engineer at DRDO. Key skills include C++, C, Embedded C, RTOS. Interested in mentoring students pursuing careers in Embedded Systems & Robotics.",Institute of Engineering and Management → Data Analyst → Embedded/Robotics Engineer @ DRDO
1101,Sneha Patel,2,Jadavpur University,AI Research Scientist,Microsoft,AI/ML,PyTorch; Machine Learning; Transformers; NLP; Python; Deep Learning,11,2013,Unavailable,Yes,4.5,"Alumnus/alumna of Jadavpur University with 11 years of experience in AI/ML. Currently working as AI Research Scientist at Microsoft. Key skills include PyTorch, Machine Learning, Transformers, NLP. Interested in mentoring students pursuing careers in AI/ML.",Jadavpur University → Graduate Engineer Trainee → AI Research Scientist @ Microsoft
1102,Sayan Mitra,2,Jadavpur University,Data Scientist,Infosys,Data Science,SQL; Python; Tableau; Statistics; Machine Learning,10,2013,Unavailable,Yes,4.4,"Alumnus/alumna of Jadavpur University with 10 years of experience in Data Science. Currently working as Data Scientist at Infosys. Key skills include SQL, Python, Tableau, Statistics. Interested in mentoring students pursuing careers in Data Science.",Jadavpur University → Systems Engineer → Data Scientist @ Infosys
1103,Abhishek Pal,2,Jadavpur University,Cloud/DevOps Engineer,Microsoft,Cloud & DevOps,Kubernetes; AWS; Linux; Azure; Terraform; Docker,11,2015,Available,Yes,4.2,"Alumnus/alumna of Jadavpur University with 11 years of experience in Cloud & DevOps. Currently working as Cloud/DevOps Engineer at Microsoft. Key skills include Kubernetes, AWS, Linux, Azure. Interested in mentoring students pursuing careers in Cloud & DevOps.",Jadavpur University → Technology Analyst → Cloud/DevOps Engineer @ Microsoft
1104,Sneha Pal,2,Jadavpur University,Data Scientist,Amazon,Data Science,Tableau; Pandas; SQL; Python; Machine Learning; Statistics,2,2023,Available,Yes,3.9,"Alumnus/alumna of Jadavpur University with 2 years of experience in Data Science. Currently working as Data Scientist at Amazon. Key skills include Tableau, Pandas, SQL, Python. Interested in mentoring students pursuing careers in Data Science.",Jadavpur University → Junior Developer → Data Scientist @ Amazon
1105,Debanjan Singh,2,Jadavpur University,Embedded/Robotics Engineer,Tata Elxsi,Embedded Systems & Robotics,Microcontrollers; C; ROS; C++; Embedded C,2,2024,Available,Yes,4.5,"Alumnus/alumna of Jadavpur University with 2 years of experience in Embedded Systems & Robotics. Currently working as Embedded/Robotics Engineer at Tata Elxsi. Key skills include Microcontrollers, C, ROS, C++. Interested in mentoring students pursuing careers in Embedded Systems & Robotics.",Jadavpur University → Technology Analyst → Embedded/Robotics Engineer @ Tata Elxsi
1106,Nisha Singh,2,Jadavpur University,AI Research Scientist,DRDO,AI/ML,PyTorch; Python; NLP; Deep Learning; Transformers; Machine Learning,5,2018,Limited,Yes,4.3,"Alumnus/alumna of Jadavpur University with 5 years of experience in AI/ML. Currently working as AI Research Scientist at DRDO. Key skills include PyTorch, Python, NLP, Deep Learning. Interested in mentoring students pursuing careers in AI/ML.",Jadavpur University → Data Analyst → AI Research Scientist @ DRDO
1107,Arjun Das,2,Jadavpur University,Software Engineer,JPMorgan Chase,Software Engineering,C++; Python; Algorithms; Data Structures,15,2008,Available,Yes,4.5,"Alumnus/alumna of Jadavpur University with 15 years of experience in Software Engineering. Currently working as Software Engineer at JPMorgan Chase. Key skills include C++, Python, Algorithms, Data Structures. Interested in mentoring students pursuing careers in Software Engineering.",Jadavpur University → Junior Developer → Software Engineer @ JPMorgan Chase
1108,Soumyajit Saha,2,Jadavpur University,Cybersecurity Analyst,Infosys,Cybersecurity,Python; Network Security; Incident Response; Linux; SIEM; Cloud Security,9,2016,Unavailable,Yes,4.4,"Alumnus/alumna of Jadavpur University with 9 years of experience in Cybersecurity. Currently working as Cybersecurity Analyst at Infosys. Key skills include Python, Network Security, Incident Response, Linux. Interested in mentoring students pursuing careers in Cybersecurity.",Jadavpur University → Software Engineer → Cybersecurity Analyst @ Infosys
1109,Arjun Pal,2,Jadavpur University,Embedded/Robotics Engineer,Siemens,Embedded Systems & Robotics,C++; C; RTOS; Embedded C; ROS; Microcontrollers,12,2014,Available,Yes,4.9,"Alumnus/alumna of Jadavpur University with 12 years of experience in Embedded Systems & Robotics. Currently working as Embedded/Robotics Engineer at Siemens. Key skills include C++, C, RTOS, Embedded C. Interested in mentoring students pursuing careers in Embedded Systems & Robotics.",Jadavpur University → Junior Developer → Embedded/Robotics Engineer @ Siemens
1110,Meera Sharma,2,Jadavpur University,Software Engineer,Amazon,Software Engineering,C++; Algorithms; Data Structures; System Design,7,2017,Unavailable,Yes,4.0,"Alumnus/alumna of Jadavpur University with 7 years of experience in Software Engineering. Currently working as Software Engineer at Amazon. Key skills include C++, Algorithms, Data Structures, System Design. Interested in mentoring students pursuing careers in Software Engineering.",Jadavpur University → Data Analyst → Software Engineer @ Amazon
1111,Soumyajit Bose,2,Jadavpur University,AI Research Scientist,Google,AI/ML,Transformers; Python; PyTorch; NLP; Machine Learning,7,2016,Available,Yes,5.0,"Alumnus/alumna of Jadavpur University with 7 years of experience in AI/ML. Currently working as AI Research Scientist at Google. Key skills include Transformers, Python, PyTorch, NLP. Interested in mentoring students pursuing careers in AI/ML.",Jadavpur University → Systems Engineer → AI Research Scientist @ Google
1112,Nisha Pal,2,Jadavpur University,Product Manager,Atlassian,Product Management,Product Strategy; User Research; Analytics; Agile,6,2018,Unavailable,Yes,5.0,"Alumnus/alumna of Jadavpur University with 6 years of experience in Product Management. Currently working as Product Manager at Atlassian. Key skills include Product Strategy, User Research, Analytics, Agile. Interested in mentoring students pursuing careers in Product Management.",Jadavpur University → Junior Developer → Product Manager @ Atlassian
1113,Debolina Mitra,2,Jadavpur University,Cloud/DevOps Engineer,Amazon,Cloud & DevOps,Terraform; Linux; Azure; Kubernetes; Docker; AWS,15,2010,Limited,Yes,4.1,"Alumnus/alumna of Jadavpur University with 15 years of experience in Cloud & DevOps. Currently working as Cloud/DevOps Engineer at Amazon. Key skills include Terraform, Linux, Azure, Kubernetes. Interested in mentoring students pursuing careers in Cloud & DevOps.",Jadavpur University → Technology Analyst → Cloud/DevOps Engineer @ Amazon
1114,Nisha Nandi,2,Jadavpur University,Product Manager,Atlassian,Product Management,Agile; User Research; Analytics; SQL,8,2018,Unavailable,Yes,4.5,"Alumnus/alumna of Jadavpur University with 8 years of experience in Product Management. Currently working as Product Manager at Atlassian. Key skills include Agile, User Research, Analytics, SQL. Interested in mentoring students pursuing careers in Product Management.",Jadavpur University → Junior Developer → Product Manager @ Atlassian
1115,Ishaan Bose,2,Jadavpur University,AI Research Scientist,IBM,AI/ML,Deep Learning; PyTorch; Machine Learning; NLP; Python,5,2021,Available,Yes,4.0,"Alumnus/alumna of Jadavpur University with 5 years of experience in AI/ML. Currently working as AI Research Scientist at IBM. Key skills include Deep Learning, PyTorch, Machine Learning, NLP. Interested in mentoring students pursuing careers in AI/ML.",Jadavpur University → Data Analyst → AI Research Scientist @ IBM
1116,Ishaan Chakraborty,2,Jadavpur University,Embedded/Robotics Engineer,Bosch,Embedded Systems & Robotics,C++; ROS; Microcontrollers; C; Embedded C; RTOS,2,2021,Available,Yes,4.6,"Alumnus/alumna of Jadavpur University with 2 years of experience in Embedded Systems & Robotics. Currently working as Embedded/Robotics Engineer at Bosch. Key skills include C++, ROS, Microcontrollers, C. Interested in mentoring students pursuing careers in Embedded Systems & Robotics.",Jadavpur University → Research Intern → Embedded/Robotics Engineer @ Bosch
1117,Aarav Sharma,2,Jadavpur University,Machine Learning Engineer,Amazon,AI/ML,MLOps; Machine Learning; TensorFlow; SQL; PyTorch; Python,3,2023,Available,Yes,4.2,"Alumnus/alumna of Jadavpur University with 3 years of experience in AI/ML. Currently working as Machine Learning Engineer at Amazon. Key skills include MLOps, Machine Learning, TensorFlow, SQL. Interested in mentoring students pursuing careers in AI/ML.",Jadavpur University → Systems Engineer → Machine Learning Engineer @ Amazon
1118,Sayan Chakraborty,2,Jadavpur University,Machine Learning Engineer,Amazon,AI/ML,SQL; Python; MLOps; TensorFlow; PyTorch,15,2010,Unavailable,Yes,3.9,"Alumnus/alumna of Jadavpur University with 15 years of experience in AI/ML. Currently working as Machine Learning Engineer at Amazon. Key skills include SQL, Python, MLOps, TensorFlow. Interested in mentoring students pursuing careers in AI/ML.",Jadavpur University → Systems Engineer → Machine Learning Engineer @ Amazon
1119,Moumita Gupta,2,Jadavpur University,AI Research Scientist,Microsoft,AI/ML,Machine Learning; PyTorch; Python; Transformers,7,2016,Available,Yes,3.9,"Alumnus/alumna of Jadavpur University with 7 years of experience in AI/ML. Currently working as AI Research Scientist at Microsoft. Key skills include Machine Learning, PyTorch, Python, Transformers. Interested in mentoring students pursuing careers in AI/ML.",Jadavpur University → Data Analyst → AI Research Scientist @ Microsoft
1120,Sayantani Mukherjee,2,Jadavpur University,Data Scientist,Deloitte,Data Science,Pandas; Machine Learning; Tableau; SQL; Python,15,2009,Unavailable,Yes,3.9,"Alumnus/alumna of Jadavpur University with 15 years of experience in Data Science. Currently working as Data Scientist at Deloitte. Key skills include Pandas, Machine Learning, Tableau, SQL. Interested in mentoring students pursuing careers in Data Science.",Jadavpur University → Research Intern → Data Scientist @ Deloitte
1121,Poulami Ghosh,2,Jadavpur University,Cloud/DevOps Engineer,TCS,Cloud & DevOps,Docker; Linux; Azure; Kubernetes; AWS,2,2021,Available,Yes,4.4,"Alumnus/alumna of Jadavpur University with 2 years of experience in Cloud & DevOps. Currently working as Cloud/DevOps Engineer at TCS. Key skills include Docker, Linux, Azure, Kubernetes. Interested in mentoring students pursuing careers in Cloud & DevOps.",Jadavpur University → Graduate Engineer Trainee → Cloud/DevOps Engineer @ TCS
1122,Rohan Mondal,2,Jadavpur University,Cybersecurity Analyst,TCS,Cybersecurity,SIEM; Incident Response; Python; Network Security; Linux; Cloud Security,9,2015,Unavailable,Yes,4.2,"Alumnus/alumna of Jadavpur University with 9 years of experience in Cybersecurity. Currently working as Cybersecurity Analyst at TCS. Key skills include SIEM, Incident Response, Python, Network Security. Interested in mentoring students pursuing careers in Cybersecurity.",Jadavpur University → Research Intern → Cybersecurity Analyst @ TCS
1123,Priya Bhattacharya,2,Jadavpur University,Product Manager,Flipkart,Product Management,User Research; Agile; Analytics; SQL; Roadmapping,12,2011,Unavailable,Yes,4.1,"Alumnus/alumna of Jadavpur University with 12 years of experience in Product Management. Currently working as Product Manager at Flipkart. Key skills include User Research, Agile, Analytics, SQL. Interested in mentoring students pursuing careers in Product Management.",Jadavpur University → Systems Engineer → Product Manager @ Flipkart
1124,Sneha Mukherjee,2,Jadavpur University,Machine Learning Engineer,Accenture,AI/ML,Machine Learning; SQL; PyTorch; TensorFlow,5,2019,Available,Yes,4.0,"Alumnus/alumna of Jadavpur University with 5 years of experience in AI/ML. Currently working as Machine Learning Engineer at Accenture. Key skills include Machine Learning, SQL, PyTorch, TensorFlow. Interested in mentoring students pursuing careers in AI/ML.",Jadavpur University → Technology Analyst → Machine Learning Engineer @ Accenture
1125,Aditya Nandi,2,Jadavpur University,Software Engineer,JPMorgan Chase,Software Engineering,Java; Data Structures; System Design; C++,13,2012,Limited,Yes,4.9,"Alumnus/alumna of Jadavpur University with 13 years of experience in Software Engineering. Currently working as Software Engineer at JPMorgan Chase. Key skills include Java, Data Structures, System Design, C++. Interested in mentoring students pursuing careers in Software Engineering.",Jadavpur University → Software Engineer → Software Engineer @ JPMorgan Chase
1126,Sayantani Chatterjee,2,Jadavpur University,Machine Learning Engineer,Adobe,AI/ML,MLOps; Python; Machine Learning; PyTorch,6,2019,Available,Yes,4.6,"Alumnus/alumna of Jadavpur University with 6 years of experience in AI/ML. Currently working as Machine Learning Engineer at Adobe. Key skills include MLOps, Python, Machine Learning, PyTorch. Interested in mentoring students pursuing careers in AI/ML.",Jadavpur University → Software Engineer → Machine Learning Engineer @ Adobe
1127,Meera Gupta,2,Jadavpur University,Machine Learning Engineer,Microsoft,AI/ML,PyTorch; Machine Learning; Python; SQL; MLOps,15,2010,Unavailable,Yes,4.5,"Alumnus/alumna of Jadavpur University with 15 years of experience in AI/ML. Currently working as Machine Learning Engineer at Microsoft. Key skills include PyTorch, Machine Learning, Python, SQL. Interested in mentoring students pursuing careers in AI/ML.",Jadavpur University → Research Intern → Machine Learning Engineer @ Microsoft
1128,Sourav Singh,2,Jadavpur University,Embedded/Robotics Engineer,Samsung R&D,Embedded Systems & Robotics,RTOS; C; C++; ROS; Microcontrollers; Embedded C,14,2012,Available,Yes,3.9,"Alumnus/alumna of Jadavpur University with 14 years of experience in Embedded Systems & Robotics. Currently working as Embedded/Robotics Engineer at Samsung R&D. Key skills include RTOS, C, C++, ROS. Interested in mentoring students pursuing careers in Embedded Systems & Robotics.",Jadavpur University → Systems Engineer → Embedded/Robotics Engineer @ Samsung R&D
1129,Rahul Saha,2,Jadavpur University,Product Manager,Flipkart,Product Management,Roadmapping; User Research; SQL; Agile; Analytics,1,2025,Unavailable,Yes,4.0,"Alumnus/alumna of Jadavpur University with 1 years of experience in Product Management. Currently working as Product Manager at Flipkart. Key skills include Roadmapping, User Research, SQL, Agile. Interested in mentoring students pursuing careers in Product Management.",Jadavpur University → Systems Engineer → Product Manager @ Flipkart
1130,Meera Chakraborty,2,Jadavpur University,Cloud/DevOps Engineer,IBM,Cloud & DevOps,Kubernetes; Docker; AWS; Linux,10,2013,Available,Yes,4.4,"Alumnus/alumna of Jadavpur University with 10 years of experience in Cloud & DevOps. Currently working as Cloud/DevOps Engineer at IBM. Key skills include Kubernetes, Docker, AWS, Linux. Interested in mentoring students pursuing careers in Cloud & DevOps.",Jadavpur University → Junior Developer → Cloud/DevOps Engineer @ IBM
1131,Soumyajit Mitra,2,Jadavpur University,Cybersecurity Analyst,TCS,Cybersecurity,Incident Response; Network Security; Cloud Security; Python,6,2017,Available,Yes,4.7,"Alumnus/alumna of Jadavpur University with 6 years of experience in Cybersecurity. Currently working as Cybersecurity Analyst at TCS. Key skills include Incident Response, Network Security, Cloud Security, Python. Interested in mentoring students pursuing careers in Cybersecurity.",Jadavpur University → Technology Analyst → Cybersecurity Analyst @ TCS
1132,Sayantani Bose,2,Jadavpur University,Cloud/DevOps Engineer,TCS,Cloud & DevOps,Terraform; Azure; AWS; Docker; Linux; Kubernetes,14,2010,Available,Yes,4.8,"Alumnus/alumna of Jadavpur University with 14 years of experience in Cloud & DevOps. Currently working as Cloud/DevOps Engineer at TCS. Key skills include Terraform, Azure, AWS, Docker. Interested in mentoring students pursuing careers in Cloud & DevOps.",Jadavpur University → Research Intern → Cloud/DevOps Engineer @ TCS
1133,Aditya Chatterjee,2,Jadavpur University,Data Scientist,Infosys,Data Science,SQL; Machine Learning; Tableau; Python,11,2015,Available,Yes,4.8,"Alumnus/alumna of Jadavpur University with 11 years of experience in Data Science. Currently working as Data Scientist at Infosys. Key skills include SQL, Machine Learning, Tableau, Python. Interested in mentoring students pursuing careers in Data Science.",Jadavpur University → Data Analyst → Data Scientist @ Infosys
1134,Debolina Dutta,2,Jadavpur University,Data Scientist,Walmart Global Tech,Data Science,Tableau; Pandas; SQL; Statistics; Python,1,2024,Available,Yes,4.6,"Alumnus/alumna of Jadavpur University with 1 years of experience in Data Science. Currently working as Data Scientist at Walmart Global Tech. Key skills include Tableau, Pandas, SQL, Statistics. Interested in mentoring students pursuing careers in Data Science.",Jadavpur University → Research Assistant → Data Scientist @ Walmart Global Tech
1135,Aditya Mukherjee,2,Jadavpur University,AI Research Scientist,Microsoft,AI/ML,Machine Learning; Transformers; NLP; PyTorch,8,2016,Available,Yes,4.6,"Alumnus/alumna of Jadavpur University with 8 years of experience in AI/ML. Currently working as AI Research Scientist at Microsoft. Key skills include Machine Learning, Transformers, NLP, PyTorch. Interested in mentoring students pursuing careers in AI/ML.",Jadavpur University → Systems Engineer → AI Research Scientist @ Microsoft
1136,Aditya Dutta,2,Jadavpur University,Machine Learning Engineer,Microsoft,AI/ML,SQL; TensorFlow; PyTorch; Python; Machine Learning; MLOps,12,2014,Unavailable,Yes,4.9,"Alumnus/alumna of Jadavpur University with 12 years of experience in AI/ML. Currently working as Machine Learning Engineer at Microsoft. Key skills include SQL, TensorFlow, PyTorch, Python. Interested in mentoring students pursuing careers in AI/ML.",Jadavpur University → Technology Analyst → Machine Learning Engineer @ Microsoft
1137,Vivaan Mitra,2,Jadavpur University,Embedded/Robotics Engineer,Tata Elxsi,Embedded Systems & Robotics,C++; C; RTOS; Embedded C; ROS,6,2019,Limited,Yes,4.1,"Alumnus/alumna of Jadavpur University with 6 years of experience in Embedded Systems & Robotics. Currently working as Embedded/Robotics Engineer at Tata Elxsi. Key skills include C++, C, RTOS, Embedded C. Interested in mentoring students pursuing careers in Embedded Systems & Robotics.",Jadavpur University → Research Intern → Embedded/Robotics Engineer @ Tata Elxsi
1138,Aarav Nandi,2,Jadavpur University,Product Manager,Flipkart,Product Management,Agile; Roadmapping; SQL; User Research,12,2011,Unavailable,Yes,5.0,"Alumnus/alumna of Jadavpur University with 12 years of experience in Product Management. Currently working as Product Manager at Flipkart. Key skills include Agile, Roadmapping, SQL, User Research. Interested in mentoring students pursuing careers in Product Management.",Jadavpur University → Research Assistant → Product Manager @ Flipkart
1139,Riya Mitra,2,Jadavpur University,Cybersecurity Analyst,Infosys,Cybersecurity,Network Security; Incident Response; Cloud Security; SIEM; Linux; Python,6,2018,Unavailable,Yes,4.9,"Alumnus/alumna of Jadavpur University with 6 years of experience in Cybersecurity. Currently working as Cybersecurity Analyst at Infosys. Key skills include Network Security, Incident Response, Cloud Security, SIEM. Interested in mentoring students pursuing careers in Cybersecurity.",Jadavpur University → Research Intern → Cybersecurity Analyst @ Infosys
1140,Vivaan Roy,2,Jadavpur University,AI Research Scientist,Samsung R&D,AI/ML,Machine Learning; Deep Learning; Python; PyTorch; Transformers,15,2009,Available,Yes,4.7,"Alumnus/alumna of Jadavpur University with 15 years of experience in AI/ML. Currently working as AI Research Scientist at Samsung R&D. Key skills include Machine Learning, Deep Learning, Python, PyTorch. Interested in mentoring students pursuing careers in AI/ML.",Jadavpur University → Software Engineer → AI Research Scientist @ Samsung R&D
1141,Soumyajit Sharma,2,Jadavpur University,Embedded/Robotics Engineer,Bosch,Embedded Systems & Robotics,ROS; Embedded C; C++; RTOS,5,2019,Available,Yes,4.4,"Alumnus/alumna of Jadavpur University with 5 years of experience in Embedded Systems & Robotics. Currently working as Embedded/Robotics Engineer at Bosch. Key skills include ROS, Embedded C, C++, RTOS. Interested in mentoring students pursuing careers in Embedded Systems & Robotics.",Jadavpur University → Graduate Engineer Trainee → Embedded/Robotics Engineer @ Bosch
1142,Priya Mukherjee,2,Jadavpur University,Machine Learning Engineer,Amazon,AI/ML,Machine Learning; PyTorch; TensorFlow; Python; MLOps; SQL,9,2015,Available,Yes,4.6,"Alumnus/alumna of Jadavpur University with 9 years of experience in AI/ML. Currently working as Machine Learning Engineer at Amazon. Key skills include Machine Learning, PyTorch, TensorFlow, Python. Interested in mentoring students pursuing careers in AI/ML.",Jadavpur University → Graduate Engineer Trainee → Machine Learning Engineer @ Amazon
1143,Ishita Nandi,2,Jadavpur University,Product Manager,Flipkart,Product Management,Roadmapping; SQL; Analytics; Agile,11,2015,Unavailable,Yes,4.3,"Alumnus/alumna of Jadavpur University with 11 years of experience in Product Management. Currently working as Product Manager at Flipkart. Key skills include Roadmapping, SQL, Analytics, Agile. Interested in mentoring students pursuing careers in Product Management.",Jadavpur University → Software Engineer → Product Manager @ Flipkart
1144,Ananya Patel,2,Jadavpur University,Software Engineer,JPMorgan Chase,Software Engineering,Python; C++; Java; Algorithms,12,2011,Limited,Yes,5.0,"Alumnus/alumna of Jadavpur University with 12 years of experience in Software Engineering. Currently working as Software Engineer at JPMorgan Chase. Key skills include Python, C++, Java, Algorithms. Interested in mentoring students pursuing careers in Software Engineering.",Jadavpur University → Junior Developer → Software Engineer @ JPMorgan Chase
1145,Ananya Ghosh,2,Jadavpur University,Cloud/DevOps Engineer,Atlassian,Cloud & DevOps,Docker; Azure; AWS; Linux,6,2020,Available,Yes,4.4,"Alumnus/alumna of Jadavpur University with 6 years of experience in Cloud & DevOps. Currently working as Cloud/DevOps Engineer at Atlassian. Key skills include Docker, Azure, AWS, Linux. Interested in mentoring students pursuing careers in Cloud & DevOps.",Jadavpur University → Technology Analyst → Cloud/DevOps Engineer @ Atlassian
1146,Poulami Banerjee,2,Jadavpur University,Software Engineer,Google,Software Engineering,C++; Algorithms; Python; System Design,11,2014,Limited,Yes,4.3,"Alumnus/alumna of Jadavpur University with 11 years of experience in Software Engineering. Currently working as Software Engineer at Google. Key skills include C++, Algorithms, Python, System Design. Interested in mentoring students pursuing careers in Software Engineering.",Jadavpur University → Technology Analyst → Software Engineer @ Google
1147,Ritwik Bhattacharya,2,Jadavpur University,Cybersecurity Analyst,DRDO,Cybersecurity,Cloud Security; SIEM; Linux; Incident Response; Network Security; Python,13,2010,Limited,Yes,4.9,"Alumnus/alumna of Jadavpur University with 13 years of experience in Cybersecurity. Currently working as Cybersecurity Analyst at DRDO. Key skills include Cloud Security, SIEM, Linux, Incident Response. Interested in mentoring students pursuing careers in Cybersecurity.",Jadavpur University → Research Assistant → Cybersecurity Analyst @ DRDO
1148,Aditi Nandi,2,Jadavpur University,Cybersecurity Analyst,DRDO,Cybersecurity,Incident Response; SIEM; Cloud Security; Linux; Python; Network Security,5,2020,Available,Yes,4.7,"Alumnus/alumna of Jadavpur University with 5 years of experience in Cybersecurity. Currently working as Cybersecurity Analyst at DRDO. Key skills include Incident Response, SIEM, Cloud Security, Linux. Interested in mentoring students pursuing careers in Cybersecurity.",Jadavpur University → Junior Developer → Cybersecurity Analyst @ DRDO
1149,Rahul Mitra,2,Jadavpur University,Software Engineer,Meta,Software Engineering,Java; System Design; Python; Algorithms,7,2019,Unavailable,Yes,4.1,"Alumnus/alumna of Jadavpur University with 7 years of experience in Software Engineering. Currently working as Software Engineer at Meta. Key skills include Java, System Design, Python, Algorithms. Interested in mentoring students pursuing careers in Software Engineering.",Jadavpur University → Data Analyst → Software Engineer @ Meta
1150,Kunal Chatterjee,2,Jadavpur University,Data Scientist,Walmart Global Tech,Data Science,Python; Machine Learning; Statistics; Tableau; Pandas; SQL,10,2016,Available,Yes,4.7,"Alumnus/alumna of Jadavpur University with 10 years of experience in Data Science. Currently working as Data Scientist at Walmart Global Tech. Key skills include Python, Machine Learning, Statistics, Tableau. Interested in mentoring students pursuing careers in Data Science.",Jadavpur University → Research Assistant → Data Scientist @ Walmart Global Tech
1151,Debanjan Mondal,3,University of Calcutta,Machine Learning Engineer,Adobe,AI/ML,Python; TensorFlow; PyTorch; SQL; Machine Learning,13,2011,Limited,Yes,4.7,"Alumnus/alumna of University of Calcutta with 13 years of experience in AI/ML. Currently working as Machine Learning Engineer at Adobe. Key skills include Python, TensorFlow, PyTorch, SQL. Interested in mentoring students pursuing careers in AI/ML.",University of Calcutta → Junior Developer → Machine Learning Engineer @ Adobe
1152,Debolina Roy,3,University of Calcutta,Data Scientist,Infosys,Data Science,Pandas; SQL; Tableau; Machine Learning,4,2022,Limited,Yes,4.8,"Alumnus/alumna of University of Calcutta with 4 years of experience in Data Science. Currently working as Data Scientist at Infosys. Key skills include Pandas, SQL, Tableau, Machine Learning. Interested in mentoring students pursuing careers in Data Science.",University of Calcutta → Systems Engineer → Data Scientist @ Infosys
1153,Anirban Nandi,3,University of Calcutta,Product Manager,Adobe,Product Management,SQL; Agile; Product Strategy; Analytics; User Research,6,2018,Limited,Yes,4.1,"Alumnus/alumna of University of Calcutta with 6 years of experience in Product Management. Currently working as Product Manager at Adobe. Key skills include SQL, Agile, Product Strategy, Analytics. Interested in mentoring students pursuing careers in Product Management.",University of Calcutta → Data Analyst → Product Manager @ Adobe
1154,Subhajit Dutta,3,University of Calcutta,Cybersecurity Analyst,Infosys,Cybersecurity,Python; SIEM; Cloud Security; Network Security; Linux,10,2015,Available,Yes,4.1,"Alumnus/alumna of University of Calcutta with 10 years of experience in Cybersecurity. Currently working as Cybersecurity Analyst at Infosys. Key skills include Python, SIEM, Cloud Security, Network Security. Interested in mentoring students pursuing careers in Cybersecurity.",University of Calcutta → Systems Engineer → Cybersecurity Analyst @ Infosys
1155,Tanmoy Sharma,3,University of Calcutta,Software Engineer,Microsoft,Software Engineering,Java; Data Structures; Python; Algorithms; C++; System Design,1,2023,Available,Yes,4.1,"Alumnus/alumna of University of Calcutta with 1 years of experience in Software Engineering. Currently working as Software Engineer at Microsoft. Key skills include Java, Data Structures, Python, Algorithms. Interested in mentoring students pursuing careers in Software Engineering.",University of Calcutta → Data Analyst → Software Engineer @ Microsoft
1156,Aditya Singh,3,University of Calcutta,Data Scientist,Infosys,Data Science,Statistics; Python; Pandas; SQL,14,2010,Unavailable,Yes,4.6,"Alumnus/alumna of University of Calcutta with 14 years of experience in Data Science. Currently working as Data Scientist at Infosys. Key skills include Statistics, Python, Pandas, SQL. Interested in mentoring students pursuing careers in Data Science.",University of Calcutta → Research Assistant → Data Scientist @ Infosys
1157,Sayantani Sharma,3,University of Calcutta,AI Research Scientist,DRDO,AI/ML,PyTorch; NLP; Python; Deep Learning; Transformers; Machine Learning,12,2012,Available,Yes,4.6,"Alumnus/alumna of University of Calcutta with 12 years of experience in AI/ML. Currently working as AI Research Scientist at DRDO. Key skills include PyTorch, NLP, Python, Deep Learning. Interested in mentoring students pursuing careers in AI/ML.",University of Calcutta → Technology Analyst → AI Research Scientist @ DRDO
1158,Nisha Das,3,University of Calcutta,Machine Learning Engineer,Adobe,AI/ML,SQL; MLOps; PyTorch; Machine Learning,3,2020,Available,Yes,4.6,"Alumnus/alumna of University of Calcutta with 3 years of experience in AI/ML. Currently working as Machine Learning Engineer at Adobe. Key skills include SQL, MLOps, PyTorch, Machine Learning. Interested in mentoring students pursuing careers in AI/ML.",University of Calcutta → Data Analyst → Machine Learning Engineer @ Adobe
1159,Arindam Ghosh,3,University of Calcutta,AI Research Scientist,IBM,AI/ML,Python; NLP; Deep Learning; Transformers,5,2021,Available,Yes,4.2,"Alumnus/alumna of University of Calcutta with 5 years of experience in AI/ML. Currently working as AI Research Scientist at IBM. Key skills include Python, NLP, Deep Learning, Transformers. Interested in mentoring students pursuing careers in AI/ML.",University of Calcutta → Graduate Engineer Trainee → AI Research Scientist @ IBM
1160,Ishaan Patel,3,University of Calcutta,Software Engineer,JPMorgan Chase,Software Engineering,Python; Algorithms; C++; System Design; Data Structures,2,2023,Limited,Yes,4.7,"Alumnus/alumna of University of Calcutta with 2 years of experience in Software Engineering. Currently working as Software Engineer at JPMorgan Chase. Key skills include Python, Algorithms, C++, System Design. Interested in mentoring students pursuing careers in Software Engineering.",University of Calcutta → Graduate Engineer Trainee → Software Engineer @ JPMorgan Chase
1161,Ananya Das,3,University of Calcutta,Machine Learning Engineer,Microsoft,AI/ML,Machine Learning; PyTorch; MLOps; Python; TensorFlow,13,2012,Available,Yes,4.8,"Alumnus/alumna of University of Calcutta with 13 years of experience in AI/ML. Currently working as Machine Learning Engineer at Microsoft. Key skills include Machine Learning, PyTorch, MLOps, Python. Interested in mentoring students pursuing careers in AI/ML.",University of Calcutta → Systems Engineer → Machine Learning Engineer @ Microsoft
1162,Sayan Sen,3,University of Calcutta,Embedded/Robotics Engineer,ISRO,Embedded Systems & Robotics,Microcontrollers; ROS; Embedded C; RTOS,12,2011,Unavailable,Yes,4.8,"Alumnus/alumna of University of Calcutta with 12 years of experience in Embedded Systems & Robotics. Currently working as Embedded/Robotics Engineer at ISRO. Key skills include Microcontrollers, ROS, Embedded C, RTOS. Interested in mentoring students pursuing careers in Embedded Systems & Robotics.",University of Calcutta → Graduate Engineer Trainee → Embedded/Robotics Engineer @ ISRO
1163,Rahul Nandi,3,University of Calcutta,Cybersecurity Analyst,TCS,Cybersecurity,Cloud Security; Incident Response; Linux; Python; SIEM,13,2013,Available,Yes,4.6,"Alumnus/alumna of University of Calcutta with 13 years of experience in Cybersecurity. Currently working as Cybersecurity Analyst at TCS. Key skills include Cloud Security, Incident Response, Linux, Python. Interested in mentoring students pursuing careers in Cybersecurity.",University of Calcutta → Research Assistant → Cybersecurity Analyst @ TCS
1164,Debanjan Singh,3,University of Calcutta,Machine Learning Engineer,Microsoft,AI/ML,PyTorch; Machine Learning; Python; MLOps; SQL; TensorFlow,5,2019,Available,Yes,4.6,"Alumnus/alumna of University of Calcutta with 5 years of experience in AI/ML. Currently working as Machine Learning Engineer at Microsoft. Key skills include PyTorch, Machine Learning, Python, MLOps. Interested in mentoring students pursuing careers in AI/ML.",University of Calcutta → Data Analyst → Machine Learning Engineer @ Microsoft
1165,Kunal Das,3,University of Calcutta,Software Engineer,Meta,Software Engineering,C++; Algorithms; Java; Python,11,2013,Unavailable,Yes,4.2,"Alumnus/alumna of University of Calcutta with 11 years of experience in Software Engineering. Currently working as Software Engineer at Meta. Key skills include C++, Algorithms, Java, Python. Interested in mentoring students pursuing careers in Software Engineering.",University of Calcutta → Research Intern → Software Engineer @ Meta
1166,Poulami Roy,3,University of Calcutta,Cloud/DevOps Engineer,Amazon,Cloud & DevOps,Docker; Azure; Terraform; Linux; AWS; Kubernetes,1,2024,Available,Yes,4.1,"Alumnus/alumna of University of Calcutta with 1 years of experience in Cloud & DevOps. Currently working as Cloud/DevOps Engineer at Amazon. Key skills include Docker, Azure, Terraform, Linux. Interested in mentoring students pursuing careers in Cloud & DevOps.",University of Calcutta → Graduate Engineer Trainee → Cloud/DevOps Engineer @ Amazon
1167,Abhishek Nandi,3,University of Calcutta,Cloud/DevOps Engineer,Microsoft,Cloud & DevOps,Azure; Docker; Linux; AWS,12,2014,Unavailable,Yes,4.2,"Alumnus/alumna of University of Calcutta with 12 years of experience in Cloud & DevOps. Currently working as Cloud/DevOps Engineer at Microsoft. Key skills include Azure, Docker, Linux, AWS. Interested in mentoring students pursuing careers in Cloud & DevOps.",University of Calcutta → Research Assistant → Cloud/DevOps Engineer @ Microsoft
1168,Riddhi Sen,3,University of Calcutta,Embedded/Robotics Engineer,Samsung R&D,Embedded Systems & Robotics,ROS; RTOS; C; Microcontrollers; C++,9,2017,Available,Yes,4.4,"Alumnus/alumna of University of Calcutta with 9 years of experience in Embedded Systems & Robotics. Currently working as Embedded/Robotics Engineer at Samsung R&D. Key skills include ROS, RTOS, C, Microcontrollers. Interested in mentoring students pursuing careers in Embedded Systems & Robotics.",University of Calcutta → Graduate Engineer Trainee → Embedded/Robotics Engineer @ Samsung R&D
1169,Debanjan Ghosh,3,University of Calcutta,Embedded/Robotics Engineer,Samsung R&D,Embedded Systems & Robotics,ROS; Embedded C; Microcontrollers; C; RTOS,4,2021,Available,Yes,4.4,"Alumnus/alumna of University of Calcutta with 4 years of experience in Embedded Systems & Robotics. Currently working as Embedded/Robotics Engineer at Samsung R&D. Key skills include ROS, Embedded C, Microcontrollers, C. Interested in mentoring students pursuing careers in Embedded Systems & Robotics.",University of Calcutta → Systems Engineer → Embedded/Robotics Engineer @ Samsung R&D
1170,Kunal Sen,3,University of Calcutta,Cybersecurity Analyst,TCS,Cybersecurity,Linux; Incident Response; Python; Network Security,15,2009,Available,Yes,4.7,"Alumnus/alumna of University of Calcutta with 15 years of experience in Cybersecurity. Currently working as Cybersecurity Analyst at TCS. Key skills include Linux, Incident Response, Python, Network Security. Interested in mentoring students pursuing careers in Cybersecurity.",University of Calcutta → Junior Developer → Cybersecurity Analyst @ TCS
1171,Abhishek Chakraborty,3,University of Calcutta,AI Research Scientist,IBM,AI/ML,PyTorch; Transformers; NLP; Machine Learning; Python; Deep Learning,9,2017,Available,Yes,4.3,"Alumnus/alumna of University of Calcutta with 9 years of experience in AI/ML. Currently working as AI Research Scientist at IBM. Key skills include PyTorch, Transformers, NLP, Machine Learning. Interested in mentoring students pursuing careers in AI/ML.",University of Calcutta → Graduate Engineer Trainee → AI Research Scientist @ IBM
1172,Arjun Ghosh,3,University of Calcutta,Software Engineer,Meta,Software Engineering,Python; Java; C++; System Design; Algorithms; Data Structures,2,2021,Available,Yes,4.5,"Alumnus/alumna of University of Calcutta with 2 years of experience in Software Engineering. Currently working as Software Engineer at Meta. Key skills include Python, Java, C++, System Design. Interested in mentoring students pursuing careers in Software Engineering.",University of Calcutta → Research Assistant → Software Engineer @ Meta
1173,Sayantani Patel,3,University of Calcutta,Machine Learning Engineer,Google,AI/ML,MLOps; Machine Learning; TensorFlow; PyTorch; SQL,11,2012,Available,Yes,4.0,"Alumnus/alumna of University of Calcutta with 11 years of experience in AI/ML. Currently working as Machine Learning Engineer at Google. Key skills include MLOps, Machine Learning, TensorFlow, PyTorch. Interested in mentoring students pursuing careers in AI/ML.",University of Calcutta → Research Intern → Machine Learning Engineer @ Google
1174,Debanjan Banerjee,3,University of Calcutta,Cloud/DevOps Engineer,Microsoft,Cloud & DevOps,Kubernetes; Azure; AWS; Terraform,4,2021,Available,Yes,3.9,"Alumnus/alumna of University of Calcutta with 4 years of experience in Cloud & DevOps. Currently working as Cloud/DevOps Engineer at Microsoft. Key skills include Kubernetes, Azure, AWS, Terraform. Interested in mentoring students pursuing careers in Cloud & DevOps.",University of Calcutta → Data Analyst → Cloud/DevOps Engineer @ Microsoft
1175,Poulami Sen,3,University of Calcutta,Machine Learning Engineer,Flipkart,AI/ML,PyTorch; MLOps; TensorFlow; Python,13,2010,Available,Yes,3.9,"Alumnus/alumna of University of Calcutta with 13 years of experience in AI/ML. Currently working as Machine Learning Engineer at Flipkart. Key skills include PyTorch, MLOps, TensorFlow, Python. Interested in mentoring students pursuing careers in AI/ML.",University of Calcutta → Research Intern → Machine Learning Engineer @ Flipkart
1176,Debanjan Bhattacharya,3,University of Calcutta,AI Research Scientist,DRDO,AI/ML,NLP; Machine Learning; Deep Learning; PyTorch,1,2023,Available,Yes,4.9,"Alumnus/alumna of University of Calcutta with 1 years of experience in AI/ML. Currently working as AI Research Scientist at DRDO. Key skills include NLP, Machine Learning, Deep Learning, PyTorch. Interested in mentoring students pursuing careers in AI/ML.",University of Calcutta → Graduate Engineer Trainee → AI Research Scientist @ DRDO
1177,Sayantani Gupta,3,University of Calcutta,Software Engineer,Google,Software Engineering,C++; Data Structures; Python; Java; Algorithms,9,2016,Limited,Yes,4.2,"Alumnus/alumna of University of Calcutta with 9 years of experience in Software Engineering. Currently working as Software Engineer at Google. Key skills include C++, Data Structures, Python, Java. Interested in mentoring students pursuing careers in Software Engineering.",University of Calcutta → Junior Developer → Software Engineer @ Google
1178,Diya Saha,3,University of Calcutta,Embedded/Robotics Engineer,Tata Elxsi,Embedded Systems & Robotics,ROS; C; Microcontrollers; Embedded C,6,2017,Available,Yes,4.6,"Alumnus/alumna of University of Calcutta with 6 years of experience in Embedded Systems & Robotics. Currently working as Embedded/Robotics Engineer at Tata Elxsi. Key skills include ROS, C, Microcontrollers, Embedded C. Interested in mentoring students pursuing careers in Embedded Systems & Robotics.",University of Calcutta → Technology Analyst → Embedded/Robotics Engineer @ Tata Elxsi
1179,Riya Mukherjee,3,University of Calcutta,Product Manager,Adobe,Product Management,SQL; Product Strategy; Roadmapping; User Research; Analytics,10,2015,Unavailable,Yes,3.9,"Alumnus/alumna of University of Calcutta with 10 years of experience in Product Management. Currently working as Product Manager at Adobe. Key skills include SQL, Product Strategy, Roadmapping, User Research. Interested in mentoring students pursuing careers in Product Management.",University of Calcutta → Data Analyst → Product Manager @ Adobe
1180,Ananya Mondal,3,University of Calcutta,Product Manager,Adobe,Product Management,Analytics; Agile; Product Strategy; SQL,1,2022,Limited,Yes,4.4,"Alumnus/alumna of University of Calcutta with 1 years of experience in Product Management. Currently working as Product Manager at Adobe. Key skills include Analytics, Agile, Product Strategy, SQL. Interested in mentoring students pursuing careers in Product Management.",University of Calcutta → Research Intern → Product Manager @ Adobe
1181,Sourav Pal,3,University of Calcutta,AI Research Scientist,DRDO,AI/ML,Deep Learning; Transformers; NLP; Python; Machine Learning; PyTorch,2,2021,Available,Yes,4.3,"Alumnus/alumna of University of Calcutta with 2 years of experience in AI/ML. Currently working as AI Research Scientist at DRDO. Key skills include Deep Learning, Transformers, NLP, Python. Interested in mentoring students pursuing careers in AI/ML.",University of Calcutta → Technology Analyst → AI Research Scientist @ DRDO
1182,Rohan Dutta,3,University of Calcutta,Data Scientist,Walmart Global Tech,Data Science,Statistics; Machine Learning; Tableau; SQL; Python; Pandas,5,2018,Limited,Yes,4.4,"Alumnus/alumna of University of Calcutta with 5 years of experience in Data Science. Currently working as Data Scientist at Walmart Global Tech. Key skills include Statistics, Machine Learning, Tableau, SQL. Interested in mentoring students pursuing careers in Data Science.",University of Calcutta → Data Analyst → Data Scientist @ Walmart Global Tech
1183,Arjun Dutta,3,University of Calcutta,Cloud/DevOps Engineer,Microsoft,Cloud & DevOps,Kubernetes; Docker; Linux; Azure; Terraform,6,2019,Available,Yes,4.9,"Alumnus/alumna of University of Calcutta with 6 years of experience in Cloud & DevOps. Currently working as Cloud/DevOps Engineer at Microsoft. Key skills include Kubernetes, Docker, Linux, Azure. Interested in mentoring students pursuing careers in Cloud & DevOps.",University of Calcutta → Technology Analyst → Cloud/DevOps Engineer @ Microsoft
1184,Sayantani Sharma,3,University of Calcutta,Embedded/Robotics Engineer,Tata Elxsi,Embedded Systems & Robotics,ROS; C++; Microcontrollers; Embedded C,5,2021,Unavailable,Yes,4.1,"Alumnus/alumna of University of Calcutta with 5 years of experience in Embedded Systems & Robotics. Currently working as Embedded/Robotics Engineer at Tata Elxsi. Key skills include ROS, C++, Microcontrollers, Embedded C. Interested in mentoring students pursuing careers in Embedded Systems & Robotics.",University of Calcutta → Research Assistant → Embedded/Robotics Engineer @ Tata Elxsi
1185,Aarav Dutta,3,University of Calcutta,Cloud/DevOps Engineer,IBM,Cloud & DevOps,AWS; Linux; Azure; Docker; Kubernetes,3,2021,Unavailable,Yes,4.3,"Alumnus/alumna of University of Calcutta with 3 years of experience in Cloud & DevOps. Currently working as Cloud/DevOps Engineer at IBM. Key skills include AWS, Linux, Azure, Docker. Interested in mentoring students pursuing careers in Cloud & DevOps.",University of Calcutta → Research Assistant → Cloud/DevOps Engineer @ IBM
1186,Priya Chakraborty,3,University of Calcutta,Product Manager,Google,Product Management,Roadmapping; Analytics; Agile; Product Strategy; User Research,5,2021,Available,Yes,5.0,"Alumnus/alumna of University of Calcutta with 5 years of experience in Product Management. Currently working as Product Manager at Google. Key skills include Roadmapping, Analytics, Agile, Product Strategy. Interested in mentoring students pursuing careers in Product Management.",University of Calcutta → Graduate Engineer Trainee → Product Manager @ Google
1187,Ishaan Chakraborty,3,University of Calcutta,Cybersecurity Analyst,Deloitte,Cybersecurity,SIEM; Network Security; Cloud Security; Python,3,2023,Limited,Yes,4.2,"Alumnus/alumna of University of Calcutta with 3 years of experience in Cybersecurity. Currently working as Cybersecurity Analyst at Deloitte. Key skills include SIEM, Network Security, Cloud Security, Python. Interested in mentoring students pursuing careers in Cybersecurity.",University of Calcutta → Junior Developer → Cybersecurity Analyst @ Deloitte
1188,Diya Nandi,3,University of Calcutta,Product Manager,Flipkart,Product Management,User Research; Analytics; Product Strategy; Agile; SQL; Roadmapping,10,2016,Available,Yes,4.6,"Alumnus/alumna of University of Calcutta with 10 years of experience in Product Management. Currently working as Product Manager at Flipkart. Key skills include User Research, Analytics, Product Strategy, Agile. Interested in mentoring students pursuing careers in Product Management.",University of Calcutta → Software Engineer → Product Manager @ Flipkart
1189,Aditi Ghosh,3,University of Calcutta,Data Scientist,TCS,Data Science,Python; Machine Learning; SQL; Pandas; Tableau,4,2019,Available,Yes,3.9,"Alumnus/alumna of University of Calcutta with 4 years of experience in Data Science. Currently working as Data Scientist at TCS. Key skills include Python, Machine Learning, SQL, Pandas. Interested in mentoring students pursuing careers in Data Science.",University of Calcutta → Research Intern → Data Scientist @ TCS
1190,Soumyajit Chatterjee,3,University of Calcutta,Data Scientist,Walmart Global Tech,Data Science,Tableau; SQL; Python; Statistics; Pandas; Machine Learning,10,2016,Limited,Yes,3.8,"Alumnus/alumna of University of Calcutta with 10 years of experience in Data Science. Currently working as Data Scientist at Walmart Global Tech. Key skills include Tableau, SQL, Python, Statistics. Interested in mentoring students pursuing careers in Data Science.",University of Calcutta → Software Engineer → Data Scientist @ Walmart Global Tech
1191,Ananya Sen,3,University of Calcutta,Product Manager,Microsoft,Product Management,Product Strategy; Analytics; SQL; Roadmapping; Agile,4,2020,Unavailable,Yes,4.2,"Alumnus/alumna of University of Calcutta with 4 years of experience in Product Management. Currently working as Product Manager at Microsoft. Key skills include Product Strategy, Analytics, SQL, Roadmapping. Interested in mentoring students pursuing careers in Product Management.",University of Calcutta → Junior Developer → Product Manager @ Microsoft
1192,Aditya Mondal,3,University of Calcutta,Machine Learning Engineer,Adobe,AI/ML,Python; SQL; PyTorch; Machine Learning; TensorFlow; MLOps,9,2015,Unavailable,Yes,3.9,"Alumnus/alumna of University of Calcutta with 9 years of experience in AI/ML. Currently working as Machine Learning Engineer at Adobe. Key skills include Python, SQL, PyTorch, Machine Learning. Interested in mentoring students pursuing careers in AI/ML.",University of Calcutta → Software Engineer → Machine Learning Engineer @ Adobe
1193,Ananya Chakraborty,3,University of Calcutta,AI Research Scientist,Google,AI/ML,Transformers; Python; Machine Learning; NLP,12,2014,Available,Yes,4.6,"Alumnus/alumna of University of Calcutta with 12 years of experience in AI/ML. Currently working as AI Research Scientist at Google. Key skills include Transformers, Python, Machine Learning, NLP. Interested in mentoring students pursuing careers in AI/ML.",University of Calcutta → Research Assistant → AI Research Scientist @ Google
1194,Sourav Bose,3,University of Calcutta,Cybersecurity Analyst,DRDO,Cybersecurity,Cloud Security; SIEM; Incident Response; Python; Linux,1,2022,Available,Yes,4.8,"Alumnus/alumna of University of Calcutta with 1 years of experience in Cybersecurity. Currently working as Cybersecurity Analyst at DRDO. Key skills include Cloud Security, SIEM, Incident Response, Python. Interested in mentoring students pursuing careers in Cybersecurity.",University of Calcutta → Data Analyst → Cybersecurity Analyst @ DRDO
1195,Rohan Chakraborty,3,University of Calcutta,Cloud/DevOps Engineer,Accenture,Cloud & DevOps,Azure; Docker; Terraform; Linux; AWS; Kubernetes,5,2020,Unavailable,Yes,4.2,"Alumnus/alumna of University of Calcutta with 5 years of experience in Cloud & DevOps. Currently working as Cloud/DevOps Engineer at Accenture. Key skills include Azure, Docker, Terraform, Linux. Interested in mentoring students pursuing careers in Cloud & DevOps.",University of Calcutta → Systems Engineer → Cloud/DevOps Engineer @ Accenture
1196,Aditya Mukherjee,3,University of Calcutta,Cybersecurity Analyst,ISRO,Cybersecurity,Incident Response; Python; SIEM; Cloud Security,1,2022,Available,Yes,4.5,"Alumnus/alumna of University of Calcutta with 1 years of experience in Cybersecurity. Currently working as Cybersecurity Analyst at ISRO. Key skills include Incident Response, Python, SIEM, Cloud Security. Interested in mentoring students pursuing careers in Cybersecurity.",University of Calcutta → Technology Analyst → Cybersecurity Analyst @ ISRO
1197,Sneha Dutta,3,University of Calcutta,Embedded/Robotics Engineer,ISRO,Embedded Systems & Robotics,C; RTOS; Microcontrollers; ROS,8,2018,Available,Yes,4.7,"Alumnus/alumna of University of Calcutta with 8 years of experience in Embedded Systems & Robotics. Currently working as Embedded/Robotics Engineer at ISRO. Key skills include C, RTOS, Microcontrollers, ROS. Interested in mentoring students pursuing careers in Embedded Systems & Robotics.",University of Calcutta → Data Analyst → Embedded/Robotics Engineer @ ISRO
1198,Aditi Bose,3,University of Calcutta,AI Research Scientist,NVIDIA,AI/ML,Transformers; NLP; Machine Learning; PyTorch,6,2017,Unavailable,Yes,4.6,"Alumnus/alumna of University of Calcutta with 6 years of experience in AI/ML. Currently working as AI Research Scientist at NVIDIA. Key skills include Transformers, NLP, Machine Learning, PyTorch. Interested in mentoring students pursuing careers in AI/ML.",University of Calcutta → Technology Analyst → AI Research Scientist @ NVIDIA
1199,Moumita Das,3,University of Calcutta,Data Scientist,Infosys,Data Science,Machine Learning; Python; Statistics; Tableau; SQL,3,2020,Available,Yes,4.6,"Alumnus/alumna of University of Calcutta with 3 years of experience in Data Science. Currently working as Data Scientist at Infosys. Key skills include Machine Learning, Python, Statistics, Tableau. Interested in mentoring students pursuing careers in Data Science.",University of Calcutta → Graduate Engineer Trainee → Data Scientist @ Infosys
1200,Abhishek Banerjee,3,University of Calcutta,Software Engineer,Google,Software Engineering,Python; C++; Algorithms; Data Structures; System Design,11,2014,Available,Yes,4.8,"Alumnus/alumna of University of Calcutta with 11 years of experience in Software Engineering. Currently working as Software Engineer at Google. Key skills include Python, C++, Algorithms, Data Structures. Interested in mentoring students pursuing careers in Software Engineering.",University of Calcutta → Software Engineer → Software Engineer @ Google
1201,Riya Chakraborty,4,IIT Kharagpur,AI Research Scientist,DRDO,AI/ML,Machine Learning; Deep Learning; Transformers; NLP; Python,11,2013,Available,Yes,4.5,"Alumnus/alumna of IIT Kharagpur with 11 years of experience in AI/ML. Currently working as AI Research Scientist at DRDO. Key skills include Machine Learning, Deep Learning, Transformers, NLP. Interested in mentoring students pursuing careers in AI/ML.",IIT Kharagpur → Graduate Engineer Trainee → AI Research Scientist @ DRDO
1202,Priya Saha,4,IIT Kharagpur,Product Manager,Amazon,Product Management,Analytics; SQL; Roadmapping; Product Strategy,12,2011,Available,Yes,4.4,"Alumnus/alumna of IIT Kharagpur with 12 years of experience in Product Management. Currently working as Product Manager at Amazon. Key skills include Analytics, SQL, Roadmapping, Product Strategy. Interested in mentoring students pursuing careers in Product Management.",IIT Kharagpur → Software Engineer → Product Manager @ Amazon
1203,Sourav Mitra,4,IIT Kharagpur,Software Engineer,Amazon,Software Engineering,Java; C++; Algorithms; Python; System Design,3,2022,Available,Yes,4.3,"Alumnus/alumna of IIT Kharagpur with 3 years of experience in Software Engineering. Currently working as Software Engineer at Amazon. Key skills include Java, C++, Algorithms, Python. Interested in mentoring students pursuing careers in Software Engineering.",IIT Kharagpur → Systems Engineer → Software Engineer @ Amazon
1204,Arindam Sen,4,IIT Kharagpur,Cloud/DevOps Engineer,Atlassian,Cloud & DevOps,Kubernetes; AWS; Linux; Docker,15,2011,Unavailable,Yes,3.9,"Alumnus/alumna of IIT Kharagpur with 15 years of experience in Cloud & DevOps. Currently working as Cloud/DevOps Engineer at Atlassian. Key skills include Kubernetes, AWS, Linux, Docker. Interested in mentoring students pursuing careers in Cloud & DevOps.",IIT Kharagpur → Research Intern → Cloud/DevOps Engineer @ Atlassian
1205,Moumita Mukherjee,4,IIT Kharagpur,AI Research Scientist,DRDO,AI/ML,NLP; Python; Machine Learning; Transformers; PyTorch; Deep Learning,10,2013,Available,Yes,3.9,"Alumnus/alumna of IIT Kharagpur with 10 years of experience in AI/ML. Currently working as AI Research Scientist at DRDO. Key skills include NLP, Python, Machine Learning, Transformers. Interested in mentoring students pursuing careers in AI/ML.",IIT Kharagpur → Junior Developer → AI Research Scientist @ DRDO
1206,Ritwik Nandi,4,IIT Kharagpur,Data Scientist,JPMorgan Chase,Data Science,SQL; Pandas; Machine Learning; Tableau; Python,5,2021,Available,Yes,4.9,"Alumnus/alumna of IIT Kharagpur with 5 years of experience in Data Science. Currently working as Data Scientist at JPMorgan Chase. Key skills include SQL, Pandas, Machine Learning, Tableau. Interested in mentoring students pursuing careers in Data Science.",IIT Kharagpur → Systems Engineer → Data Scientist @ JPMorgan Chase
1207,Sourav Pal,4,IIT Kharagpur,Software Engineer,Meta,Software Engineering,Java; Python; Algorithms; System Design; Data Structures,3,2021,Limited,Yes,3.9,"Alumnus/alumna of IIT Kharagpur with 3 years of experience in Software Engineering. Currently working as Software Engineer at Meta. Key skills include Java, Python, Algorithms, System Design. Interested in mentoring students pursuing careers in Software Engineering.",IIT Kharagpur → Junior Developer → Software Engineer @ Meta
1208,Ananya Chakraborty,4,IIT Kharagpur,AI Research Scientist,Google,AI/ML,Machine Learning; Python; PyTorch; Deep Learning; Transformers; NLP,11,2014,Unavailable,Yes,4.5,"Alumnus/alumna of IIT Kharagpur with 11 years of experience in AI/ML. Currently working as AI Research Scientist at Google. Key skills include Machine Learning, Python, PyTorch, Deep Learning. Interested in mentoring students pursuing careers in AI/ML.",IIT Kharagpur → Software Engineer → AI Research Scientist @ Google
1209,Sneha Patel,4,IIT Kharagpur,Software Engineer,Google,Software Engineering,Data Structures; C++; Algorithms; System Design,11,2014,Limited,Yes,4.0,"Alumnus/alumna of IIT Kharagpur with 11 years of experience in Software Engineering. Currently working as Software Engineer at Google. Key skills include Data Structures, C++, Algorithms, System Design. Interested in mentoring students pursuing careers in Software Engineering.",IIT Kharagpur → Software Engineer → Software Engineer @ Google
1210,Sohini Banerjee,4,IIT Kharagpur,Machine Learning Engineer,Adobe,AI/ML,TensorFlow; PyTorch; SQL; MLOps; Machine Learning; Python,7,2019,Limited,Yes,4.1,"Alumnus/alumna of IIT Kharagpur with 7 years of experience in AI/ML. Currently working as Machine Learning Engineer at Adobe. Key skills include TensorFlow, PyTorch, SQL, MLOps. Interested in mentoring students pursuing careers in AI/ML.",IIT Kharagpur → Research Assistant → Machine Learning Engineer @ Adobe
1211,Aarav Sharma,4,IIT Kharagpur,Cloud/DevOps Engineer,Atlassian,Cloud & DevOps,Terraform; Azure; Linux; Kubernetes; Docker; AWS,1,2025,Available,Yes,3.8,"Alumnus/alumna of IIT Kharagpur with 1 years of experience in Cloud & DevOps. Currently working as Cloud/DevOps Engineer at Atlassian. Key skills include Terraform, Azure, Linux, Kubernetes. Interested in mentoring students pursuing careers in Cloud & DevOps.",IIT Kharagpur → Graduate Engineer Trainee → Cloud/DevOps Engineer @ Atlassian
1212,Sourav Nandi,4,IIT Kharagpur,Cloud/DevOps Engineer,IBM,Cloud & DevOps,Azure; Terraform; Kubernetes; AWS; Docker,7,2019,Unavailable,Yes,4.3,"Alumnus/alumna of IIT Kharagpur with 7 years of experience in Cloud & DevOps. Currently working as Cloud/DevOps Engineer at IBM. Key skills include Azure, Terraform, Kubernetes, AWS. Interested in mentoring students pursuing careers in Cloud & DevOps.",IIT Kharagpur → Research Assistant → Cloud/DevOps Engineer @ IBM
1213,Meera Dutta,4,IIT Kharagpur,Cybersecurity Analyst,TCS,Cybersecurity,Python; Network Security; Incident Response; Linux,4,2022,Available,Yes,5.0,"Alumnus/alumna of IIT Kharagpur with 4 years of experience in Cybersecurity. Currently working as Cybersecurity Analyst at TCS. Key skills include Python, Network Security, Incident Response, Linux. Interested in mentoring students pursuing careers in Cybersecurity.",IIT Kharagpur → Research Assistant → Cybersecurity Analyst @ TCS
1214,Sourav Ghosh,4,IIT Kharagpur,Machine Learning Engineer,Flipkart,AI/ML,MLOps; Python; Machine Learning; SQL; TensorFlow,12,2012,Available,Yes,4.3,"Alumnus/alumna of IIT Kharagpur with 12 years of experience in AI/ML. Currently working as Machine Learning Engineer at Flipkart. Key skills include MLOps, Python, Machine Learning, SQL. Interested in mentoring students pursuing careers in AI/ML.",IIT Kharagpur → Technology Analyst → Machine Learning Engineer @ Flipkart
1215,Ishaan Patel,4,IIT Kharagpur,Product Manager,Atlassian,Product Management,Roadmapping; SQL; Agile; User Research,7,2017,Available,Yes,4.1,"Alumnus/alumna of IIT Kharagpur with 7 years of experience in Product Management. Currently working as Product Manager at Atlassian. Key skills include Roadmapping, SQL, Agile, User Research. Interested in mentoring students pursuing careers in Product Management.",IIT Kharagpur → Research Intern → Product Manager @ Atlassian
1216,Arjun Pal,4,IIT Kharagpur,Embedded/Robotics Engineer,Samsung R&D,Embedded Systems & Robotics,Microcontrollers; ROS; RTOS; C; Embedded C; C++,15,2008,Limited,Yes,3.8,"Alumnus/alumna of IIT Kharagpur with 15 years of experience in Embedded Systems & Robotics. Currently working as Embedded/Robotics Engineer at Samsung R&D. Key skills include Microcontrollers, ROS, RTOS, C. Interested in mentoring students pursuing careers in Embedded Systems & Robotics.",IIT Kharagpur → Technology Analyst → Embedded/Robotics Engineer @ Samsung R&D
1217,Subhajit Das,4,IIT Kharagpur,Embedded/Robotics Engineer,DRDO,Embedded Systems & Robotics,C; Microcontrollers; C++; RTOS,5,2021,Available,Yes,4.8,"Alumnus/alumna of IIT Kharagpur with 5 years of experience in Embedded Systems & Robotics. Currently working as Embedded/Robotics Engineer at DRDO. Key skills include C, Microcontrollers, C++, RTOS. Interested in mentoring students pursuing careers in Embedded Systems & Robotics.",IIT Kharagpur → Software Engineer → Embedded/Robotics Engineer @ DRDO
1218,Arjun Nandi,4,IIT Kharagpur,AI Research Scientist,Samsung R&D,AI/ML,Transformers; NLP; Python; Deep Learning; Machine Learning,11,2013,Available,Yes,4.8,"Alumnus/alumna of IIT Kharagpur with 11 years of experience in AI/ML. Currently working as AI Research Scientist at Samsung R&D. Key skills include Transformers, NLP, Python, Deep Learning. Interested in mentoring students pursuing careers in AI/ML.",IIT Kharagpur → Systems Engineer → AI Research Scientist @ Samsung R&D
1219,Debolina Das,4,IIT Kharagpur,Software Engineer,JPMorgan Chase,Software Engineering,Algorithms; C++; Java; System Design,13,2013,Available,Yes,4.3,"Alumnus/alumna of IIT Kharagpur with 13 years of experience in Software Engineering. Currently working as Software Engineer at JPMorgan Chase. Key skills include Algorithms, C++, Java, System Design. Interested in mentoring students pursuing careers in Software Engineering.",IIT Kharagpur → Graduate Engineer Trainee → Software Engineer @ JPMorgan Chase
1220,Sourav Sen,4,IIT Kharagpur,Data Scientist,Walmart Global Tech,Data Science,Machine Learning; Statistics; Python; Tableau; Pandas; SQL,1,2024,Available,Yes,3.8,"Alumnus/alumna of IIT Kharagpur with 1 years of experience in Data Science. Currently working as Data Scientist at Walmart Global Tech. Key skills include Machine Learning, Statistics, Python, Tableau. Interested in mentoring students pursuing careers in Data Science.",IIT Kharagpur → Systems Engineer → Data Scientist @ Walmart Global Tech
1221,Ishaan Banerjee,4,IIT Kharagpur,Software Engineer,JPMorgan Chase,Software Engineering,Algorithms; Python; Java; Data Structures; System Design,14,2009,Available,Yes,4.8,"Alumnus/alumna of IIT Kharagpur with 14 years of experience in Software Engineering. Currently working as Software Engineer at JPMorgan Chase. Key skills include Algorithms, Python, Java, Data Structures. Interested in mentoring students pursuing careers in Software Engineering.",IIT Kharagpur → Software Engineer → Software Engineer @ JPMorgan Chase
1222,Ananya Singh,4,IIT Kharagpur,Embedded/Robotics Engineer,Bosch,Embedded Systems & Robotics,C; Microcontrollers; C++; Embedded C; ROS,4,2021,Available,Yes,4.1,"Alumnus/alumna of IIT Kharagpur with 4 years of experience in Embedded Systems & Robotics. Currently working as Embedded/Robotics Engineer at Bosch. Key skills include C, Microcontrollers, C++, Embedded C. Interested in mentoring students pursuing careers in Embedded Systems & Robotics.",IIT Kharagpur → Research Assistant → Embedded/Robotics Engineer @ Bosch
1223,Kunal Dutta,4,IIT Kharagpur,Machine Learning Engineer,Adobe,AI/ML,MLOps; SQL; Python; PyTorch; Machine Learning,10,2015,Unavailable,Yes,3.8,"Alumnus/alumna of IIT Kharagpur with 10 years of experience in AI/ML. Currently working as Machine Learning Engineer at Adobe. Key skills include MLOps, SQL, Python, PyTorch. Interested in mentoring students pursuing careers in AI/ML.",IIT Kharagpur → Data Analyst → Machine Learning Engineer @ Adobe
1224,Ishaan Banerjee,4,IIT Kharagpur,Cybersecurity Analyst,TCS,Cybersecurity,Linux; SIEM; Network Security; Cloud Security,12,2011,Limited,Yes,4.5,"Alumnus/alumna of IIT Kharagpur with 12 years of experience in Cybersecurity. Currently working as Cybersecurity Analyst at TCS. Key skills include Linux, SIEM, Network Security, Cloud Security. Interested in mentoring students pursuing careers in Cybersecurity.",IIT Kharagpur → Graduate Engineer Trainee → Cybersecurity Analyst @ TCS
1225,Meera Bose,4,IIT Kharagpur,Data Scientist,TCS,Data Science,Tableau; Machine Learning; Python; Pandas,2,2024,Limited,Yes,5.0,"Alumnus/alumna of IIT Kharagpur with 2 years of experience in Data Science. Currently working as Data Scientist at TCS. Key skills include Tableau, Machine Learning, Python, Pandas. Interested in mentoring students pursuing careers in Data Science.",IIT Kharagpur → Systems Engineer → Data Scientist @ TCS
1226,Nisha Nandi,4,IIT Kharagpur,AI Research Scientist,NVIDIA,AI/ML,Deep Learning; PyTorch; NLP; Python,7,2016,Available,Yes,4.9,"Alumnus/alumna of IIT Kharagpur with 7 years of experience in AI/ML. Currently working as AI Research Scientist at NVIDIA. Key skills include Deep Learning, PyTorch, NLP, Python. Interested in mentoring students pursuing careers in AI/ML.",IIT Kharagpur → Research Intern → AI Research Scientist @ NVIDIA
1227,Subhajit Roy,4,IIT Kharagpur,Embedded/Robotics Engineer,Bosch,Embedded Systems & Robotics,Embedded C; C++; Microcontrollers; ROS,4,2019,Available,Yes,4.3,"Alumnus/alumna of IIT Kharagpur with 4 years of experience in Embedded Systems & Robotics. Currently working as Embedded/Robotics Engineer at Bosch. Key skills include Embedded C, C++, Microcontrollers, ROS. Interested in mentoring students pursuing careers in Embedded Systems & Robotics.",IIT Kharagpur → Research Assistant → Embedded/Robotics Engineer @ Bosch
1228,Soumyajit Dutta,4,IIT Kharagpur,Data Scientist,Walmart Global Tech,Data Science,Statistics; Tableau; Machine Learning; Python; Pandas; SQL,10,2013,Available,Yes,4.2,"Alumnus/alumna of IIT Kharagpur with 10 years of experience in Data Science. Currently working as Data Scientist at Walmart Global Tech. Key skills include Statistics, Tableau, Machine Learning, Python. Interested in mentoring students pursuing careers in Data Science.",IIT Kharagpur → Technology Analyst → Data Scientist @ Walmart Global Tech
1229,Diya Sharma,4,IIT Kharagpur,Machine Learning Engineer,Google,AI/ML,SQL; MLOps; Python; PyTorch; Machine Learning; TensorFlow,6,2020,Limited,Yes,4.7,"Alumnus/alumna of IIT Kharagpur with 6 years of experience in AI/ML. Currently working as Machine Learning Engineer at Google. Key skills include SQL, MLOps, Python, PyTorch. Interested in mentoring students pursuing careers in AI/ML.",IIT Kharagpur → Junior Developer → Machine Learning Engineer @ Google
1230,Debanjan Mondal,4,IIT Kharagpur,Machine Learning Engineer,Accenture,AI/ML,Machine Learning; SQL; PyTorch; Python,3,2023,Available,Yes,4.2,"Alumnus/alumna of IIT Kharagpur with 3 years of experience in AI/ML. Currently working as Machine Learning Engineer at Accenture. Key skills include Machine Learning, SQL, PyTorch, Python. Interested in mentoring students pursuing careers in AI/ML.",IIT Kharagpur → Research Assistant → Machine Learning Engineer @ Accenture
1231,Rahul Pal,4,IIT Kharagpur,Product Manager,Microsoft,Product Management,Agile; SQL; Product Strategy; Roadmapping; User Research; Analytics,10,2013,Unavailable,Yes,4.8,"Alumnus/alumna of IIT Kharagpur with 10 years of experience in Product Management. Currently working as Product Manager at Microsoft. Key skills include Agile, SQL, Product Strategy, Roadmapping. Interested in mentoring students pursuing careers in Product Management.",IIT Kharagpur → Research Intern → Product Manager @ Microsoft
1232,Moumita Patel,4,IIT Kharagpur,Machine Learning Engineer,Adobe,AI/ML,Machine Learning; TensorFlow; PyTorch; MLOps; Python,10,2013,Available,Yes,3.9,"Alumnus/alumna of IIT Kharagpur with 10 years of experience in AI/ML. Currently working as Machine Learning Engineer at Adobe. Key skills include Machine Learning, TensorFlow, PyTorch, MLOps. Interested in mentoring students pursuing careers in AI/ML.",IIT Kharagpur → Technology Analyst → Machine Learning Engineer @ Adobe
1233,Poulami Patel,4,IIT Kharagpur,AI Research Scientist,DRDO,AI/ML,Transformers; Deep Learning; Machine Learning; NLP,5,2019,Limited,Yes,4.7,"Alumnus/alumna of IIT Kharagpur with 5 years of experience in AI/ML. Currently working as AI Research Scientist at DRDO. Key skills include Transformers, Deep Learning, Machine Learning, NLP. Interested in mentoring students pursuing careers in AI/ML.",IIT Kharagpur → Research Assistant → AI Research Scientist @ DRDO
1234,Sayantani Chatterjee,4,IIT Kharagpur,Embedded/Robotics Engineer,ISRO,Embedded Systems & Robotics,Embedded C; Microcontrollers; ROS; C++; C,15,2011,Unavailable,Yes,5.0,"Alumnus/alumna of IIT Kharagpur with 15 years of experience in Embedded Systems & Robotics. Currently working as Embedded/Robotics Engineer at ISRO. Key skills include Embedded C, Microcontrollers, ROS, C++. Interested in mentoring students pursuing careers in Embedded Systems & Robotics.",IIT Kharagpur → Research Assistant → Embedded/Robotics Engineer @ ISRO
1235,Nisha Das,4,IIT Kharagpur,Cloud/DevOps Engineer,IBM,Cloud & DevOps,Terraform; Kubernetes; AWS; Azure,8,2017,Available,Yes,4.3,"Alumnus/alumna of IIT Kharagpur with 8 years of experience in Cloud & DevOps. Currently working as Cloud/DevOps Engineer at IBM. Key skills include Terraform, Kubernetes, AWS, Azure. Interested in mentoring students pursuing careers in Cloud & DevOps.",IIT Kharagpur → Graduate Engineer Trainee → Cloud/DevOps Engineer @ IBM
1236,Moumita Bhattacharya,4,IIT Kharagpur,Cloud/DevOps Engineer,Amazon,Cloud & DevOps,Azure; AWS; Linux; Terraform; Kubernetes; Docker,7,2016,Available,Yes,4.5,"Alumnus/alumna of IIT Kharagpur with 7 years of experience in Cloud & DevOps. Currently working as Cloud/DevOps Engineer at Amazon. Key skills include Azure, AWS, Linux, Terraform. Interested in mentoring students pursuing careers in Cloud & DevOps.",IIT Kharagpur → Research Assistant → Cloud/DevOps Engineer @ Amazon
1237,Poulami Chakraborty,4,IIT Kharagpur,Cloud/DevOps Engineer,TCS,Cloud & DevOps,Terraform; Azure; Linux; AWS; Kubernetes; Docker,8,2018,Available,Yes,4.2,"Alumnus/alumna of IIT Kharagpur with 8 years of experience in Cloud & DevOps. Currently working as Cloud/DevOps Engineer at TCS. Key skills include Terraform, Azure, Linux, AWS. Interested in mentoring students pursuing careers in Cloud & DevOps.",IIT Kharagpur → Technology Analyst → Cloud/DevOps Engineer @ TCS
1238,Ananya Mondal,4,IIT Kharagpur,Product Manager,Amazon,Product Management,Product Strategy; Roadmapping; SQL; Analytics; Agile,13,2013,Available,Yes,4.6,"Alumnus/alumna of IIT Kharagpur with 13 years of experience in Product Management. Currently working as Product Manager at Amazon. Key skills include Product Strategy, Roadmapping, SQL, Analytics. Interested in mentoring students pursuing careers in Product Management.",IIT Kharagpur → Technology Analyst → Product Manager @ Amazon
1239,Anirban Singh,4,IIT Kharagpur,Data Scientist,Amazon,Data Science,Tableau; Pandas; Statistics; Machine Learning; SQL; Python,14,2010,Available,Yes,4.3,"Alumnus/alumna of IIT Kharagpur with 14 years of experience in Data Science. Currently working as Data Scientist at Amazon. Key skills include Tableau, Pandas, Statistics, Machine Learning. Interested in mentoring students pursuing careers in Data Science.",IIT Kharagpur → Data Analyst → Data Scientist @ Amazon
1240,Ananya Roy,4,IIT Kharagpur,Cybersecurity Analyst,IBM,Cybersecurity,Cloud Security; Linux; Incident Response; Python,3,2023,Available,Yes,4.8,"Alumnus/alumna of IIT Kharagpur with 3 years of experience in Cybersecurity. Currently working as Cybersecurity Analyst at IBM. Key skills include Cloud Security, Linux, Incident Response, Python. Interested in mentoring students pursuing careers in Cybersecurity.",IIT Kharagpur → Technology Analyst → Cybersecurity Analyst @ IBM
1241,Sayan Bose,4,IIT Kharagpur,Cybersecurity Analyst,Deloitte,Cybersecurity,Cloud Security; Linux; Python; Network Security; SIEM,4,2022,Available,Yes,4.8,"Alumnus/alumna of IIT Kharagpur with 4 years of experience in Cybersecurity. Currently working as Cybersecurity Analyst at Deloitte. Key skills include Cloud Security, Linux, Python, Network Security. Interested in mentoring students pursuing careers in Cybersecurity.",IIT Kharagpur → Junior Developer → Cybersecurity Analyst @ Deloitte
1242,Tanmoy Singh,4,IIT Kharagpur,Software Engineer,Adobe,Software Engineering,Algorithms; Python; Data Structures; System Design; Java,11,2015,Available,Yes,4.5,"Alumnus/alumna of IIT Kharagpur with 11 years of experience in Software Engineering. Currently working as Software Engineer at Adobe. Key skills include Algorithms, Python, Data Structures, System Design. Interested in mentoring students pursuing careers in Software Engineering.",IIT Kharagpur → Graduate Engineer Trainee → Software Engineer @ Adobe
1243,Rohan Banerjee,4,IIT Kharagpur,AI Research Scientist,Microsoft,AI/ML,Machine Learning; Deep Learning; PyTorch; Python; NLP,11,2014,Unavailable,Yes,4.5,"Alumnus/alumna of IIT Kharagpur with 11 years of experience in AI/ML. Currently working as AI Research Scientist at Microsoft. Key skills include Machine Learning, Deep Learning, PyTorch, Python. Interested in mentoring students pursuing careers in AI/ML.",IIT Kharagpur → Software Engineer → AI Research Scientist @ Microsoft
1244,Debanjan Dutta,4,IIT Kharagpur,Cybersecurity Analyst,ISRO,Cybersecurity,Incident Response; Linux; Network Security; Python,3,2021,Available,Yes,3.9,"Alumnus/alumna of IIT Kharagpur with 3 years of experience in Cybersecurity. Currently working as Cybersecurity Analyst at ISRO. Key skills include Incident Response, Linux, Network Security, Python. Interested in mentoring students pursuing careers in Cybersecurity.",IIT Kharagpur → Research Intern → Cybersecurity Analyst @ ISRO
1245,Vivaan Sharma,4,IIT Kharagpur,Machine Learning Engineer,Microsoft,AI/ML,Machine Learning; Python; MLOps; TensorFlow,7,2017,Unavailable,Yes,5.0,"Alumnus/alumna of IIT Kharagpur with 7 years of experience in AI/ML. Currently working as Machine Learning Engineer at Microsoft. Key skills include Machine Learning, Python, MLOps, TensorFlow. Interested in mentoring students pursuing careers in AI/ML.",IIT Kharagpur → Research Intern → Machine Learning Engineer @ Microsoft
1246,Riya Patel,4,IIT Kharagpur,Embedded/Robotics Engineer,Samsung R&D,Embedded Systems & Robotics,C++; Microcontrollers; ROS; C; RTOS; Embedded C,2,2021,Limited,Yes,3.9,"Alumnus/alumna of IIT Kharagpur with 2 years of experience in Embedded Systems & Robotics. Currently working as Embedded/Robotics Engineer at Samsung R&D. Key skills include C++, Microcontrollers, ROS, C. Interested in mentoring students pursuing careers in Embedded Systems & Robotics.",IIT Kharagpur → Data Analyst → Embedded/Robotics Engineer @ Samsung R&D
1247,Sneha Ghosh,4,IIT Kharagpur,Data Scientist,Infosys,Data Science,Tableau; SQL; Pandas; Python; Statistics,7,2016,Limited,Yes,4.8,"Alumnus/alumna of IIT Kharagpur with 7 years of experience in Data Science. Currently working as Data Scientist at Infosys. Key skills include Tableau, SQL, Pandas, Python. Interested in mentoring students pursuing careers in Data Science.",IIT Kharagpur → Systems Engineer → Data Scientist @ Infosys
1248,Kunal Pal,4,IIT Kharagpur,Cybersecurity Analyst,DRDO,Cybersecurity,Linux; SIEM; Incident Response; Network Security,2,2024,Limited,Yes,4.2,"Alumnus/alumna of IIT Kharagpur with 2 years of experience in Cybersecurity. Currently working as Cybersecurity Analyst at DRDO. Key skills include Linux, SIEM, Incident Response, Network Security. Interested in mentoring students pursuing careers in Cybersecurity.",IIT Kharagpur → Data Analyst → Cybersecurity Analyst @ DRDO
1249,Debolina Sharma,4,IIT Kharagpur,Product Manager,Adobe,Product Management,Product Strategy; Roadmapping; SQL; Analytics; Agile; User Research,9,2017,Limited,Yes,4.4,"Alumnus/alumna of IIT Kharagpur with 9 years of experience in Product Management. Currently working as Product Manager at Adobe. Key skills include Product Strategy, Roadmapping, SQL, Analytics. Interested in mentoring students pursuing careers in Product Management.",IIT Kharagpur → Research Intern → Product Manager @ Adobe
1250,Vivaan Saha,4,IIT Kharagpur,Product Manager,Adobe,Product Management,Product Strategy; Analytics; SQL; User Research; Agile; Roadmapping,6,2018,Available,Yes,4.9,"Alumnus/alumna of IIT Kharagpur with 6 years of experience in Product Management. Currently working as Product Manager at Adobe. Key skills include Product Strategy, Analytics, SQL, User Research. Interested in mentoring students pursuing careers in Product Management.",IIT Kharagpur → Software Engineer → Product Manager @ Adobe
1251,Tanvi Saha,5,NIT Durgapur,Machine Learning Engineer,Accenture,AI/ML,TensorFlow; Machine Learning; Python; MLOps,9,2015,Available,Yes,4.1,"Alumnus/alumna of NIT Durgapur with 9 years of experience in AI/ML. Currently working as Machine Learning Engineer at Accenture. Key skills include TensorFlow, Machine Learning, Python, MLOps. Interested in mentoring students pursuing careers in AI/ML.",NIT Durgapur → Data Analyst → Machine Learning Engineer @ Accenture
1252,Anirban Sharma,5,NIT Durgapur,Embedded/Robotics Engineer,Samsung R&D,Embedded Systems & Robotics,Microcontrollers; C; Embedded C; ROS; C++,11,2013,Available,Yes,4.0,"Alumnus/alumna of NIT Durgapur with 11 years of experience in Embedded Systems & Robotics. Currently working as Embedded/Robotics Engineer at Samsung R&D. Key skills include Microcontrollers, C, Embedded C, ROS. Interested in mentoring students pursuing careers in Embedded Systems & Robotics.",NIT Durgapur → Junior Developer → Embedded/Robotics Engineer @ Samsung R&D
1253,Diya Chakraborty,5,NIT Durgapur,Machine Learning Engineer,Adobe,AI/ML,PyTorch; Machine Learning; MLOps; SQL,1,2023,Unavailable,Yes,4.4,"Alumnus/alumna of NIT Durgapur with 1 years of experience in AI/ML. Currently working as Machine Learning Engineer at Adobe. Key skills include PyTorch, Machine Learning, MLOps, SQL. Interested in mentoring students pursuing careers in AI/ML.",NIT Durgapur → Research Assistant → Machine Learning Engineer @ Adobe
1254,Meera Chatterjee,5,NIT Durgapur,AI Research Scientist,NVIDIA,AI/ML,Machine Learning; Transformers; Python; NLP,10,2016,Available,Yes,4.7,"Alumnus/alumna of NIT Durgapur with 10 years of experience in AI/ML. Currently working as AI Research Scientist at NVIDIA. Key skills include Machine Learning, Transformers, Python, NLP. Interested in mentoring students pursuing careers in AI/ML.",NIT Durgapur → Graduate Engineer Trainee → AI Research Scientist @ NVIDIA
1255,Kunal Saha,5,NIT Durgapur,AI Research Scientist,DRDO,AI/ML,PyTorch; Deep Learning; Machine Learning; NLP,8,2018,Available,Yes,4.6,"Alumnus/alumna of NIT Durgapur with 8 years of experience in AI/ML. Currently working as AI Research Scientist at DRDO. Key skills include PyTorch, Deep Learning, Machine Learning, NLP. Interested in mentoring students pursuing careers in AI/ML.",NIT Durgapur → Research Intern → AI Research Scientist @ DRDO
1256,Ishaan Dutta,5,NIT Durgapur,Cloud/DevOps Engineer,TCS,Cloud & DevOps,Docker; Terraform; AWS; Azure; Linux,12,2014,Available,Yes,4.5,"Alumnus/alumna of NIT Durgapur with 12 years of experience in Cloud & DevOps. Currently working as Cloud/DevOps Engineer at TCS. Key skills include Docker, Terraform, AWS, Azure. Interested in mentoring students pursuing careers in Cloud & DevOps.",NIT Durgapur → Systems Engineer → Cloud/DevOps Engineer @ TCS
1257,Poulami Roy,5,NIT Durgapur,Embedded/Robotics Engineer,Bosch,Embedded Systems & Robotics,Microcontrollers; C; ROS; Embedded C; C++; RTOS,13,2011,Limited,Yes,4.7,"Alumnus/alumna of NIT Durgapur with 13 years of experience in Embedded Systems & Robotics. Currently working as Embedded/Robotics Engineer at Bosch. Key skills include Microcontrollers, C, ROS, Embedded C. Interested in mentoring students pursuing careers in Embedded Systems & Robotics.",NIT Durgapur → Research Assistant → Embedded/Robotics Engineer @ Bosch
1258,Debanjan Das,5,NIT Durgapur,Cloud/DevOps Engineer,Microsoft,Cloud & DevOps,Linux; Kubernetes; Azure; Docker; AWS; Terraform,5,2021,Unavailable,Yes,4.3,"Alumnus/alumna of NIT Durgapur with 5 years of experience in Cloud & DevOps. Currently working as Cloud/DevOps Engineer at Microsoft. Key skills include Linux, Kubernetes, Azure, Docker. Interested in mentoring students pursuing careers in Cloud & DevOps.",NIT Durgapur → Junior Developer → Cloud/DevOps Engineer @ Microsoft
1259,Kunal Roy,5,NIT Durgapur,Data Scientist,Infosys,Data Science,Machine Learning; Tableau; Statistics; Pandas; SQL; Python,15,2008,Available,Yes,4.8,"Alumnus/alumna of NIT Durgapur with 15 years of experience in Data Science. Currently working as Data Scientist at Infosys. Key skills include Machine Learning, Tableau, Statistics, Pandas. Interested in mentoring students pursuing careers in Data Science.",NIT Durgapur → Graduate Engineer Trainee → Data Scientist @ Infosys
1260,Ananya Chatterjee,5,NIT Durgapur,Cybersecurity Analyst,Infosys,Cybersecurity,Linux; Network Security; SIEM; Python; Incident Response,1,2025,Available,Yes,4.4,"Alumnus/alumna of NIT Durgapur with 1 years of experience in Cybersecurity. Currently working as Cybersecurity Analyst at Infosys. Key skills include Linux, Network Security, SIEM, Python. Interested in mentoring students pursuing careers in Cybersecurity.",NIT Durgapur → Research Intern → Cybersecurity Analyst @ Infosys
1261,Sohini Singh,5,NIT Durgapur,Software Engineer,Microsoft,Software Engineering,Data Structures; Java; C++; Python; System Design,5,2018,Limited,Yes,4.1,"Alumnus/alumna of NIT Durgapur with 5 years of experience in Software Engineering. Currently working as Software Engineer at Microsoft. Key skills include Data Structures, Java, C++, Python. Interested in mentoring students pursuing careers in Software Engineering.",NIT Durgapur → Junior Developer → Software Engineer @ Microsoft
1262,Aditi Roy,5,NIT Durgapur,Software Engineer,JPMorgan Chase,Software Engineering,Java; Data Structures; Python; System Design; Algorithms; C++,4,2020,Available,Yes,3.9,"Alumnus/alumna of NIT Durgapur with 4 years of experience in Software Engineering. Currently working as Software Engineer at JPMorgan Chase. Key skills include Java, Data Structures, Python, System Design. Interested in mentoring students pursuing careers in Software Engineering.",NIT Durgapur → Graduate Engineer Trainee → Software Engineer @ JPMorgan Chase
1263,Sayan Ghosh,5,NIT Durgapur,Cloud/DevOps Engineer,Accenture,Cloud & DevOps,Kubernetes; Azure; Docker; AWS; Linux,9,2014,Available,Yes,4.1,"Alumnus/alumna of NIT Durgapur with 9 years of experience in Cloud & DevOps. Currently working as Cloud/DevOps Engineer at Accenture. Key skills include Kubernetes, Azure, Docker, AWS. Interested in mentoring students pursuing careers in Cloud & DevOps.",NIT Durgapur → Software Engineer → Cloud/DevOps Engineer @ Accenture
1264,Moumita Roy,5,NIT Durgapur,Machine Learning Engineer,Google,AI/ML,MLOps; PyTorch; Machine Learning; SQL; Python,9,2017,Limited,Yes,5.0,"Alumnus/alumna of NIT Durgapur with 9 years of experience in AI/ML. Currently working as Machine Learning Engineer at Google. Key skills include MLOps, PyTorch, Machine Learning, SQL. Interested in mentoring students pursuing careers in AI/ML.",NIT Durgapur → Graduate Engineer Trainee → Machine Learning Engineer @ Google
1265,Riya Roy,5,NIT Durgapur,Machine Learning Engineer,Amazon,AI/ML,TensorFlow; PyTorch; Python; Machine Learning,6,2017,Available,Yes,4.4,"Alumnus/alumna of NIT Durgapur with 6 years of experience in AI/ML. Currently working as Machine Learning Engineer at Amazon. Key skills include TensorFlow, PyTorch, Python, Machine Learning. Interested in mentoring students pursuing careers in AI/ML.",NIT Durgapur → Research Intern → Machine Learning Engineer @ Amazon
1266,Riya Roy,5,NIT Durgapur,Machine Learning Engineer,Flipkart,AI/ML,Python; Machine Learning; TensorFlow; SQL,1,2022,Unavailable,Yes,4.6,"Alumnus/alumna of NIT Durgapur with 1 years of experience in AI/ML. Currently working as Machine Learning Engineer at Flipkart. Key skills include Python, Machine Learning, TensorFlow, SQL. Interested in mentoring students pursuing careers in AI/ML.",NIT Durgapur → Graduate Engineer Trainee → Machine Learning Engineer @ Flipkart
1267,Abhishek Patel,5,NIT Durgapur,Embedded/Robotics Engineer,Bosch,Embedded Systems & Robotics,RTOS; C++; ROS; Microcontrollers; Embedded C; C,12,2012,Available,Yes,5.0,"Alumnus/alumna of NIT Durgapur with 12 years of experience in Embedded Systems & Robotics. Currently working as Embedded/Robotics Engineer at Bosch. Key skills include RTOS, C++, ROS, Microcontrollers. Interested in mentoring students pursuing careers in Embedded Systems & Robotics.",NIT Durgapur → Research Assistant → Embedded/Robotics Engineer @ Bosch
1268,Nisha Das,5,NIT Durgapur,Product Manager,Microsoft,Product Management,User Research; Analytics; SQL; Agile; Roadmapping; Product Strategy,10,2014,Available,Yes,4.6,"Alumnus/alumna of NIT Durgapur with 10 years of experience in Product Management. Currently working as Product Manager at Microsoft. Key skills include User Research, Analytics, SQL, Agile. Interested in mentoring students pursuing careers in Product Management.",NIT Durgapur → Systems Engineer → Product Manager @ Microsoft
1269,Debanjan Bhattacharya,5,NIT Durgapur,Software Engineer,Amazon,Software Engineering,Algorithms; System Design; Python; Java,12,2014,Available,Yes,4.1,"Alumnus/alumna of NIT Durgapur with 12 years of experience in Software Engineering. Currently working as Software Engineer at Amazon. Key skills include Algorithms, System Design, Python, Java. Interested in mentoring students pursuing careers in Software Engineering.",NIT Durgapur → Junior Developer → Software Engineer @ Amazon
1270,Sourav Banerjee,5,NIT Durgapur,Cybersecurity Analyst,DRDO,Cybersecurity,Python; Network Security; Cloud Security; SIEM,7,2017,Available,Yes,4.6,"Alumnus/alumna of NIT Durgapur with 7 years of experience in Cybersecurity. Currently working as Cybersecurity Analyst at DRDO. Key skills include Python, Network Security, Cloud Security, SIEM. Interested in mentoring students pursuing careers in Cybersecurity.",NIT Durgapur → Data Analyst → Cybersecurity Analyst @ DRDO
1271,Debolina Nandi,5,NIT Durgapur,Embedded/Robotics Engineer,Samsung R&D,Embedded Systems & Robotics,Embedded C; C; C++; ROS; Microcontrollers; RTOS,4,2019,Available,Yes,4.3,"Alumnus/alumna of NIT Durgapur with 4 years of experience in Embedded Systems & Robotics. Currently working as Embedded/Robotics Engineer at Samsung R&D. Key skills include Embedded C, C, C++, ROS. Interested in mentoring students pursuing careers in Embedded Systems & Robotics.",NIT Durgapur → Systems Engineer → Embedded/Robotics Engineer @ Samsung R&D
1272,Meera Pal,5,NIT Durgapur,Software Engineer,Meta,Software Engineering,Data Structures; Algorithms; Java; System Design; Python,9,2017,Available,Yes,4.3,"Alumnus/alumna of NIT Durgapur with 9 years of experience in Software Engineering. Currently working as Software Engineer at Meta. Key skills include Data Structures, Algorithms, Java, System Design. Interested in mentoring students pursuing careers in Software Engineering.",NIT Durgapur → Junior Developer → Software Engineer @ Meta
1273,Sayan Banerjee,5,NIT Durgapur,AI Research Scientist,Microsoft,AI/ML,Transformers; PyTorch; Deep Learning; Machine Learning,3,2023,Limited,Yes,4.1,"Alumnus/alumna of NIT Durgapur with 3 years of experience in AI/ML. Currently working as AI Research Scientist at Microsoft. Key skills include Transformers, PyTorch, Deep Learning, Machine Learning. Interested in mentoring students pursuing careers in AI/ML.",NIT Durgapur → Software Engineer → AI Research Scientist @ Microsoft
1274,Aditi Das,5,NIT Durgapur,Data Scientist,Amazon,Data Science,Statistics; SQL; Tableau; Machine Learning; Python; Pandas,6,2018,Available,Yes,4.7,"Alumnus/alumna of NIT Durgapur with 6 years of experience in Data Science. Currently working as Data Scientist at Amazon. Key skills include Statistics, SQL, Tableau, Machine Learning. Interested in mentoring students pursuing careers in Data Science.",NIT Durgapur → Graduate Engineer Trainee → Data Scientist @ Amazon
1275,Aarav Nandi,5,NIT Durgapur,Product Manager,Flipkart,Product Management,Agile; Roadmapping; Analytics; Product Strategy,11,2013,Unavailable,Yes,4.6,"Alumnus/alumna of NIT Durgapur with 11 years of experience in Product Management. Currently working as Product Manager at Flipkart. Key skills include Agile, Roadmapping, Analytics, Product Strategy. Interested in mentoring students pursuing careers in Product Management.",NIT Durgapur → Software Engineer → Product Manager @ Flipkart
1276,Moumita Banerjee,5,NIT Durgapur,AI Research Scientist,Samsung R&D,AI/ML,Transformers; Python; NLP; Machine Learning; Deep Learning,2,2024,Available,Yes,4.2,"Alumnus/alumna of NIT Durgapur with 2 years of experience in AI/ML. Currently working as AI Research Scientist at Samsung R&D. Key skills include Transformers, Python, NLP, Machine Learning. Interested in mentoring students pursuing careers in AI/ML.",NIT Durgapur → Research Intern → AI Research Scientist @ Samsung R&D
1277,Arjun Patel,5,NIT Durgapur,AI Research Scientist,Google,AI/ML,Machine Learning; Transformers; NLP; PyTorch,6,2017,Limited,Yes,4.7,"Alumnus/alumna of NIT Durgapur with 6 years of experience in AI/ML. Currently working as AI Research Scientist at Google. Key skills include Machine Learning, Transformers, NLP, PyTorch. Interested in mentoring students pursuing careers in AI/ML.",NIT Durgapur → Systems Engineer → AI Research Scientist @ Google
1278,Arindam Das,5,NIT Durgapur,Embedded/Robotics Engineer,Bosch,Embedded Systems & Robotics,Embedded C; RTOS; C++; ROS; C,11,2014,Limited,Yes,4.4,"Alumnus/alumna of NIT Durgapur with 11 years of experience in Embedded Systems & Robotics. Currently working as Embedded/Robotics Engineer at Bosch. Key skills include Embedded C, RTOS, C++, ROS. Interested in mentoring students pursuing careers in Embedded Systems & Robotics.",NIT Durgapur → Graduate Engineer Trainee → Embedded/Robotics Engineer @ Bosch
1279,Vivaan Ghosh,5,NIT Durgapur,Product Manager,Amazon,Product Management,Analytics; SQL; Roadmapping; User Research; Product Strategy; Agile,5,2018,Available,Yes,4.5,"Alumnus/alumna of NIT Durgapur with 5 years of experience in Product Management. Currently working as Product Manager at Amazon. Key skills include Analytics, SQL, Roadmapping, User Research. Interested in mentoring students pursuing careers in Product Management.",NIT Durgapur → Research Intern → Product Manager @ Amazon
1280,Aarav Mukherjee,5,NIT Durgapur,Product Manager,Adobe,Product Management,Analytics; Roadmapping; Product Strategy; User Research; Agile,12,2012,Available,Yes,4.3,"Alumnus/alumna of NIT Durgapur with 12 years of experience in Product Management. Currently working as Product Manager at Adobe. Key skills include Analytics, Roadmapping, Product Strategy, User Research. Interested in mentoring students pursuing careers in Product Management.",NIT Durgapur → Research Intern → Product Manager @ Adobe
1281,Rahul Nandi,5,NIT Durgapur,Data Scientist,TCS,Data Science,Python; Pandas; Tableau; Statistics,1,2024,Unavailable,Yes,4.7,"Alumnus/alumna of NIT Durgapur with 1 years of experience in Data Science. Currently working as Data Scientist at TCS. Key skills include Python, Pandas, Tableau, Statistics. Interested in mentoring students pursuing careers in Data Science.",NIT Durgapur → Technology Analyst → Data Scientist @ TCS
1282,Ananya Sen,5,NIT Durgapur,Software Engineer,Amazon,Software Engineering,Python; C++; Algorithms; Java; System Design,8,2016,Available,Yes,4.0,"Alumnus/alumna of NIT Durgapur with 8 years of experience in Software Engineering. Currently working as Software Engineer at Amazon. Key skills include Python, C++, Algorithms, Java. Interested in mentoring students pursuing careers in Software Engineering.",NIT Durgapur → Research Assistant → Software Engineer @ Amazon
1283,Nisha Mukherjee,5,NIT Durgapur,Data Scientist,Deloitte,Data Science,Machine Learning; Statistics; SQL; Python,6,2020,Available,Yes,4.6,"Alumnus/alumna of NIT Durgapur with 6 years of experience in Data Science. Currently working as Data Scientist at Deloitte. Key skills include Machine Learning, Statistics, SQL, Python. Interested in mentoring students pursuing careers in Data Science.",NIT Durgapur → Software Engineer → Data Scientist @ Deloitte
1284,Nisha Sen,5,NIT Durgapur,Cloud/DevOps Engineer,TCS,Cloud & DevOps,Docker; Linux; Azure; Terraform,10,2014,Available,Yes,4.5,"Alumnus/alumna of NIT Durgapur with 10 years of experience in Cloud & DevOps. Currently working as Cloud/DevOps Engineer at TCS. Key skills include Docker, Linux, Azure, Terraform. Interested in mentoring students pursuing careers in Cloud & DevOps.",NIT Durgapur → Data Analyst → Cloud/DevOps Engineer @ TCS
1285,Aditi Pal,5,NIT Durgapur,Product Manager,Amazon,Product Management,Agile; Analytics; Product Strategy; Roadmapping; User Research,8,2016,Available,Yes,4.8,"Alumnus/alumna of NIT Durgapur with 8 years of experience in Product Management. Currently working as Product Manager at Amazon. Key skills include Agile, Analytics, Product Strategy, Roadmapping. Interested in mentoring students pursuing careers in Product Management.",NIT Durgapur → Junior Developer → Product Manager @ Amazon
1286,Debanjan Sharma,5,NIT Durgapur,Machine Learning Engineer,Flipkart,AI/ML,TensorFlow; Machine Learning; Python; SQL; PyTorch; MLOps,5,2018,Available,Yes,4.1,"Alumnus/alumna of NIT Durgapur with 5 years of experience in AI/ML. Currently working as Machine Learning Engineer at Flipkart. Key skills include TensorFlow, Machine Learning, Python, SQL. Interested in mentoring students pursuing careers in AI/ML.",NIT Durgapur → Technology Analyst → Machine Learning Engineer @ Flipkart
1287,Aditi Sen,5,NIT Durgapur,Product Manager,Google,Product Management,Roadmapping; Analytics; User Research; SQL; Product Strategy; Agile,7,2019,Available,Yes,3.9,"Alumnus/alumna of NIT Durgapur with 7 years of experience in Product Management. Currently working as Product Manager at Google. Key skills include Roadmapping, Analytics, User Research, SQL. Interested in mentoring students pursuing careers in Product Management.",NIT Durgapur → Research Assistant → Product Manager @ Google
1288,Abhishek Mitra,5,NIT Durgapur,Data Scientist,TCS,Data Science,Statistics; Machine Learning; SQL; Pandas; Tableau; Python,5,2019,Available,Yes,4.2,"Alumnus/alumna of NIT Durgapur with 5 years of experience in Data Science. Currently working as Data Scientist at TCS. Key skills include Statistics, Machine Learning, SQL, Pandas. Interested in mentoring students pursuing careers in Data Science.",NIT Durgapur → Research Assistant → Data Scientist @ TCS
1289,Poulami Ghosh,5,NIT Durgapur,AI Research Scientist,DRDO,AI/ML,Python; Transformers; Machine Learning; NLP; Deep Learning,8,2015,Unavailable,Yes,3.9,"Alumnus/alumna of NIT Durgapur with 8 years of experience in AI/ML. Currently working as AI Research Scientist at DRDO. Key skills include Python, Transformers, Machine Learning, NLP. Interested in mentoring students pursuing careers in AI/ML.",NIT Durgapur → Technology Analyst → AI Research Scientist @ DRDO
1290,Nisha Patel,5,NIT Durgapur,Embedded/Robotics Engineer,Bosch,Embedded Systems & Robotics,C++; RTOS; C; Embedded C; ROS; Microcontrollers,13,2010,Available,Yes,4.4,"Alumnus/alumna of NIT Durgapur with 13 years of experience in Embedded Systems & Robotics. Currently working as Embedded/Robotics Engineer at Bosch. Key skills include C++, RTOS, C, Embedded C. Interested in mentoring students pursuing careers in Embedded Systems & Robotics.",NIT Durgapur → Systems Engineer → Embedded/Robotics Engineer @ Bosch
1291,Moumita Roy,5,NIT Durgapur,Cloud/DevOps Engineer,IBM,Cloud & DevOps,Kubernetes; Linux; Terraform; AWS; Docker,11,2012,Available,Yes,4.0,"Alumnus/alumna of NIT Durgapur with 11 years of experience in Cloud & DevOps. Currently working as Cloud/DevOps Engineer at IBM. Key skills include Kubernetes, Linux, Terraform, AWS. Interested in mentoring students pursuing careers in Cloud & DevOps.",NIT Durgapur → Junior Developer → Cloud/DevOps Engineer @ IBM
1292,Anirban Pal,5,NIT Durgapur,Cybersecurity Analyst,Deloitte,Cybersecurity,Incident Response; Network Security; Cloud Security; SIEM; Linux; Python,8,2017,Available,Yes,4.9,"Alumnus/alumna of NIT Durgapur with 8 years of experience in Cybersecurity. Currently working as Cybersecurity Analyst at Deloitte. Key skills include Incident Response, Network Security, Cloud Security, SIEM. Interested in mentoring students pursuing careers in Cybersecurity.",NIT Durgapur → Technology Analyst → Cybersecurity Analyst @ Deloitte
1293,Tanmoy Patel,5,NIT Durgapur,Cybersecurity Analyst,Deloitte,Cybersecurity,Linux; Incident Response; Python; Network Security; Cloud Security; SIEM,9,2015,Limited,Yes,4.0,"Alumnus/alumna of NIT Durgapur with 9 years of experience in Cybersecurity. Currently working as Cybersecurity Analyst at Deloitte. Key skills include Linux, Incident Response, Python, Network Security. Interested in mentoring students pursuing careers in Cybersecurity.",NIT Durgapur → Junior Developer → Cybersecurity Analyst @ Deloitte
1294,Aditya Roy,5,NIT Durgapur,Cybersecurity Analyst,DRDO,Cybersecurity,Cloud Security; Linux; Network Security; Incident Response; Python; SIEM,11,2015,Available,Yes,4.8,"Alumnus/alumna of NIT Durgapur with 11 years of experience in Cybersecurity. Currently working as Cybersecurity Analyst at DRDO. Key skills include Cloud Security, Linux, Network Security, Incident Response. Interested in mentoring students pursuing careers in Cybersecurity.",NIT Durgapur → Research Assistant → Cybersecurity Analyst @ DRDO
1295,Rohan Sharma,5,NIT Durgapur,Cloud/DevOps Engineer,Accenture,Cloud & DevOps,Kubernetes; Linux; Azure; Terraform; Docker,10,2013,Available,Yes,4.0,"Alumnus/alumna of NIT Durgapur with 10 years of experience in Cloud & DevOps. Currently working as Cloud/DevOps Engineer at Accenture. Key skills include Kubernetes, Linux, Azure, Terraform. Interested in mentoring students pursuing careers in Cloud & DevOps.",NIT Durgapur → Technology Analyst → Cloud/DevOps Engineer @ Accenture
1296,Tanmoy Mukherjee,5,NIT Durgapur,Cybersecurity Analyst,Deloitte,Cybersecurity,Cloud Security; Python; Network Security; Linux,15,2009,Available,Yes,4.4,"Alumnus/alumna of NIT Durgapur with 15 years of experience in Cybersecurity. Currently working as Cybersecurity Analyst at Deloitte. Key skills include Cloud Security, Python, Network Security, Linux. Interested in mentoring students pursuing careers in Cybersecurity.",NIT Durgapur → Software Engineer → Cybersecurity Analyst @ Deloitte
1297,Arjun Chatterjee,5,NIT Durgapur,Data Scientist,Deloitte,Data Science,Machine Learning; Statistics; Tableau; SQL,2,2022,Available,Yes,4.9,"Alumnus/alumna of NIT Durgapur with 2 years of experience in Data Science. Currently working as Data Scientist at Deloitte. Key skills include Machine Learning, Statistics, Tableau, SQL. Interested in mentoring students pursuing careers in Data Science.",NIT Durgapur → Software Engineer → Data Scientist @ Deloitte
1298,Rahul Mitra,5,NIT Durgapur,Software Engineer,Google,Software Engineering,C++; Algorithms; Python; System Design; Data Structures,3,2022,Available,Yes,4.8,"Alumnus/alumna of NIT Durgapur with 3 years of experience in Software Engineering. Currently working as Software Engineer at Google. Key skills include C++, Algorithms, Python, System Design. Interested in mentoring students pursuing careers in Software Engineering.",NIT Durgapur → Systems Engineer → Software Engineer @ Google
1299,Kunal Bhattacharya,5,NIT Durgapur,Machine Learning Engineer,Google,AI/ML,Machine Learning; MLOps; Python; TensorFlow,14,2010,Limited,Yes,4.9,"Alumnus/alumna of NIT Durgapur with 14 years of experience in AI/ML. Currently working as Machine Learning Engineer at Google. Key skills include Machine Learning, MLOps, Python, TensorFlow. Interested in mentoring students pursuing careers in AI/ML.",NIT Durgapur → Research Assistant → Machine Learning Engineer @ Google
1300,Priya Bose,5,NIT Durgapur,AI Research Scientist,DRDO,AI/ML,Machine Learning; Deep Learning; Transformers; NLP; PyTorch,1,2023,Limited,Yes,4.4,"Alumnus/alumna of NIT Durgapur with 1 years of experience in AI/ML. Currently working as AI Research Scientist at DRDO. Key skills include Machine Learning, Deep Learning, Transformers, NLP. Interested in mentoring students pursuing careers in AI/ML.",NIT Durgapur → Data Analyst → AI Research Scientist @ DRDO
